timestamp,timestamp_sample,control[0],control[1],control[2],control[3],control[4],control[5],control[6],control[7]
217310177,0,0.0,-0.0,0.0,-0.0,0.0,-1.0,0.0,0.0
217517732,0,0.0,-0.0,0.0,-0.0,0.0,-1.0,0.0,0.0
217787722,0,0.0,-0.0,0.0,-0.0,0.0,-1.0,0.0,0.0
217892772,0,0.0,-0.0,0.0,-0.0,0.0,-1.0,0.0,0.0
217915298,0,0.0,-0.0,0.0,-0.0,0.0,-1.0,0.0,0.0
217997737,0,0.0,-0.0,0.0,-0.0,0.0,0.0,0.0,0.0
218060328,0,0.0,-0.0,0.0,-0.0,0.0,0.0,0.0,0.0
218165277,0,0.0,-0.0,0.0,-0.0,0.0,0.0,0.0,0.0
218207757,0,0.0,-0.0,0.0,-0.0,0.0,0.0,0.0,0.0
218330563,0,0.0,-0.0,0.0,-0.0,0.0,0.0,0.0,0.0
218650344,0,0.0,-0.0,0.0,-0.0,0.0,0.0,0.0,0.0
218960317,0,0.0,-0.0,0.0,-0.0,0.0,0.0,0.0,0.0
219270346,0,0.0,-0.0,0.0,-0.0,0.0,0.0,0.0,0.0
219582861,0,0.0,-0.0,0.0,-0.0,0.0,0.0,0.0,0.0
219895420,0,0.0,-0.0,0.0,-0.0,0.0,0.0,0.0,0.0
220207933,0,0.0,-0.0,0.0,-0.0,0.0,0.0,0.0,0.0
220522961,0,0.0,-0.0,0.0,-0.0,0.0,0.0,0.0,0.0
220585508,0,0.0,-0.0,0.0,-0.0,0.0,0.0,0.0,0.0
220667999,0,0.0,-0.0,0.0,-0.0,0.0,0.0,0.0,0.0
220982989,0,0.0,-0.0,0.0,-0.0,0.0,0.0,0.0,0.0
221300520,0,0.0,-0.0,0.0,-0.0,0.0,0.0,0.0,0.0
221610553,0,0.0,-0.0,0.0,-0.0,0.0,0.0,0.0,0.0
221925605,0,0.0,-0.0,0.0,-0.0,0.0,0.0,0.0,0.0
222238094,0,0.0,-0.0,0.0,-0.0,0.0,0.0,0.0,0.0
222538116,0,0.0,-0.0,0.0,-0.0,0.0,0.0,0.0,0.0
222848157,0,0.0,-0.0,0.0,-0.0,0.0,0.0,0.0,0.0
223163166,0,0.0,-0.0,0.0,-0.0,0.0,0.0,0.0,0.0
223482610,0,0.0,-0.0,0.0,-0.0,0.0,0.0,0.0,0.0
223790733,0,0.0,-0.0,0.0,-0.0,0.0,0.0,0.0,0.0
224095740,0,0.0,-0.0,0.0,-0.0,0.0,0.0,0.0,0.0
224265788,0,0.0,-0.0,0.0,-0.0,0.0,0.0,0.0,0.0
224288298,0,0.0,-0.0,0.0,-0.0,0.0,0.0,0.0,0.0
224353261,0,0.0,-0.0,0.0,-0.0,0.0,0.0,0.0,0.0
224668376,0,0.0,-0.0,0.0,-0.0,0.0,0.0,0.0,0.0
224970829,0,0.0,-0.0,0.0,-0.0,0.0,0.0,0.0,0.0
225280857,0,0.0,-0.0,0.0,-0.0,0.0,0.0,0.0,0.0
225590920,0,0.0,-0.0,0.0,-0.0,0.0,0.0,0.0,0.0
225905915,0,0.0,-0.0,0.0,-0.0,0.0,0.0,0.0,0.0
226113559,0,0.0,-0.0,0.0,-0.0,0.0,0.0,0.0,0.0
226158421,0,0.0,-0.0,0.0,-0.0,0.0,0.0,0.0,0.0
226200922,0,0.0,-0.0,0.0,-0.0,0.0,0.0,0.0,0.0
226511101,0,0.0,-0.0,0.0,-0.0,0.0,0.0,0.0,0.0
226808482,0,0.0,-0.0,0.0,-0.0,0.0,0.0,0.0,0.0
226828473,0,0.0,-0.0,0.0,-0.0,0.0,0.0,0.0,0.0
227080995,0,0.0,-0.0,0.0,-0.0,0.0,0.0,0.0,0.0
227101009,0,0.0,-0.0,0.0,-0.0,0.0,0.0,0.0,0.0
227226011,0,0.0,-0.0,0.0,-0.0,0.0,0.0,0.0,0.0
227291019,0,0.0,-0.0,0.0,-0.0,0.0,0.0,0.0,0.0
227603544,0,0.0,-0.0,0.0,-0.0,0.0,0.0,0.0,0.0
227911078,0,0.0,-0.0,0.0,-0.0,0.0,0.0,0.0,0.0
228146108,0,0.0,-0.0,0.0,-0.0,0.0,0.0,0.0,0.0
228208642,0,0.0,-0.0,0.0,-0.0,0.0,0.0,0.0,0.0
228523729,0,0.0,-0.0,0.0,-0.0,0.0,0.0,0.0,0.0
228836166,0,0.0,-0.0,0.0,-0.0,0.0,0.0,0.0,0.0
229148773,0,0.0,-0.0,0.0,-0.0,0.0,0.0,0.0,0.0
229466218,0,0.0,-0.0,0.0,-0.0,0.0,0.0,0.0,0.0
229771262,0,0.0,-0.0,0.0,-0.0,0.0,0.0,0.0,0.0
230083805,0,0.0,-0.0,0.0,-0.0,0.0,0.0,0.0,0.0
230396358,0,0.0,-0.0,0.0,-0.0,0.0,0.0,0.0,0.0
230713812,0,0.0,-0.0,0.0,-0.0,0.0,0.0,0.0,0.0
231028836,0,0.0,-0.0,0.0,-0.0,0.0,0.0,0.0,0.0
231343887,0,0.0,-0.0,0.0,-0.0,0.0,0.0,0.0,0.0
231658893,0,0.0,-0.0,0.0,-0.0,0.0,0.0,0.0,0.0
231976501,0,0.0,-0.0,0.0,-0.0,0.0,0.0,0.0,0.0
232293974,0,0.0,-0.0,0.0,-0.0,0.0,0.0,0.0,0.0
232601484,0,0.0,-0.0,0.0,-0.0,0.0,0.0,0.0,0.0
232683989,0,0.0,-0.0,0.0,-0.0,0.0,0.0,0.0,0.0
232704029,0,0.0,-0.0,0.0,-0.0,0.0,0.0,0.0,0.0
233016522,0,0.0,-0.0,0.0,-0.0,0.0,0.0,0.0,0.0
233246542,0,0.0,-0.0,0.0,-0.0,0.0,0.0,0.0,0.0
233269091,0,0.0,-0.0,0.0,-0.0,0.0,0.0,0.0,0.0
233581574,0,0.0,-0.0,0.0,-0.0,0.0,0.0,0.0,0.0
233901622,0,0.0,-0.0,0.0,-0.0,0.0,0.0,0.0,0.0
234116773,0,0.0,-0.0,0.0,-0.0,0.0,0.0,0.0,0.0
234136624,0,0.0,-0.0,0.0,-0.0,0.0,0.0,0.0,0.0
234451699,0,0.0,-0.0,0.0,-0.0,0.0,0.0,0.0,0.0
234641663,0,0.0,-0.0,0.0,-0.0,0.0,0.0,0.0,0.0
234661670,0,0.0,-0.0,0.0,-0.0,0.0,0.0,0.0,0.0
234976697,0,0.0,-0.0,0.0,-0.0,0.0,0.0,0.0,0.0
235296728,0,0.0,-0.0,0.0,-0.0,0.0,0.0,0.0,0.0
235614315,0,0.0,-0.0,0.0,-0.0,0.0,0.0,0.0,0.0
235919293,0,0.0,-0.0,0.0,-0.0,0.0,0.0,0.0,0.0
236234312,0,0.0,-0.0,0.0,-0.0,0.0,0.0,0.0,0.0
236549341,0,0.0,-0.0,0.0,-0.0,0.0,0.0,0.0,0.0
236864382,0,0.0,-0.0,0.0,-0.0,0.0,0.0,0.0,0.0
237176891,0,0.0,-0.0,0.0,-0.0,0.0,0.0,0.0,0.0
237239453,0,0.0,-0.0,0.0,-0.0,0.0,0.0,0.0,0.0
237489424,0,0.0,-0.0,0.0,-0.0,0.0,0.0,0.0,0.0
237672000,0,0.0,-0.0,0.0,-0.0,0.0,0.0,0.0,0.0
237984473,0,0.0,-0.0,0.0,-0.0,0.0,0.0,0.0,0.0
238299487,0,0.0,-0.0,0.0,-0.0,0.0,0.0,0.0,0.0
238614656,0,0.0,-0.0,0.0,-0.0,0.0,0.0,0.0,0.0
238932081,0,0.0,-0.0,0.0,-0.0,0.0,0.0,0.0,0.0
239244588,0,0.0,-0.0,0.0,-0.0,0.0,0.0,0.0,0.0
239557105,0,0.0,-0.0,0.0,-0.0,0.0,0.0,0.0,0.0
239872264,0,0.0,-0.0,0.0,-0.0,0.0,0.0,0.0,0.0
240187171,0,0.0,-0.0,0.0,-0.0,0.0,0.0,0.0,0.0
240504706,0,0.0,-0.0,0.0,-0.0,0.0,0.0,0.0,0.0
240824198,0,0.0,-0.0,0.0,-0.0,0.0,0.0,0.0,0.0
241129777,0,0.0,-0.0,0.0,-0.0,0.0,0.0,0.0,0.0
241444959,0,0.0,-0.0,0.0,-0.0,0.0,0.0,0.0,0.0
241754878,0,0.0,-0.0,0.0,-0.0,0.0,0.0,0.0,0.0
242067559,0,0.0,-0.0,0.0,-0.0,0.0,0.0,0.0,0.0
242377386,0,0.0,-0.0,0.0,-0.0,0.0,0.0,0.0,0.0
242694913,0,0.0,-0.0,0.0,-0.0,0.0,0.0,0.0,0.0
243009921,0,0.0,-0.0,0.0,-0.0,0.0,0.0,0.0,0.0
243309973,0,0.0,-0.0,0.0,-0.0,0.0,0.0,0.0,0.0
243624979,0,0.0,-0.0,0.0,-0.0,0.0,0.0,0.0,0.0
243940028,0,0.0,-0.0,0.0,-0.0,0.0,0.0,0.0,0.0
244260239,0,0.0,-0.0,0.0,-0.0,0.0,0.0,0.0,0.0
244567576,0,0.0,-0.0,0.0,-0.0,0.0,0.0,0.0,0.0
244877603,0,0.0,-0.0,0.0,-0.0,0.0,0.0,0.0,0.0
245190155,0,0.0,-0.0,0.0,-0.0,0.0,0.0,0.0,0.0
245500161,0,0.0,-0.0,0.0,-0.0,0.0,0.0,0.0,0.0
245817691,0,0.0,-0.0,0.0,-0.0,0.0,0.0,0.0,0.0
246125257,0,0.0,-0.0,0.0,-0.0,0.0,0.0,0.0,0.0
246427744,0,0.0,-0.0,0.0,-0.0,0.0,0.0,0.0,0.0
246745332,0,0.0,-0.0,0.0,-0.0,0.0,0.0,0.0,0.0
247060371,0,0.0,-0.0,0.0,-0.0,0.0,0.0,0.0,0.0
247372846,0,0.0,-0.0,0.0,-0.0,0.0,0.0,0.0,0.0
247672869,0,0.0,-0.0,0.0,-0.0,0.0,0.0,0.0,0.0
247980386,0,0.0,-0.0,0.0,-0.0,0.0,0.0,0.0,0.0
248297954,0,0.0,-0.0,0.0,-0.0,0.0,0.0,0.0,0.0
248608126,0,0.0,-0.0,0.0,-0.0,0.0,0.0,0.0,0.0
248922981,0,0.0,-0.0,0.0,-0.0,0.0,0.0,0.0,0.0
249238018,0,0.0,-0.0,0.0,-0.0,0.0,0.0,0.0,0.0
249555554,0,0.0,-0.0,0.0,-0.0,0.0,0.0,0.0,0.0
249863072,0,0.0,-0.0,0.0,-0.0,0.0,0.0,0.0,0.0
250170598,0,0.0,-0.0,0.0,-0.0,0.0,0.0,0.0,0.0
250483336,0,0.0,-0.0,0.0,-0.0,0.0,0.0,0.0,0.0
250798158,0,0.0,-0.0,0.0,-0.0,0.0,0.0,0.0,0.0
251113200,0,0.0,-0.0,0.0,-0.0,0.0,0.0,0.0,0.0
251430746,0,0.0,-0.0,0.0,-0.0,0.0,0.0,0.0,0.0
251750747,0,0.0,-0.0,0.0,-0.0,0.0,0.0,0.0,0.0
252052741,0,0.0,-0.0,0.0,-0.0,0.0,0.0,0.0,0.0
252358362,0,0.0,-0.0,0.0,-0.0,0.0,0.0,0.0,0.0
252673335,0,0.0,-0.0,0.0,-0.0,0.0,0.0,0.0,0.0
252980866,0,0.0,-0.0,0.0,-0.0,0.0,0.0,0.0,0.0
253300889,0,0.0,-0.0,0.0,-0.0,0.0,0.0,0.0,0.0
253615942,0,0.0,-0.0,0.0,-0.0,0.0,0.0,0.0,0.0
253925969,0,0.0,-0.0,0.0,-0.0,0.0,0.0,0.0,0.0
254243520,0,0.0,-0.0,0.0,-0.0,0.0,0.0,0.0,0.0
254563519,0,0.0,-0.0,0.0,-0.0,0.0,0.0,0.0,0.0
254878575,0,0.0,-0.0,0.0,-0.0,0.0,0.0,0.0,0.0
255186214,0,0.0,-0.0,0.0,-0.0,0.0,0.0,0.0,0.0
255501436,0,0.0,-0.0,0.0,-0.0,0.0,0.0,0.0,0.0
255813634,0,0.0,-0.0,0.0,-0.0,0.0,0.0,0.0,0.0
256130567,0,0.0,-0.0,0.0,-0.0,0.0,0.0,0.0,0.0
256443859,0,0.0,-0.0,0.0,-0.0,0.0,0.0,0.0,0.0
256761244,0,0.0,-0.0,0.0,-0.0,0.0,0.0,0.0,0.0
257071271,0,0.0,-0.0,0.0,-0.0,0.0,0.0,0.0,0.0
257386281,0,0.0,-0.0,0.0,-0.0,0.0,0.0,0.0,0.0
257701322,0,0.0,-0.0,0.0,-0.0,0.0,0.0,0.0,0.0
258013947,0,0.0,-0.0,0.0,-0.0,0.0,0.0,0.0,0.0
258326564,0,0.0,-0.0,0.0,-0.0,0.0,0.0,0.0,0.0
258643921,0,0.0,-0.0,0.0,-0.0,0.0,0.0,0.0,0.0
258951589,0,0.0,-0.0,0.0,-0.0,0.0,0.0,0.0,0.0
259266494,0,0.0,-0.0,0.0,-0.0,0.0,0.0,0.0,0.0
259479003,0,0.0,-0.0,0.0,-0.0,0.0,0.0,0.0,0.0
259521770,0,0.0,-0.0,0.0,-0.0,0.0,0.0,0.0,0.0
259706533,0,0.0,-0.0,0.0,-0.0,0.0,0.0,0.0,0.0
259726506,0,0.0,-0.0,0.0,-0.0,0.0,0.0,0.0,0.0
259791539,0,0.0,-0.0,0.0,-0.0,0.0,0.0,0.0,0.0
259814018,0,0.0,-0.0,0.0,-0.0,0.0,0.0,0.0,0.0
260129064,0,0.0,-0.0,0.0,-0.0,0.0,0.0,0.0,0.0
260274109,0,0.0,-0.0,0.0,-0.0,0.0,0.0,0.0,0.0
260591593,0,0.0,-0.0,0.0,-0.0,0.0,0.0,0.0,0.0
260894142,0,0.0,-0.0,0.0,-0.0,0.0,0.0,0.0,0.0
261213423,0,0.0,-0.0,0.0,-0.0,0.0,0.0,0.0,0.0
261499232,0,0.0,-0.0,0.0,-0.0,0.0,0.0,0.0,0.0
261621761,0,0.0,-0.0,0.0,-0.0,0.0,0.0,0.0,0.0
261941865,0,0.0,-0.0,0.0,-0.0,0.0,0.0,0.0,0.0
262251793,0,0.0,-0.0,0.0,-0.0,0.0,0.0,0.0,0.0
262564311,0,0.0,-0.0,0.0,-0.0,0.0,0.0,0.0,0.0
262872107,0,0.0,-0.0,0.0,-0.0,0.0,0.0,0.0,0.0
262914372,0,0.0,-0.0,0.0,-0.0,0.0,0.0,0.0,0.0
262956842,0,0.0,-0.0,0.0,-0.0,0.0,0.0,0.0,0.0
263271872,0,0.0,-0.0,0.0,-0.0,0.0,0.0,0.0,0.0
263441894,0,0.0,-0.0,0.0,-0.0,0.0,0.0,0.0,0.0
263484437,0,0.0,-0.0,0.0,-0.0,0.0,0.0,0.0,0.0
263674409,0,0.0,-0.0,0.0,-0.0,0.0,0.0,0.0,0.0
263719416,0,0.0,-0.0,0.0,-0.0,0.0,0.0,0.0,0.0
263824437,0,0.0,-0.0,0.0,-0.0,0.0,0.0,0.0,0.0
263909424,0,0.0,-0.0,0.0,-0.0,0.0,0.0,0.0,0.0
264221963,0,0.0,-0.0,0.0,-0.0,0.0,0.0,0.0,0.0
264537066,0,0.0,-0.0,0.0,-0.0,0.0,0.0,0.0,0.0
264839523,0,0.0,-0.0,0.0,-0.0,0.0,0.0,0.0,0.0
265147074,0,0.0,-0.0,0.0,-0.0,0.0,0.0,0.0,0.0
265454569,0,0.0,-0.0,0.0,-0.0,0.0,0.0,0.0,0.0
265562098,0,0.0,-0.0,0.0,-0.0,0.0,0.0,0.0,0.0
265602106,0,0.0,-0.0,0.0,-0.0,0.0,0.0,0.0,0.0
265662107,0,0.0,-0.0,0.0,-0.0,0.0,0.0,0.0,0.0
265764692,0,0.0,-0.0,0.0,-0.0,0.0,0.0,0.0,0.0
265847103,0,0.0,-0.0,0.0,-0.0,0.0,0.0,0.0,0.0
266162200,0,0.0,-0.0,0.0,-0.0,0.0,0.0,0.0,0.0
266472233,0,0.0,-0.0,0.0,-0.0,0.0,0.0,0.0,0.0
266579774,0,0.0,-0.0,0.0,-0.0,0.0,0.0,0.0,0.0
266889739,0,0.0,-0.0,0.0,-0.0,0.0,0.0,0.0,0.0
267099820,0,0.0,-0.0,0.0,-0.0,0.0,0.0,0.0,0.0
267122252,0,0.0,-0.0,0.0,-0.0,0.0,0.0,0.0,0.0
267429767,0,0.0,-0.0,0.0,-0.0,0.0,0.0,0.0,0.0
267747297,0,0.0,-0.0,0.0,-0.0,0.0,0.0,0.0,0.0
267929833,0,0.0,-0.0,0.0,-0.0,0.0,0.0,0.0,0.0
268097481,0,0.0,-0.0,0.0,-0.0,0.0,0.0,0.0,0.0
268414963,0,0.0,-0.0,0.0,-0.0,0.0,0.0,0.0,0.0
268729898,0,0.0,-0.0,0.0,-0.0,0.0,0.0,0.0,0.0
268797406,0,0.0,-0.0,0.0,-0.0,0.0,0.0,0.0,0.0
268822413,0,0.0,-0.0,0.0,-0.0,0.0,0.0,0.0,0.0
269137424,0,0.0,-0.0,0.0,-0.0,0.0,0.0,0.0,0.0
269302627,0,0.0,-0.0,0.0,-0.0,0.0,0.0,0.0,0.0
269354454,0,0.0,-0.0,0.0,-0.0,0.0,0.0,0.0,0.0
269497464,0,0.0,-0.0,0.0,-0.0,0.0,0.0,0.0,0.0
269517461,0,0.0,-0.0,0.0,-0.0,0.0,0.0,0.0,0.0
269822513,0,0.0,-0.0,0.0,-0.0,0.0,0.0,0.0,0.0
269892516,0,0.0,-0.0,0.0,-0.0,0.0,0.0,0.0,0.0
269937505,0,0.0,-0.0,0.0,-0.0,0.0,0.0,0.0,0.0
270002535,0,0.0,-0.0,0.0,-0.0,0.0,0.0,0.0,0.0
270152674,0,0.0,-0.0,0.0,-0.0,0.0,0.0,0.0,0.0
270307695,0,0.0,-0.0,0.0,-0.0,0.0,0.0,0.0,0.0
270364479,0,0.0,-0.0,0.0,-0.0,0.0,0.0,0.0,0.0
270507761,0,0.0,-0.0,0.0,-0.0,0.0,0.0,0.0,0.0
270592639,0,0.0,-0.0,0.0,-0.0,0.0,0.0,0.0,0.0
270912745,0,0.0,-0.0,0.0,-0.0,0.0,0.0,0.0,0.0
271232656,0,0.0,-0.0,0.0,-0.0,0.0,0.0,0.0,0.0
271547661,0,0.0,-0.0,0.0,-0.0,0.0,0.0,0.0,0.0
271632699,0,0.0,-0.0,0.0,-0.0,0.0,0.0,0.0,0.0
271652693,0,0.0,-0.0,0.0,-0.0,0.0,0.0,0.0,0.0
271692704,0,0.0,-0.0,0.0,-0.0,0.0,0.0,0.0,0.0
271847694,0,0.0,-0.0,0.0,-0.0,0.0,0.0,0.0,0.0
271927887,0,0.0,-0.0,0.0,-0.0,0.0,0.0,0.0,0.0
271972820,0,0.0,-0.0,0.0,-0.0,0.0,0.0,0.0,0.0
272112751,0,0.0,-0.0,0.0,-0.0,0.0,0.0,0.0,0.0
272317903,0,0.0,-0.0,0.0,-0.0,0.0,0.0,0.0,0.0
272367743,0,0.0,-0.0,0.0,-0.0,0.0,0.0,0.0,0.0
272652771,0,0.0,-0.0,0.0,-0.0,0.0,0.0,0.0,0.0
272672775,0,0.0,-0.0,0.0,-0.0,0.0,0.0,0.0,0.0
272927907,0,0.0,-0.0,0.0,-0.0,0.0,0.0,0.0,0.0
272952802,0,0.0,-0.0,0.0,-0.0,0.0,0.0,0.0,0.0
273257967,0,0.0,-0.0,0.0,-0.0,0.0,0.0,0.0,0.0
273567910,0,0.0,-0.0,0.0,-0.0,0.0,0.0,0.0,0.0
273627892,0,0.0,-0.0,0.0,-0.0,0.0,0.0,0.0,0.0
273672877,0,0.0,-0.0,0.0,-0.0,0.0,0.0,0.0,0.0
273912918,0,0.0,-0.0,0.0,-0.0,0.0,0.0,0.0,0.0
273932949,0,0.0,-0.0,0.0,-0.0,0.0,0.0,0.0,0.0
274247985,0,0.0,-0.0,0.0,-0.0,0.0,0.0,0.0,0.0
274562975,0,0.0,-0.0,0.0,-0.0,0.0,0.0,0.0,0.0
274868133,0,0.0,-0.0,0.0,-0.0,0.0,0.0,0.0,0.0
275188443,0,0.0,-0.0,0.0,-0.0,0.0,0.0,0.0,0.0
275513084,0,0.0,-0.0,0.0,-0.0,0.0,0.0,0.0,0.0
275823098,0,0.0,-0.0,0.0,-0.0,0.0,0.0,0.0,0.0
276078133,0,0.0,-0.0,0.0,-0.0,0.0,0.0,0.0,0.0
276223140,0,0.0,-0.0,0.0,-0.0,0.0,0.0,0.0,0.0
276403431,0,0.0,-0.0,0.0,-0.0,0.0,0.0,0.0,0.0
276573170,0,0.0,-0.0,0.0,-0.0,0.0,0.0,0.0,0.0
276858214,0,0.0,-0.0,0.0,-0.0,0.0,0.0,0.0,0.0
276943299,0,0.0,-0.0,0.0,-0.0,0.0,0.0,0.0,0.0
277213556,0,0.0,-0.0,0.0,-0.0,0.0,0.0,0.0,0.0
277273238,0,0.0,-0.0,0.0,-0.0,0.0,0.0,0.0,0.0
277588274,0,0.0,-0.0,0.0,-0.0,0.0,0.0,0.0,0.0
277608530,0,0.0,-0.0,0.0,-0.0,0.0,0.0,0.0,0.0
277818299,0,0.0,-0.0,0.0,-0.0,0.0,0.0,0.0,0.0
277883320,0,0.0,-0.0,0.0,-0.0,0.0,0.0,0.0,0.0
278013495,0,0.0,-0.0,0.0,-0.0,0.0,0.0,0.0,0.0
278033446,0,0.0,-0.0,0.0,-0.0,0.0,0.0,0.0,0.0
278143519,0,0.0,-0.0,0.0,-0.0,0.0,0.0,0.0,0.0
278463355,0,0.0,-0.0,0.0,-0.0,0.0,0.0,0.0,0.0
278763385,0,0.0,-0.0,0.0,-0.0,0.0,0.0,0.0,0.0
279068455,0,0.0,-0.0,0.0,-0.0,0.0,0.0,0.0,0.0
279373480,0,0.0,-0.0,0.0,-0.0,0.0,0.0,0.0,0.0
279398491,0,0.0,-0.0,0.0,-0.0,0.0,0.0,0.0,0.0
279583520,0,0.0,-0.0,0.0,-0.0,0.0,0.0,0.0,0.0
279668584,0,0.0,-0.0,0.0,-0.0,0.0,0.0,0.0,0.0
279988523,0,0.0,-0.0,0.0,-0.0,0.0,0.0,0.0,0.0
280073521,0,0.0,-0.0,0.0,-0.0,0.0,0.0,0.0,0.0
280203529,0,0.0,-0.0,0.0,-0.0,0.0,0.0,0.0,0.0
280318553,0,0.0,-0.0,0.0,-0.0,0.0,0.0,0.0,0.0
280463585,0,0.0,-0.0,0.0,-0.0,0.0,0.0,0.0,0.0
280763710,0,0.0,-0.0,0.0,-0.0,0.0,0.0,0.0,0.0
281078629,0,0.0,-0.0,0.0,-0.0,0.0,0.0,0.0,0.0
281388652,0,0.0,-0.0,0.0,-0.0,0.0,0.0,0.0,0.0
281513658,0,0.0,-0.0,0.0,-0.0,0.0,0.0,0.0,0.0
281573749,0,0.0,-0.0,0.0,-0.0,0.0,0.0,0.0,0.0
281683727,0,0.0,-0.0,0.0,-0.0,0.0,0.0,0.0,0.0
281703679,0,0.0,-0.0,0.0,-0.0,0.0,0.0,0.0,0.0
281988711,0,0.0,-0.0,0.0,-0.0,0.0,0.0,0.0,0.0
282008725,0,0.0,-0.0,0.0,-0.0,0.0,0.0,0.0,0.0
282053918,0,0.0,-0.0,0.0,-0.0,0.0,0.0,0.0,0.0
282218772,0,0.0,-0.0,0.0,-0.0,0.0,0.0,0.0,0.0
282288748,0,0.0,-0.0,0.0,-0.0,0.0,0.0,0.0,0.0
282328842,0,0.0,-0.0,0.0,-0.0,0.0,0.0,0.0,0.0
282443752,0,0.0,-0.0,0.0,-0.0,0.0,0.0,0.0,0.0
282533763,0,0.0,-0.0,0.0,-0.0,0.0,0.0,0.0,0.0
282673764,0,0.0,-0.0,0.0,-0.0,0.0,0.0,0.0,0.0
282993801,0,0.0,-0.0,0.0,-0.0,0.0,0.0,0.0,0.0
283308931,0,0.0,-0.0,0.0,-0.0,0.0,0.0,0.0,0.0
283628971,0,0.0,-0.0,0.0,-0.0,0.0,0.0,0.0,0.0
283943898,0,0.0,-0.0,0.0,-0.0,0.0,0.0,0.0,0.0
284243931,0,0.0,-0.0,0.0,-0.0,0.0,0.0,0.0,0.0
284543963,0,0.0,-0.0,0.0,-0.0,0.0,0.0,0.0,0.0
284859137,0,0.0,-0.0,0.0,-0.0,0.0,0.0,0.0,0.0
284929003,0,0.0,-0.0,0.0,-0.0,0.0,0.0,0.0,0.0
285244214,0,0.0,-0.0,0.0,-0.0,0.0,0.0,0.0,0.0
285414070,0,0.0,-0.0,0.0,-0.0,0.0,0.0,0.0,0.0
285474041,0,0.0,-0.0,0.0,-0.0,0.0,0.0,0.0,0.0
285784183,0,0.0,-0.0,0.0,-0.0,0.0,0.0,0.0,0.0
286094201,0,0.0,-0.0,0.0,-0.0,0.0,0.0,0.0,0.0
286319192,0,0.0,-0.0,0.0,-0.0,0.0,0.0,0.0,0.0
286369143,0,0.0,-0.0,0.0,-0.0,0.0,0.0,0.0,0.0
286389224,0,0.0,-0.0,0.0,-0.0,0.0,0.0,0.0,0.0
286504161,0,0.0,-0.0,0.0,-0.0,0.0,0.0,0.0,0.0
286564149,0,0.0,-0.0,0.0,-0.0,0.0,0.0,0.0,0.0
286874172,0,0.0,-0.0,0.0,-0.0,0.0,0.0,0.0,0.0
287119255,0,0.0,-0.0,0.0,-0.0,0.0,0.0,0.0,0.0
287209260,0,0.0,-0.0,0.0,-0.0,0.0,0.0,0.0,0.0
287359232,0,0.0,-0.0,0.0,-0.0,0.0,0.0,0.0,0.0
287484231,0,0.0,-0.0,0.0,-0.0,0.0,0.0,0.0,0.0
287574230,0,0.0,-0.0,0.0,-0.0,0.0,0.0,0.0,0.0
287824270,0,0.0,-0.0,0.0,-0.0,0.0,0.0,0.0,0.0
288134287,0,0.0,-0.0,0.0,-0.0,0.0,0.0,0.0,0.0
288259315,0,0.0,-0.0,0.0,-0.0,0.0,0.0,0.0,0.0
288279401,0,0.0,-0.0,0.0,-0.0,0.0,0.0,0.0,0.0
288589357,0,0.0,-0.0,0.0,-0.0,0.0,0.0,0.0,0.0
288899380,0,0.0,-0.0,0.0,-0.0,0.0,0.0,0.0,0.0
289009457,0,0.0,-0.0,0.0,-0.0,0.0,0.0,0.0,0.0
289059399,0,0.0,-0.0,0.0,-0.0,0.0,0.0,0.0,0.0
289214407,0,0.0,-0.0,0.0,-0.0,0.0,0.0,0.0,0.0
289234405,0,0.0,-0.0,0.0,-0.0,0.0,0.0,0.0,0.0
289534485,0,0.0,-0.0,0.0,-0.0,0.0,0.0,0.0,0.0
289599565,0,0.0,-0.0,0.0,-0.0,0.0,0.0,0.0,0.0
289644446,0,0.0,-0.0,0.0,-0.0,0.0,0.0,0.0,0.0
289734474,0,0.0,-0.0,0.0,-0.0,0.0,0.0,0.0,0.0
289824497,0,0.0,-0.0,0.0,-0.0,0.0,0.0,0.0,0.0
289914481,0,0.0,-0.0,0.0,-0.0,0.0,0.0,0.0,0.0
289954481,0,0.0,-0.0,0.0,-0.0,0.0,0.0,0.0,0.0
290044517,0,0.0,-0.0,0.0,-0.0,0.0,0.0,0.0,0.0
290139561,0,0.0,-0.0,0.0,-0.0,0.0,0.0,0.0,0.0
290259500,0,0.0,-0.0,0.0,-0.0,0.0,0.0,0.0,0.0
290564520,0,0.0,-0.0,0.0,-0.0,0.0,0.0,0.0,0.0
290769601,0,0.0,-0.0,0.0,-0.0,0.0,0.0,0.0,0.0
290794568,0,0.0,-0.0,0.0,-0.0,0.0,0.0,0.0,0.0
290954594,0,0.0,-0.0,0.0,-0.0,0.0,0.0,0.0,0.0
290979684,0,0.0,-0.0,0.0,-0.0,0.0,0.0,0.0,0.0
291289632,0,0.0,-0.0,0.0,-0.0,0.0,0.0,0.0,0.0
291434597,0,0.0,-0.0,0.0,-0.0,0.0,0.0,0.0,0.0
291454605,0,0.0,-0.0,0.0,-0.0,0.0,0.0,0.0,0.0
291634610,0,0.0,-0.0,0.0,-0.0,0.0,0.0,0.0,0.0
291824648,0,0.0,-0.0,0.0,-0.0,0.0,0.0,0.0,0.0
291939660,0,0.0,-0.0,0.0,-0.0,0.0,0.0,0.0,0.0
291959685,0,0.0,-0.0,0.0,-0.0,0.0,0.0,0.0,0.0
292274705,0,0.0,-0.0,0.0,-0.0,0.0,0.0,0.0,0.0
292334695,0,0.0,-0.0,0.0,-0.0,0.0,0.0,0.0,0.0
292644766,0,0.0,-0.0,0.0,-0.0,0.0,0.0,0.0,0.0
292721956,0,0.0,-0.0,0.0,-0.0,0.0,0.0,0.0,0.0
292779731,0,0.0,-0.0,0.0,-0.0,0.0,0.0,0.0,0.0
292844793,0,0.0,-0.0,0.0,-0.0,0.0,0.0,0.0,0.0
293044778,0,0.0,-0.0,0.0,-0.0,0.0,0.0,0.0,0.0
293114795,0,0.0,-0.0,0.0,-0.0,0.0,0.0,0.0,0.0
293414941,0,0.0,-0.0,0.0,-0.0,0.0,0.0,0.0,0.0
293439800,0,0.0,-0.0,0.0,-0.0,0.0,0.0,0.0,0.0
293504794,0,0.0,-0.0,0.0,-0.0,0.0,0.0,0.0,0.0
293704845,0,0.0,-0.0,0.0,-0.0,0.0,0.0,0.0,0.0
293731718,0,0.0,-0.0,0.0,-0.0,0.0,0.0,0.0,0.0
293939852,0,0.0,-0.0,0.0,-0.0,0.0,0.0,0.0,0.0
293984841,0,0.0,-0.0,0.0,-0.0,0.0,0.0,0.0,0.0
294049853,0,0.0,-0.0,0.0,-0.0,0.0,0.0,0.0,0.0
294139862,0,0.0,-0.0,0.0,-0.0,0.0,0.0,0.0,0.0
294204877,0,0.0,-0.0,0.0,-0.0,0.0,0.0,0.0,0.0
294294873,0,0.0,-0.0,0.0,-0.0,0.0,0.0,0.0,0.0
294604905,0,0.0,-0.0,0.0,-0.0,0.0,0.0,0.0,0.0
294924925,0,0.0,-0.0,0.0,-0.0,0.0,0.0,0.0,0.0
294944928,0,0.0,-0.0,0.0,-0.0,0.0,0.0,0.0,0.0
295009938,0,0.0,-0.0,0.0,-0.0,0.0,0.0,0.0,0.0
295314953,0,0.0,-0.0,0.0,-0.0,0.0,0.0,0.0,0.0
295619998,0,0.0,-0.0,0.0,-0.0,0.0,0.0,0.0,0.0
295744998,0,0.0,-0.0,0.0,-0.0,0.0,0.0,0.0,0.0
296050036,0,0.0,-0.0,0.0,-0.0,0.0,0.0,0.0,0.0
296370093,0,0.0,-0.0,0.0,-0.0,0.0,0.0,0.0,0.0
296410065,0,0.0,-0.0,0.0,-0.0,0.0,0.0,0.0,0.0
296695093,0,0.0,-0.0,0.0,-0.0,0.0,0.0,0.0,0.0
296850131,0,0.0,-0.0,0.0,-0.0,0.0,0.0,0.0,0.0
297095117,0,0.0,-0.0,0.0,-0.0,0.0,0.0,0.0,0.0
297395143,0,0.0,-0.0,0.0,-0.0,0.0,0.0,0.0,0.0
297690184,0,0.0,-0.0,0.0,-0.0,0.0,0.0,0.0,0.0
297755238,0,0.0,-0.0,0.0,-0.0,0.0,0.0,0.0,0.0
297780203,0,0.0,-0.0,0.0,-0.0,0.0,0.0,0.0,0.0
298080233,0,0.0,-0.0,0.0,-0.0,0.0,0.0,0.0,0.0
298230250,0,0.0,-0.0,0.0,-0.0,0.0,0.0,0.0,0.0
298525265,0,0.0,-0.0,0.0,-0.0,0.0,0.0,0.0,0.0
298827253,0,0.0,-0.0,0.0,-0.0,0.0,0.0,0.0,0.0
298950290,0,0.0,-0.0,0.0,-0.0,0.0,0.0,0.0,0.0
299010301,0,0.0,-0.0,0.0,-0.0,0.0,0.0,0.0,0.0
299180330,0,0.0,-0.0,0.0,-0.0,0.0,0.0,0.0,0.0
299355317,0,0.0,-0.0,0.0,-0.0,0.0,0.0,0.0,0.0
299380339,0,0.0,-0.0,0.0,-0.0,0.0,0.0,0.0,0.0
299495328,0,0.0,-0.0,0.0,-0.0,0.0,0.0,0.0,0.0
299790366,0,0.0,-0.0,0.0,-0.0,0.0,0.0,0.0,0.0
299810371,0,0.0,-0.0,0.0,-0.0,0.0,0.0,0.0,0.0
300120585,0,0.0,-0.0,0.0,-0.0,0.0,0.0,0.0,0.0
300435420,0,0.0,-0.0,0.0,-0.0,0.0,0.0,0.0,0.0
300520469,0,0.0,-0.0,0.0,-0.0,0.0,0.0,0.0,0.0
300605483,0,0.0,-0.0,0.0,-0.0,0.0,0.0,0.0,0.0
300700510,0,0.0,-0.0,0.0,-0.0,0.0,0.0,0.0,0.0
300825454,0,0.0,-0.0,0.0,-0.0,0.0,0.0,0.0,0.0
300915455,0,0.0,-0.0,0.0,-0.0,0.0,0.0,0.0,0.0
301000483,0,0.0,-0.0,0.0,-0.0,0.0,0.0,0.0,0.0
301195480,0,0.0,-0.0,0.0,-0.0,0.0,0.0,0.0,0.0
301260524,0,0.0,-0.0,0.0,-0.0,0.0,0.0,0.0,0.0
301455620,0,0.0,-0.0,0.0,-0.0,0.0,0.0,0.0,0.0
301525521,0,0.0,-0.0,0.0,-0.0,0.0,0.0,0.0,0.0
301825539,0,0.0,-0.0,0.0,-0.0,0.0,0.0,0.0,0.0
302130598,0,0.0,-0.0,0.0,-0.0,0.0,0.0,0.0,0.0
302445684,0,0.0,-0.0,0.0,-0.0,0.0,0.0,0.0,0.0
302690634,0,0.0,-0.0,0.0,-0.0,0.0,0.0,0.0,0.0
302845634,0,0.0,-0.0,0.0,-0.0,0.0,0.0,0.0,0.0
303155647,0,0.0,-0.0,0.0,-0.0,0.0,0.0,0.0,0.0
303460864,0,0.0,-0.0,0.0,-0.0,0.0,0.0,0.0,0.0
303785716,0,0.0,-0.0,0.0,-0.0,0.0,0.0,0.0,0.0
304090756,0,0.0,-0.0,0.0,-0.0,0.0,0.0,0.0,0.0
304395753,0,0.0,-0.0,0.0,-0.0,0.0,0.0,0.0,0.0
304700836,0,0.0,-0.0,0.0,-0.0,0.0,0.0,0.0,0.0
305020887,0,0.0,-0.0,0.0,-0.0,0.0,0.0,0.0,0.0
305326238,0,0.0,-0.0,0.0,-0.0,0.0,0.0,0.0,0.0
305640887,0,0.0,-0.0,0.0,-0.0,0.0,0.0,0.0,0.0
305955887,0,0.0,-0.0,0.0,-0.0,0.0,0.0,0.0,0.0
306255968,0,0.0,-0.0,0.0,-0.0,0.0,0.0,0.0,0.0
306576025,0,0.0,-0.0,0.0,-0.0,0.0,0.0,0.0,0.0
306876119,0,0.0,-0.0,0.0,-0.0,0.0,0.0,0.0,0.0
307181031,0,0.0,-0.0,0.0,-0.0,0.0,0.0,0.0,0.0
307486205,0,0.0,-0.0,0.0,-0.0,0.0,0.0,0.0,0.0
307801100,0,0.0,-0.0,0.0,-0.0,0.0,0.0,0.0,0.0
308106073,0,0.0,-0.0,0.0,-0.0,0.0,0.0,0.0,0.0
308291154,0,0.0,-0.0,0.0,-0.0,0.0,0.0,0.0,0.0
308316083,0,0.0,-0.0,0.0,-0.0,0.0,0.0,0.0,0.0
308616130,0,0.0,-0.0,0.0,-0.0,0.0,0.0,0.0,0.0
308921154,0,0.0,-0.0,0.0,-0.0,0.0,0.0,0.0,0.0
309201177,0,0.0,-0.0,0.0,-0.0,0.0,0.0,0.0,0.0
309221265,0,0.0,-0.0,0.0,-0.0,0.0,0.0,0.0,0.0
309531239,0,0.0,-0.0,0.0,-0.0,0.0,0.0,0.0,0.0
309836247,0,0.0,-0.0,0.0,-0.0,0.0,0.0,0.0,0.0
310141252,0,0.0,-0.0,0.0,-0.0,0.0,0.0,0.0,0.0
310441283,0,0.0,-0.0,0.0,-0.0,0.0,0.0,0.0,0.0
310741306,0,0.0,-0.0,0.0,-0.0,0.0,0.0,0.0,0.0
311046327,0,0.0,-0.0,0.0,-0.0,0.0,0.0,0.0,0.0
311351833,0,0.0,-0.0,0.0,-0.0,0.0,0.0,0.0,0.0
311671401,0,0.0,-0.0,0.0,-0.0,0.0,0.0,0.0,0.0
311981413,0,0.0,-0.0,0.0,-0.0,0.0,0.0,0.0,0.0
312286569,0,0.0,-0.0,0.0,-0.0,0.0,0.0,0.0,0.0
312596482,0,0.0,-0.0,0.0,-0.0,0.0,0.0,0.0,0.0
312906599,0,0.0,-0.0,0.0,-0.0,0.0,0.0,0.0,0.0
313226499,0,0.0,-0.0,0.0,-0.0,0.0,0.0,0.0,0.0
313531551,0,0.0,-0.0,0.0,-0.0,0.0,0.0,0.0,0.0
313836550,0,0.0,-0.0,0.0,-0.0,0.0,0.0,0.0,0.0
314146630,0,0.0,-0.0,0.0,-0.0,0.0,0.0,0.0,0.0
314446632,0,0.0,-0.0,0.0,-0.0,0.0,0.0,0.0,0.0
314756631,0,0.0,-0.0,0.0,-0.0,0.0,0.0,0.0,0.0
315056647,0,0.0,-0.0,0.0,-0.0,0.0,0.0,0.0,0.0
315361687,0,0.0,-0.0,0.0,-0.0,0.0,0.0,0.0,0.0
315671717,0,0.0,-0.0,0.0,-0.0,0.0,0.0,0.0,0.0
315971763,0,0.0,-0.0,0.0,-0.0,0.0,0.0,0.0,0.0
316276898,0,0.0,-0.0,0.0,-0.0,0.0,0.0,0.0,0.0
316581800,0,0.0,-0.0,0.0,-0.0,0.0,0.0,0.0,0.0
316891847,0,0.0,-0.0,0.0,-0.0,0.0,0.0,0.0,0.0
317196820,0,0.0,-0.0,0.0,-0.0,0.0,0.0,0.0,0.0
317511867,0,0.0,-0.0,0.0,-0.0,0.0,0.0,0.0,0.0
317826881,0,0.0,-0.0,0.0,-0.0,0.0,0.0,0.0,0.0
318148715,0,0.0,-0.0,0.0,-0.0,0.0,0.0,0.0,0.0
318456949,0,0.0,-0.0,0.0,-0.0,0.0,0.0,0.0,0.0
318761959,0,0.0,-0.0,0.0,-0.0,0.0,0.0,0.0,0.0
319076976,0,0.0,-0.0,0.0,-0.0,0.0,0.0,0.0,0.0
319387087,0,0.0,-0.0,0.0,-0.0,0.0,0.0,0.0,0.0
319697028,0,0.0,-0.0,0.0,-0.0,0.0,0.0,0.0,0.0
320007046,0,0.0,-0.0,0.0,-0.0,0.0,0.0,0.0,0.0
320312084,0,0.0,-0.0,0.0,-0.0,0.0,0.0,0.0,0.0
320632121,0,0.0,-0.0,0.0,-0.0,0.0,0.0,0.0,0.0
320937318,0,0.0,-0.0,0.0,-0.0,0.0,0.0,0.0,0.0
321262251,0,0.0,-0.0,0.0,-0.0,0.0,0.0,0.0,0.0
321577166,0,0.0,-0.0,0.0,-0.0,0.0,0.0,0.0,0.0
321882215,0,0.0,-0.0,0.0,-0.0,0.0,0.0,0.0,0.0
322182315,0,0.0,-0.0,0.0,-0.0,0.0,0.0,0.0,0.0
322407343,0,0.0,-0.0,0.0,-0.0,0.0,0.0,0.0,0.0
322432249,0,0.0,-0.0,0.0,-0.0,0.0,0.0,0.0,0.0
322732274,0,0.0,-0.0,0.0,-0.0,0.0,0.0,0.0,0.0
323032334,0,0.0,-0.0,0.0,-0.0,0.0,0.0,0.0,0.0
323332355,0,0.0,-0.0,0.0,-0.0,0.0,0.0,0.0,0.0
323637331,0,0.0,-0.0,0.0,-0.0,0.0,0.0,0.0,0.0
323942371,0,0.0,-0.0,0.0,-0.0,0.0,0.0,0.0,0.0
324249291,0,0.0,-0.0,0.0,-0.0,0.0,0.0,0.0,0.0
324562531,0,0.0,-0.0,0.0,-0.0,0.0,0.0,0.0,0.0
324872462,0,0.0,-0.0,0.0,-0.0,0.0,0.0,0.0,0.0
325187453,0,0.0,-0.0,0.0,-0.0,0.0,0.0,0.0,0.0
325297508,0,0.0,-0.0,0.0,-0.0,0.0,0.0,0.0,0.0
325362594,0,0.0,-0.0,0.0,-0.0,0.0,0.0,0.0,0.0
325672507,0,0.0,-0.0,0.0,-0.0,0.0,0.0,0.0,0.0
325992593,0,0.0,-0.0,0.0,-0.0,0.0,0.0,0.0,0.0
326297555,0,0.0,-0.0,0.0,-0.0,0.0,0.0,0.0,0.0
326597574,0,0.0,-0.0,0.0,-0.0,0.0,0.0,0.0,0.0
326897594,0,0.0,-0.0,0.0,-0.0,0.0,0.0,0.0,0.0
327197631,0,0.0,-0.0,0.0,-0.0,0.0,0.0,0.0,0.0
327512660,0,0.0,-0.0,0.0,-0.0,0.0,0.0,0.0,0.0
327822775,0,0.0,-0.0,0.0,-0.0,0.0,0.0,0.0,0.0
328132731,0,0.0,-0.0,0.0,-0.0,0.0,0.0,0.0,0.0
328447734,0,0.0,-0.0,0.0,-0.0,0.0,0.0,0.0,0.0
328757741,0,0.0,-0.0,0.0,-0.0,0.0,0.0,0.0,0.0
329067753,0,0.0,-0.0,0.0,-0.0,0.0,0.0,0.0,0.0
329377906,0,0.0,-0.0,0.0,-0.0,0.0,0.0,0.0,0.0
329682814,0,0.0,-0.0,0.0,-0.0,0.0,0.0,0.0,0.0
329987857,0,0.0,-0.0,0.0,-0.0,0.0,0.0,0.0,0.0
330292894,0,0.0,-0.0,0.0,-0.0,0.0,0.0,0.0,0.0
330612944,0,0.0,-0.0,0.0,-0.0,0.0,0.0,0.0,0.0
330927902,0,0.0,-0.0,0.0,-0.0,0.0,0.0,0.0,0.0
331042972,0,0.0,-0.0,0.0,-0.0,0.0,0.0,0.0,0.0
331183090,0,0.0,-0.0,0.0,-0.0,0.0,0.0,0.0,0.0
331493040,0,0.0,-0.0,0.0,-0.0,0.0,0.0,0.0,0.0
331793044,0,0.0,-0.0,0.0,-0.0,0.0,0.0,0.0,0.0
332108030,0,0.0,-0.0,0.0,-0.0,0.0,0.0,0.0,0.0
332420023,0,0.0,-0.0,0.0,-0.0,0.0,0.0,0.0,0.0
332733073,0,0.0,-0.0,0.0,-0.0,0.0,0.0,0.0,0.0
333043410,0,0.0,-0.0,0.0,-0.0,0.0,0.0,0.0,0.0
333353110,0,0.0,-0.0,0.0,-0.0,0.0,0.0,0.0,0.0
333663163,0,0.0,-0.0,0.0,-0.0,0.0,0.0,0.0,0.0
333973157,0,0.0,-0.0,0.0,-0.0,0.0,0.0,0.0,0.0
334278200,0,0.0,-0.0,0.0,-0.0,0.0,0.0,0.0,0.0
334348337,0,0.0,-0.0,0.0,-0.0,0.0,0.0,0.0,0.0
334393274,0,0.0,-0.0,0.0,-0.0,0.0,0.0,0.0,0.0
334708256,0,0.0,-0.0,0.0,-0.0,0.0,0.0,0.0,0.0
334953225,0,0.0,-0.0,0.0,-0.0,0.0,0.0,0.0,0.0
334973229,0,0.0,-0.0,0.0,-0.0,0.0,0.0,0.0,0.0
335278242,0,0.0,-0.0,0.0,-0.0,0.0,0.0,0.0,0.0
335578264,0,0.0,-0.0,0.0,-0.0,0.0,0.0,0.0,0.0
335878349,0,0.0,-0.0,0.0,-0.0,0.0,0.0,0.0,0.0
336203499,0,0.0,-0.0,0.0,-0.0,0.0,0.0,0.0,0.0
336505227,0,0.0,-0.0,0.0,-0.0,0.0,0.0,0.0,0.0
336818367,0,0.0,-0.0,0.0,-0.0,0.0,0.0,0.0,0.0
337123394,0,0.0,-0.0,0.0,-0.0,0.0,0.0,0.0,0.0
337428506,0,0.0,-0.0,0.0,-0.0,0.0,0.0,0.0,0.0
337733452,0,0.0,-0.0,0.0,-0.0,0.0,0.0,0.0,0.0
338043553,0,0.0,-0.0,0.0,-0.0,0.0,0.0,0.0,0.0
338348472,0,0.0,-0.0,0.0,-0.0,0.0,0.0,0.0,0.0
338658538,0,0.0,-0.0,0.0,-0.0,0.0,0.0,0.0,0.0
338978560,0,0.0,-0.0,0.0,-0.0,0.0,0.0,0.0,0.0
339283560,0,0.0,-0.0,0.0,-0.0,0.0,0.0,0.0,0.0
339598613,0,0.0,-0.0,0.0,-0.0,0.0,0.0,0.0,0.0
339903606,0,0.0,-0.0,0.0,-0.0,0.0,0.0,0.0,0.0
340038641,0,0.0,-0.0,0.0,-0.0,0.0,0.0,0.0,0.0
340123643,0,0.0,-0.0,0.0,-0.0,0.0,0.0,0.0,0.0
340423801,0,0.0,-0.0,0.0,-0.0,0.0,0.0,0.0,0.0
340738704,0,0.0,-0.0,0.0,-0.0,0.0,0.0,0.0,0.0
340763698,0,0.0,-0.0,0.0,-0.0,0.0,0.0,0.0,0.0
341068724,0,0.0,-0.0,0.0,-0.0,0.0,0.0,0.0,0.0
341368710,0,0.0,-0.0,0.0,-0.0,0.0,0.0,0.0,0.0
341393721,0,0.0,-0.0,0.0,-0.0,0.0,0.0,0.0,0.0
341703755,0,0.0,-0.0,0.0,-0.0,0.0,0.0,0.0,0.0
342023773,0,0.0,-0.0,0.0,-0.0,0.0,0.0,0.0,0.0
342153779,0,0.0,-0.0,0.0,-0.0,0.0,0.0,0.0,0.0
342243828,0,0.0,-0.0,0.0,-0.0,0.0,0.0,0.0,0.0
342553844,0,0.0,-0.0,0.0,-0.0,0.0,0.0,0.0,0.0
342625769,0,0.0,-0.0,0.0,-0.0,0.0,0.0,0.0,0.0
342638885,0,0.0,-0.0,0.0,-0.0,0.0,0.0,0.0,0.0
342948821,0,0.0,-0.0,0.0,-0.0,0.0,0.0,0.0,0.0
343258856,0,0.0,-0.0,0.0,-0.0,0.0,0.0,0.0,0.0
343568872,0,0.0,-0.0,0.0,-0.0,0.0,0.0,0.0,0.0
343878911,0,0.0,-0.0,0.0,-0.0,0.0,0.0,0.0,0.0
344193953,0,0.0,-0.0,0.0,-0.0,0.0,0.0,0.0,0.0
344323997,0,0.0,-0.0,0.0,-0.0,0.0,0.0,0.0,0.0
344388934,0,0.0,-0.0,0.0,-0.0,0.0,0.0,0.0,0.0
344543960,0,0.0,-0.0,0.0,-0.0,0.0,0.0,0.0,0.0
344608990,0,0.0,-0.0,0.0,-0.0,0.0,0.0,0.0,0.0
344655890,0,0.0,-0.0,0.0,-0.0,0.0,0.0,0.0,0.0
344743997,0,0.0,-0.0,0.0,-0.0,0.0,0.0,0.0,0.0
345049083,0,0.0,-0.0,0.0,-0.0,0.0,0.0,0.0,0.0
345299016,0,0.0,-0.0,0.0,-0.0,0.0,0.0,0.0,0.0
345394042,0,0.0,-0.0,0.0,-0.0,0.0,0.0,0.0,0.0
345709062,0,0.0,-0.0,0.0,-0.0,0.0,0.0,0.0,0.0
346019058,0,0.0,-0.0,0.0,-0.0,0.0,0.0,0.0,0.0
346319293,0,0.0,-0.0,0.0,-0.0,0.0,0.0,0.0,0.0
346634138,0,0.0,-0.0,0.0,-0.0,0.0,0.0,0.0,0.0
346924156,0,0.0,-0.0,0.0,-0.0,0.0,0.0,0.0,0.0
346969140,0,0.0,-0.0,0.0,-0.0,0.0,0.0,0.0,0.0
347274165,0,0.0,-0.0,0.0,-0.0,0.0,0.0,0.0,0.0
347584194,0,0.0,-0.0,0.0,-0.0,0.0,0.0,0.0,0.0
347711031,0,0.0,-0.0,0.0,-0.0,0.0,0.0,0.0,0.0
347799194,0,0.0,-0.0,0.0,-0.0,0.0,0.0,0.0,0.0
348099229,0,0.0,-0.0,0.0,-0.0,0.0,0.0,0.0,0.0
348414259,0,0.0,-0.0,0.0,-0.0,0.0,0.0,0.0,0.0
348726173,0,0.0,-0.0,0.0,-0.0,0.0,0.0,0.0,0.0
349029305,0,0.0,-0.0,0.0,-0.0,0.0,0.0,0.0,0.0
349339308,0,0.0,-0.0,0.0,-0.0,0.0,0.0,0.0,0.0
349649381,0,0.0,-0.0,0.0,-0.0,0.0,0.0,0.0,0.0
349954374,0,0.0,-0.0,0.0,-0.0,0.0,0.0,0.0,0.0
350254392,0,0.0,-0.0,0.0,-0.0,0.0,0.0,0.0,0.0
350569411,0,0.0,-0.0,0.0,-0.0,0.0,0.0,0.0,0.0
350889418,0,0.0,-0.0,0.0,-0.0,0.0,0.0,0.0,0.0
351199453,0,0.0,-0.0,0.0,-0.0,0.0,0.0,0.0,0.0
351509465,0,0.0,-0.0,0.0,-0.0,0.0,0.0,0.0,0.0
351809489,0,0.0,-0.0,0.0,-0.0,0.0,0.0,0.0,0.0
352119517,0,0.0,-0.0,0.0,-0.0,0.0,0.0,0.0,0.0
352419553,0,0.0,-0.0,0.0,-0.0,0.0,0.0,0.0,0.0
352724565,0,0.0,-0.0,0.0,-0.0,0.0,0.0,0.0,0.0
353039631,0,0.0,-0.0,0.0,-0.0,0.0,0.0,0.0,0.0
353339646,0,0.0,-0.0,0.0,-0.0,0.0,0.0,0.0,0.0
353654651,0,0.0,-0.0,0.0,-0.0,0.0,0.0,0.0,0.0
353959722,0,0.0,-0.0,0.0,-0.0,0.0,0.0,0.0,0.0
354279876,0,0.0,-0.0,0.0,-0.0,0.0,0.0,0.0,0.0
354589705,0,0.0,-0.0,0.0,-0.0,0.0,0.0,0.0,0.0
354899811,0,0.0,-0.0,0.0,-0.0,0.0,0.0,0.0,0.0
355214758,0,0.0,-0.0,0.0,-0.0,0.0,0.0,0.0,0.0
355514835,0,0.0,-0.0,0.0,-0.0,0.0,0.0,0.0,0.0
355824800,0,0.0,-0.0,0.0,-0.0,0.0,0.0,0.0,0.0
356139809,0,0.0,-0.0,0.0,-0.0,0.0,0.0,0.0,0.0
356454922,0,0.0,-0.0,0.0,-0.0,0.0,0.0,0.0,0.0
356770091,0,0.0,-0.0,0.0,-0.0,0.0,0.0,0.0,0.0
357084959,0,0.0,-0.0,0.0,-0.0,0.0,0.0,0.0,0.0
357389950,0,0.0,-0.0,0.0,-0.0,0.0,0.0,0.0,0.0
357704939,0,0.0,-0.0,0.0,-0.0,0.0,0.0,0.0,0.0
358019991,0,0.0,-0.0,0.0,-0.0,0.0,0.0,0.0,0.0
358329993,0,0.0,-0.0,0.0,-0.0,0.0,0.0,0.0,0.0
358640004,0,0.0,-0.0,0.0,-0.0,0.0,0.0,0.0,0.0
358950037,0,0.0,-0.0,0.0,-0.0,0.0,0.0,0.0,0.0
359265080,0,0.0,-0.0,0.0,-0.0,0.0,0.0,0.0,0.0
359580079,0,0.0,-0.0,0.0,-0.0,0.0,0.0,0.0,0.0
359895104,0,0.0,-0.0,0.0,-0.0,0.0,0.0,0.0,0.0
360200105,0,0.0,-0.0,0.0,-0.0,0.0,0.0,0.0,0.0
360500232,0,0.0,-0.0,0.0,-0.0,0.0,0.0,0.0,0.0
360805159,0,0.0,-0.0,0.0,-0.0,0.0,0.0,0.0,0.0
361115313,0,0.0,-0.0,0.0,-0.0,0.0,0.0,0.0,0.0
361420213,0,0.0,-0.0,0.0,-0.0,0.0,0.0,0.0,0.0
361720239,0,0.0,-0.0,0.0,-0.0,0.0,0.0,0.0,0.0
362025352,0,0.0,-0.0,0.0,-0.0,0.0,0.0,0.0,0.0
362340260,0,0.0,-0.0,0.0,-0.0,0.0,0.0,0.0,0.0
362655314,0,0.0,-0.0,0.0,-0.0,0.0,0.0,0.0,0.0
362982301,0,0.0,-0.0,0.0,-0.0,0.0,0.0,0.0,0.0
363295339,0,0.0,-0.0,0.0,-0.0,0.0,0.0,0.0,0.0
363595479,0,0.0,-0.0,0.0,-0.0,0.0,0.0,0.0,0.0
363905378,0,0.0,-0.0,0.0,-0.0,0.0,0.0,0.0,0.0
364220394,0,0.0,-0.0,0.0,-0.0,0.0,0.0,0.0,0.0
364525529,0,0.0,-0.0,0.0,-0.0,0.0,0.0,0.0,0.0
364835467,0,0.0,-0.0,0.0,-0.0,0.0,0.0,0.0,0.0
365135478,0,0.0,-0.0,0.0,-0.0,0.0,0.0,0.0,0.0
365445501,0,0.0,-0.0,0.0,-0.0,0.0,0.0,0.0,0.0
365760518,0,0.0,-0.0,0.0,-0.0,0.0,0.0,0.0,0.0
366060527,0,0.0,-0.0,0.0,-0.0,0.0,0.0,0.0,0.0
366370583,0,0.0,-0.0,0.0,-0.0,0.0,0.0,0.0,0.0
366680596,0,0.0,-0.0,0.0,-0.0,0.0,0.0,0.0,0.0
366985655,0,0.0,-0.0,0.0,-0.0,0.0,0.0,0.0,0.0
367300637,0,0.0,-0.0,0.0,-0.0,0.0,0.0,0.0,0.0
367620647,0,0.0,-0.0,0.0,-0.0,0.0,0.0,0.0,0.0
367930649,0,0.0,-0.0,0.0,-0.0,0.0,0.0,0.0,0.0
368230674,0,0.0,-0.0,0.0,-0.0,0.0,0.0,0.0,0.0
368530702,0,0.0,-0.0,0.0,-0.0,0.0,0.0,0.0,0.0
368830717,0,0.0,-0.0,0.0,-0.0,0.0,0.0,0.0,0.0
369140909,0,0.0,-0.0,0.0,-0.0,0.0,0.0,0.0,0.0
369465770,0,0.0,-0.0,0.0,-0.0,0.0,0.0,0.0,0.0
369770803,0,0.0,-0.0,0.0,-0.0,0.0,0.0,0.0,0.0
370092832,0,0.0,-0.0,0.0,-0.0,0.0,0.0,0.0,0.0
370411093,0,0.0,-0.0,0.0,-0.0,0.0,0.0,0.0,0.0
370735865,0,0.0,-0.0,0.0,-0.0,0.0,0.0,0.0,0.0
371055896,0,0.0,-0.0,0.0,-0.0,0.0,0.0,0.0,0.0
371355972,0,0.0,-0.0,0.0,-0.0,0.0,0.0,0.0,0.0
371656188,0,0.0,-0.0,0.0,-0.0,0.0,0.0,0.0,0.0
371960977,0,0.0,-0.0,0.0,-0.0,0.0,0.0,0.0,0.0
372270965,0,0.0,-0.0,0.0,-0.0,0.0,0.0,0.0,0.0
372570984,0,0.0,-0.0,0.0,-0.0,0.0,0.0,0.0,0.0
372886014,0,0.0,-0.0,0.0,-0.0,0.0,0.0,0.0,0.0
373186059,0,0.0,-0.0,0.0,-0.0,0.0,0.0,0.0,0.0
373501052,0,0.0,-0.0,0.0,-0.0,0.0,0.0,0.0,0.0
373811179,0,0.0,-0.0,0.0,-0.0,0.0,0.0,0.0,0.0
374131090,0,0.0,-0.0,0.0,-0.0,0.0,0.0,0.0,0.0
374441327,0,0.0,-0.0,0.0,-0.0,0.0,0.0,0.0,0.0
374756173,0,0.0,-0.0,0.0,-0.0,0.0,0.0,0.0,0.0
375071169,0,0.0,-0.0,0.0,-0.0,0.0,0.0,0.0,0.0
375391179,0,0.0,-0.0,0.0,-0.0,0.0,0.0,0.0,0.0
375701347,0,0.0,-0.0,0.0,-0.0,0.0,0.0,0.0,0.0
376011257,0,0.0,-0.0,0.0,-0.0,0.0,0.0,0.0,0.0
376331245,0,0.0,-0.0,0.0,-0.0,0.0,0.0,0.0,0.0
376641306,0,0.0,-0.0,0.0,-0.0,0.0,0.0,0.0,0.0
376946315,0,0.0,-0.0,0.0,-0.0,0.0,0.0,0.0,0.0
377246457,0,0.0,-0.0,0.0,-0.0,0.0,0.0,0.0,0.0
377551332,0,0.0,-0.0,0.0,-0.0,0.0,0.0,0.0,0.0
377851337,0,0.0,-0.0,0.0,-0.0,0.0,0.0,0.0,0.0
378151440,0,0.0,-0.0,0.0,-0.0,0.0,0.0,0.0,0.0
378456400,0,0.0,-0.0,0.0,-0.0,0.0,0.0,0.0,0.0
378761406,0,0.0,-0.0,0.0,-0.0,0.0,0.0,0.0,0.0
379061519,0,0.0,-0.0,0.0,-0.0,0.0,0.0,0.0,0.0
379366459,0,0.0,-0.0,0.0,-0.0,0.0,0.0,0.0,0.0
379671461,0,0.0,-0.0,0.0,-0.0,0.0,0.0,0.0,0.0
379971626,0,0.0,-0.0,0.0,-0.0,0.0,0.0,0.0,0.0
380278488,0,0.0,-0.0,0.0,-0.0,0.0,0.0,0.0,0.0
380596583,0,0.0,-0.0,0.0,-0.0,0.0,0.0,0.0,0.0
380906566,0,0.0,-0.0,0.0,-0.0,0.0,0.0,0.0,0.0
381216583,0,0.0,-0.0,0.0,-0.0,0.0,0.0,0.0,0.0
381516605,0,0.0,-0.0,0.0,-0.0,0.0,0.0,0.0,0.0
381816622,0,0.0,-0.0,0.0,-0.0,0.0,0.0,0.0,0.0
382126782,0,0.0,-0.0,0.0,-0.0,0.0,0.0,0.0,0.0
382431661,0,0.0,-0.0,0.0,-0.0,0.0,0.0,0.0,0.0
382731673,0,0.0,-0.0,0.0,-0.0,0.0,0.0,0.0,0.0
383031711,0,0.0,-0.0,0.0,-0.0,0.0,0.0,0.0,0.0
383341724,0,0.0,-0.0,0.0,-0.0,0.0,0.0,0.0,0.0
383641772,0,0.0,-0.0,0.0,-0.0,0.0,0.0,0.0,0.0
383959266,0,0.0,-0.0,0.0,-0.0,0.0,0.0,0.0,0.0
384276850,0,0.0,-0.0,0.0,-0.0,0.0,0.0,0.0,0.0
384591832,0,0.0,-0.0,0.0,-0.0,0.0,0.0,0.0,0.0
384909331,0,0.0,-0.0,0.0,-0.0,0.0,0.0,0.0,0.0
385226878,0,0.0,-0.0,0.0,-0.0,0.0,0.0,0.0,0.0
385544397,0,0.0,-0.0,0.0,-0.0,0.0,0.0,0.0,0.0
385864470,0,0.0,-0.0,0.0,-0.0,0.0,0.0,0.0,0.0
386181985,0,0.0,-0.0,0.0,-0.0,0.0,0.0,0.0,0.0
386484461,0,0.0,-0.0,0.0,-0.0,0.0,0.0,0.0,0.0
386791957,0,0.0,-0.0,0.0,-0.0,0.0,0.0,0.0,0.0
387106996,0,0.0,-0.0,0.0,-0.0,0.0,0.0,0.0,0.0
387408939,0,0.0,-0.0,0.0,-0.0,0.0,0.0,0.0,0.0
387714511,0,0.0,-0.0,0.0,-0.0,0.0,0.0,0.0,0.0
388032027,0,0.0,-0.0,0.0,-0.0,0.0,0.0,0.0,0.0
388344552,0,0.0,-0.0,0.0,-0.0,0.0,0.0,0.0,0.0
388657110,0,0.0,-0.0,0.0,-0.0,0.0,0.0,0.0,0.0
388972177,0,0.0,-0.0,0.0,-0.0,0.0,0.0,0.0,0.0
389289620,0,0.0,-0.0,0.0,-0.0,0.0,0.0,0.0,0.0
389604690,0,0.0,-0.0,0.0,-0.0,0.0,0.0,0.0,0.0
389924675,0,0.0,-0.0,0.0,-0.0,0.0,0.0,0.0,0.0
390234787,0,0.0,-0.0,0.0,-0.0,0.0,0.0,0.0,0.0
390552209,0,0.0,-0.0,0.0,-0.0,0.0,0.0,0.0,0.0
390862284,0,0.0,-0.0,0.0,-0.0,0.0,0.0,0.0,0.0
391174745,0,0.0,-0.0,0.0,-0.0,0.0,0.0,0.0,0.0
391487300,0,0.0,-0.0,0.0,-0.0,0.0,0.0,0.0,0.0
391802324,0,0.0,-0.0,0.0,-0.0,0.0,0.0,0.0,0.0
392107337,0,0.0,-0.0,0.0,-0.0,0.0,0.0,0.0,0.0
392424817,0,0.0,-0.0,0.0,-0.0,0.0,0.0,0.0,0.0
392724867,0,0.0,-0.0,0.0,-0.0,0.0,0.0,0.0,0.0
393035073,0,0.0,-0.0,0.0,-0.0,0.0,0.0,0.0,0.0
393349883,0,0.0,-0.0,0.0,-0.0,0.0,0.0,0.0,0.0
393667399,0,0.0,-0.0,0.0,-0.0,0.0,0.0,0.0,0.0
393979936,0,0.0,-0.0,0.0,-0.0,0.0,0.0,0.0,0.0
394292590,0,0.0,-0.0,0.0,-0.0,0.0,0.0,0.0,0.0
394609963,0,0.0,-0.0,0.0,-0.0,0.0,0.0,0.0,0.0
394929988,0,0.0,-0.0,0.0,-0.0,0.0,0.0,0.0,0.0
395245187,0,0.0,-0.0,0.0,-0.0,0.0,0.0,0.0,0.0
395560032,0,0.0,-0.0,0.0,-0.0,0.0,0.0,0.0,0.0
395872593,0,0.0,-0.0,0.0,-0.0,0.0,0.0,0.0,0.0
396187570,0,0.0,-0.0,0.0,-0.0,0.0,0.0,0.0,0.0
396505191,0,0.0,-0.0,0.0,-0.0,0.0,0.0,0.0,0.0
396820119,0,0.0,-0.0,0.0,-0.0,0.0,0.0,0.0,0.0
397137664,0,0.0,-0.0,0.0,-0.0,0.0,0.0,0.0,0.0
397452823,0,0.0,-0.0,0.0,-0.0,0.0,0.0,0.0,0.0
397772688,0,0.0,-0.0,0.0,-0.0,0.0,0.0,0.0,0.0
398087691,0,0.0,-0.0,0.0,-0.0,0.0,0.0,0.0,0.0
398395273,0,0.0,-0.0,0.0,-0.0,0.0,0.0,0.0,0.0
398702768,0,0.0,-0.0,0.0,-0.0,0.0,0.0,0.0,0.0
399020278,0,0.0,-0.0,0.0,-0.0,0.0,0.0,0.0,0.0
399333038,0,0.0,-0.0,0.0,-0.0,0.0,0.0,0.0,0.0
399650307,0,0.0,-0.0,0.0,-0.0,0.0,0.0,0.0,0.0
399970328,0,0.0,-0.0,0.0,-0.0,0.0,0.0,0.0,0.0
400282939,0,0.0,-0.0,0.0,-0.0,0.0,0.0,0.0,0.0
400607237,0,0.0,-0.0,0.0,-0.0,0.0,0.0,0.0,0.0
400917880,0,0.0,-0.0,0.0,-0.0,0.0,0.0,0.0,0.0
401235517,0,0.0,-0.0,0.0,-0.0,0.0,0.0,0.0,0.0
401547944,0,0.0,-0.0,0.0,-0.0,0.0,0.0,0.0,0.0
401865492,0,0.0,-0.0,0.0,-0.0,0.0,0.0,0.0,0.0
402182972,0,0.0,-0.0,0.0,-0.0,0.0,0.0,0.0,0.0
402500502,0,0.0,-0.0,0.0,-0.0,0.0,0.0,0.0,0.0
402803101,0,0.0,-0.0,0.0,-0.0,0.0,0.0,0.0,0.0
403120553,0,0.0,-0.0,0.0,-0.0,0.0,0.0,0.0,0.0
403438094,0,0.0,-0.0,0.0,-0.0,0.0,0.0,0.0,0.0
403753091,0,0.0,-0.0,0.0,-0.0,0.0,0.0,0.0,0.0
404065623,0,0.0,-0.0,0.0,-0.0,0.0,0.0,0.0,0.0
404378155,0,0.0,-0.0,0.0,-0.0,0.0,0.0,0.0,0.0
404703139,0,0.0,-0.0,0.0,-0.0,0.0,0.0,0.0,0.0
405015754,0,0.0,-0.0,0.0,-0.0,0.0,0.0,0.0,0.0
405335726,0,0.0,-0.0,0.0,-0.0,0.0,0.0,0.0,0.0
405655762,0,0.0,-0.0,0.0,-0.0,0.0,0.0,0.0,0.0
405965763,0,0.0,-0.0,0.0,-0.0,0.0,0.0,0.0,0.0
406278265,0,0.0,-0.0,0.0,-0.0,0.0,0.0,0.0,0.0
406593276,0,0.0,-0.0,0.0,-0.0,0.0,0.0,0.0,0.0
406905859,0,0.0,-0.0,0.0,-0.0,0.0,0.0,0.0,0.0
407220816,0,0.0,-0.0,0.0,-0.0,0.0,0.0,0.0,0.0
407530842,0,0.0,-0.0,0.0,-0.0,0.0,0.0,0.0,0.0
407843435,0,0.0,-0.0,0.0,-0.0,0.0,0.0,0.0,0.0
408160881,0,0.0,-0.0,0.0,-0.0,0.0,0.0,0.0,0.0
408475919,0,0.0,-0.0,0.0,-0.0,0.0,0.0,0.0,0.0
408788435,0,0.0,-0.0,0.0,-0.0,0.0,0.0,0.0,0.0
409090996,0,0.0,-0.0,0.0,-0.0,0.0,0.0,0.0,0.0
409405987,0,0.0,-0.0,0.0,-0.0,0.0,0.0,0.0,0.0
409723555,0,0.0,-0.0,0.0,-0.0,0.0,0.0,0.0,0.0
410038507,0,0.0,-0.0,0.0,-0.0,0.0,0.0,0.0,0.0
410351032,0,0.0,-0.0,0.0,-0.0,0.0,0.0,0.0,0.0
410666073,0,0.0,-0.0,0.0,-0.0,0.0,0.0,0.0,0.0
410978773,0,0.0,-0.0,0.0,-0.0,0.0,0.0,0.0,0.0
411298622,0,0.0,-0.0,0.0,-0.0,0.0,0.0,0.0,0.0
411608639,0,0.0,-0.0,0.0,-0.0,0.0,0.0,0.0,0.0
411926181,0,0.0,-0.0,0.0,-0.0,0.0,0.0,0.0,0.0
412236183,0,0.0,-0.0,0.0,-0.0,0.0,0.0,0.0,0.0
412536207,0,0.0,-0.0,0.0,-0.0,0.0,0.0,0.0,0.0
412846234,0,0.0,-0.0,0.0,-0.0,0.0,0.0,0.0,0.0
413166272,0,0.0,-0.0,0.0,-0.0,0.0,0.0,0.0,0.0
413473755,0,0.0,-0.0,0.0,-0.0,0.0,0.0,0.0,0.0
413786290,0,0.0,-0.0,0.0,-0.0,0.0,0.0,0.0,0.0
414101349,0,0.0,-0.0,0.0,-0.0,0.0,0.0,0.0,0.0
414413829,0,0.0,-0.0,0.0,-0.0,0.0,0.0,0.0,0.0
414713845,0,0.0,-0.0,0.0,-0.0,0.0,0.0,0.0,0.0
415028871,0,0.0,-0.0,0.0,-0.0,0.0,0.0,0.0,0.0
415346445,0,0.0,-0.0,0.0,-0.0,0.0,0.0,0.0,0.0
415666479,0,0.0,-0.0,0.0,-0.0,0.0,0.0,0.0,0.0
415981625,0,0.0,-0.0,0.0,-0.0,0.0,0.0,0.0,0.0
416291456,0,0.0,-0.0,0.0,-0.0,0.0,0.0,0.0,0.0
416606482,0,0.0,-0.0,0.0,-0.0,0.0,0.0,0.0,0.0
416921501,0,0.0,-0.0,0.0,-0.0,0.0,0.0,0.0,0.0
417236663,0,0.0,-0.0,0.0,-0.0,0.0,0.0,0.0,0.0
417554041,0,0.0,-0.0,0.0,-0.0,0.0,0.0,0.0,0.0
417866570,0,0.0,-0.0,0.0,-0.0,0.0,0.0,0.0,0.0
418181647,0,0.0,-0.0,0.0,-0.0,0.0,0.0,0.0,0.0
418491652,0,0.0,-0.0,0.0,-0.0,0.0,0.0,0.0,0.0
418794164,0,0.0,-0.0,0.0,-0.0,0.0,0.0,0.0,0.0
419109188,0,0.0,-0.0,0.0,-0.0,0.0,0.0,0.0,0.0
419419287,0,0.0,-0.0,0.0,-0.0,0.0,0.0,0.0,0.0
419729267,0,0.0,-0.0,0.0,-0.0,0.0,0.0,0.0,0.0
420044242,0,0.0,-0.0,0.0,-0.0,0.0,0.0,0.0,0.0
420344547,0,0.0,-0.0,0.0,-0.0,0.0,0.0,0.0,0.0
420659269,0,0.0,-0.0,0.0,-0.0,0.0,0.0,0.0,0.0
420969288,0,0.0,-0.0,0.0,-0.0,0.0,0.0,0.0,0.0
421269342,0,0.0,-0.0,0.0,-0.0,0.0,0.0,0.0,0.0
421579340,0,0.0,-0.0,0.0,-0.0,0.0,0.0,0.0,0.0
421879362,0,0.0,-0.0,0.0,-0.0,0.0,0.0,0.0,0.0
422194424,0,0.0,-0.0,0.0,-0.0,0.0,0.0,0.0,0.0
422509408,0,0.0,-0.0,0.0,-0.0,0.0,0.0,0.0,0.0
422822178,0,0.0,-0.0,0.0,-0.0,0.0,0.0,0.0,0.0
423136986,0,0.0,-0.0,0.0,-0.0,0.0,0.0,0.0,0.0
423454695,0,0.0,-0.0,0.0,-0.0,0.0,0.0,0.0,0.0
423757169,0,0.0,-0.0,0.0,-0.0,0.0,0.0,0.0,0.0
424072049,0,0.0,-0.0,0.0,-0.0,0.0,0.0,0.0,0.0
424372069,0,0.0,-0.0,0.0,-0.0,0.0,0.0,0.0,0.0
424672072,0,0.0,-0.0,0.0,-0.0,0.0,0.0,0.0,0.0
424984646,0,0.0,-0.0,0.0,-0.0,0.0,0.0,0.0,0.0
425294654,0,0.0,-0.0,0.0,-0.0,0.0,0.0,0.0,0.0
425609664,0,0.0,-0.0,0.0,-0.0,0.0,0.0,0.0,0.0
425919665,0,0.0,-0.0,0.0,-0.0,0.0,0.0,0.0,0.0
426232222,0,0.0,-0.0,0.0,-0.0,0.0,0.0,0.0,0.0
426547244,0,0.0,-0.0,0.0,-0.0,0.0,0.0,0.0,0.0
426862238,0,0.0,-0.0,0.0,-0.0,0.0,0.0,0.0,0.0
427179817,0,0.0,-0.0,0.0,-0.0,0.0,0.0,0.0,0.0
427502283,0,0.0,-0.0,0.0,-0.0,0.0,0.0,0.0,0.0
427812316,0,0.0,-0.0,0.0,-0.0,0.0,0.0,0.0,0.0
428127496,0,0.0,-0.0,0.0,-0.0,0.0,0.0,0.0,0.0
428442636,0,0.0,-0.0,0.0,-0.0,0.0,0.0,0.0,0.0
428759902,0,0.0,-0.0,0.0,-0.0,0.0,0.0,0.0,0.0
429084658,0,0.0,-0.0,0.0,-0.0,0.0,0.0,0.0,0.0
429387630,0,0.0,-0.0,0.0,-0.0,0.0,0.0,0.0,0.0
429707507,0,0.0,-0.0,0.0,-0.0,0.0,0.0,0.0,0.0
430027502,0,0.0,-0.0,0.0,-0.0,0.0,0.0,0.0,0.0
430347525,0,0.0,-0.0,0.0,-0.0,0.0,0.0,0.0,0.0
430662594,0,0.0,-0.0,0.0,-0.0,0.0,0.0,0.0,0.0
430977556,0,0.0,-0.0,0.0,-0.0,0.0,0.0,0.0,0.0
431292695,0,0.0,-0.0,0.0,-0.0,0.0,0.0,0.0,0.0
431607603,0,0.0,-0.0,0.0,-0.0,0.0,0.0,0.0,0.0
431920178,0,0.0,-0.0,0.0,-0.0,0.0,0.0,0.0,0.0
432237671,0,0.0,-0.0,0.0,-0.0,0.0,0.0,0.0,0.0
432545202,0,0.0,-0.0,0.0,-0.0,0.0,0.0,0.0,0.0
432845220,0,0.0,-0.0,0.0,-0.0,0.0,0.0,0.0,0.0
433175304,0,0.0,-0.0,0.0,-0.0,0.0,0.0,0.0,0.0
433492773,0,0.0,-0.0,0.0,-0.0,0.0,0.0,0.0,0.0
433802916,0,0.0,-0.0,0.0,-0.0,0.0,0.0,0.0,0.0
434115306,0,0.0,-0.0,0.0,-0.0,0.0,0.0,0.0,0.0
434432857,0,0.0,-0.0,0.0,-0.0,0.0,0.0,0.0,0.0
434745359,0,0.0,-0.0,0.0,-0.0,0.0,0.0,0.0,0.0
435057921,0,0.0,-0.0,0.0,-0.0,0.0,0.0,0.0,0.0
435357948,0,0.0,-0.0,0.0,-0.0,0.0,0.0,0.0,0.0
435667962,0,0.0,-0.0,0.0,-0.0,0.0,0.0,0.0,0.0
435982994,0,0.0,-0.0,0.0,-0.0,0.0,0.0,0.0,0.0
436295537,0,0.0,-0.0,0.0,-0.0,0.0,0.0,0.0,0.0
436613144,0,0.0,-0.0,0.0,-0.0,0.0,0.0,0.0,0.0
436928036,0,0.0,-0.0,0.0,-0.0,0.0,0.0,0.0,0.0
437243061,0,0.0,-0.0,0.0,-0.0,0.0,0.0,0.0,0.0
437558089,0,0.0,-0.0,0.0,-0.0,0.0,0.0,0.0,0.0
437870724,0,0.0,-0.0,0.0,-0.0,0.0,0.0,0.0,0.0
438180731,0,0.0,-0.0,0.0,-0.0,0.0,0.0,0.0,0.0
438500722,0,0.0,-0.0,0.0,-0.0,0.0,0.0,0.0,0.0
438818212,0,0.0,-0.0,0.0,-0.0,0.0,0.0,0.0,0.0
439138226,0,0.0,-0.0,0.0,-0.0,0.0,0.0,0.0,0.0
439453291,0,0.0,-0.0,0.0,-0.0,0.0,0.0,0.0,0.0
439770803,0,0.0,-0.0,0.0,-0.0,0.0,0.0,0.0,0.0
440083361,0,0.0,-0.0,0.0,-0.0,0.0,0.0,0.0,0.0
440398333,0,0.0,-0.0,0.0,-0.0,0.0,0.0,0.0,0.0
440713364,0,0.0,-0.0,0.0,-0.0,0.0,0.0,0.0,0.0
441030994,0,0.0,-0.0,0.0,-0.0,0.0,0.0,0.0,0.0
441343410,0,0.0,-0.0,0.0,-0.0,0.0,0.0,0.0,0.0
441658456,0,0.0,-0.0,0.0,-0.0,0.0,0.0,0.0,0.0
441973469,0,0.0,-0.0,0.0,-0.0,0.0,0.0,0.0,0.0
442295471,0,0.0,-0.0,0.0,-0.0,0.0,0.0,0.0,0.0
442603530,0,0.0,-0.0,0.0,-0.0,0.0,0.0,0.0,0.0
442923551,0,0.0,-0.0,0.0,-0.0,0.0,0.0,0.0,0.0
443241230,0,0.0,-0.0,0.0,-0.0,0.0,0.0,0.0,0.0
443563586,0,0.0,-0.0,0.0,-0.0,0.0,0.0,0.0,0.0
443863629,0,0.0,-0.0,0.0,-0.0,0.0,0.0,0.0,0.0
444178661,0,0.0,-0.0,0.0,-0.0,0.0,0.0,0.0,0.0
444493688,0,0.0,-0.0,0.0,-0.0,0.0,0.0,0.0,0.0
444808711,0,0.0,-0.0,0.0,-0.0,0.0,0.0,0.0,0.0
445121346,0,0.0,-0.0,0.0,-0.0,0.0,0.0,0.0,0.0
445433758,0,0.0,-0.0,0.0,-0.0,0.0,0.0,0.0,0.0
445746274,0,0.0,-0.0,0.0,-0.0,0.0,0.0,0.0,0.0
446056422,0,0.0,-0.0,0.0,-0.0,0.0,0.0,0.0,0.0
446380825,0,0.0,-0.0,0.0,-0.0,0.0,0.0,0.0,0.0
446686352,0,0.0,-0.0,0.0,-0.0,0.0,0.0,0.0,0.0
446996410,0,0.0,-0.0,0.0,-0.0,0.0,0.0,0.0,0.0
447313999,0,0.0,-0.0,0.0,-0.0,0.0,0.0,0.0,0.0
447628976,0,0.0,-0.0,0.0,-0.0,0.0,0.0,0.0,0.0
447946468,0,0.0,-0.0,0.0,-0.0,0.0,0.0,0.0,0.0
448261622,0,0.0,-0.0,0.0,-0.0,0.0,0.0,0.0,0.0
448579044,0,0.0,-0.0,0.0,-0.0,0.0,0.0,0.0,0.0
448896565,0,0.0,-0.0,0.0,-0.0,0.0,0.0,0.0,0.0
449204079,0,0.0,-0.0,0.0,-0.0,0.0,0.0,0.0,0.0
449506638,0,0.0,-0.0,0.0,-0.0,0.0,0.0,0.0,0.0
449821631,0,0.0,-0.0,0.0,-0.0,0.0,0.0,0.0,0.0
450136674,0,0.0,-0.0,0.0,-0.0,0.0,0.0,0.0,0.0
450449195,0,0.0,-0.0,0.0,-0.0,0.0,0.0,0.0,0.0
450764256,0,0.0,-0.0,0.0,-0.0,0.0,0.0,0.0,0.0
451071931,0,0.0,-0.0,0.0,-0.0,0.0,0.0,0.0,0.0
451386785,0,0.0,-0.0,0.0,-0.0,0.0,0.0,0.0,0.0
451696817,0,0.0,-0.0,0.0,-0.0,0.0,0.0,0.0,0.0
452009443,0,0.0,-0.0,0.0,-0.0,0.0,0.0,0.0,0.0
452324358,0,0.0,-0.0,0.0,-0.0,0.0,0.0,0.0,0.0
452639435,0,0.0,-0.0,0.0,-0.0,0.0,0.0,0.0,0.0
452959480,0,0.0,-0.0,0.0,-0.0,0.0,0.0,0.0,0.0
453271940,0,0.0,-0.0,0.0,-0.0,0.0,0.0,0.0,0.0
453584484,0,0.0,-0.0,0.0,-0.0,0.0,0.0,0.0,0.0
453899647,0,0.0,-0.0,0.0,-0.0,0.0,0.0,0.0,0.0
454217047,0,0.0,-0.0,0.0,-0.0,0.0,0.0,0.0,0.0
454527094,0,0.0,-0.0,0.0,-0.0,0.0,0.0,0.0,0.0
454839586,0,0.0,-0.0,0.0,-0.0,0.0,0.0,0.0,0.0
455157138,0,0.0,-0.0,0.0,-0.0,0.0,0.0,0.0,0.0
455467222,0,0.0,-0.0,0.0,-0.0,0.0,0.0,0.0,0.0
455769697,0,0.0,-0.0,0.0,-0.0,0.0,0.0,0.0,0.0
456077244,0,0.0,-0.0,0.0,-0.0,0.0,0.0,0.0,0.0
456392249,0,0.0,-0.0,0.0,-0.0,0.0,0.0,0.0,0.0
456707288,0,0.0,-0.0,0.0,-0.0,0.0,0.0,0.0,0.0
457017309,0,0.0,-0.0,0.0,-0.0,0.0,0.0,0.0,0.0
457327341,0,0.0,-0.0,0.0,-0.0,0.0,0.0,0.0,0.0
457639845,0,0.0,-0.0,0.0,-0.0,0.0,0.0,0.0,0.0
457954939,0,0.0,-0.0,0.0,-0.0,0.0,0.0,0.0,0.0
458267463,0,0.0,-0.0,0.0,-0.0,0.0,0.0,0.0,0.0
458586666,0,0.0,-0.0,0.0,-0.0,0.0,0.0,0.0,0.0
458897487,0,0.0,-0.0,0.0,-0.0,0.0,0.0,0.0,0.0
459212516,0,0.0,-0.0,0.0,-0.0,0.0,0.0,0.0,0.0
459530071,0,0.0,-0.0,0.0,-0.0,0.0,0.0,0.0,0.0
459842578,0,0.0,-0.0,0.0,-0.0,0.0,0.0,0.0,0.0
460152608,0,0.0,-0.0,0.0,-0.0,0.0,0.0,0.0,0.0
460465141,0,0.0,-0.0,0.0,-0.0,0.0,0.0,0.0,0.0
460772967,0,0.0,-0.0,0.0,-0.0,0.0,0.0,0.0,0.0
461090211,0,0.0,-0.0,0.0,-0.0,0.0,0.0,0.0,0.0
461395342,0,0.0,-0.0,0.0,-0.0,0.0,0.0,0.0,0.0
461715234,0,0.0,-0.0,0.0,-0.0,0.0,0.0,0.0,0.0
462030284,0,0.0,-0.0,0.0,-0.0,0.0,0.0,0.0,0.0
462342812,0,0.0,-0.0,0.0,-0.0,0.0,0.0,0.0,0.0
462644632,0,0.0,-0.0,0.0,-0.0,0.0,0.0,0.0,0.0
462950416,0,0.0,-0.0,0.0,-0.0,0.0,0.0,0.0,0.0
463262899,0,0.0,-0.0,0.0,-0.0,0.0,0.0,0.0,0.0
463583031,0,0.0,-0.0,0.0,-0.0,0.0,0.0,0.0,0.0
463892985,0,0.0,-0.0,0.0,-0.0,0.0,0.0,0.0,0.0
464203009,0,0.0,-0.0,0.0,-0.0,0.0,0.0,0.0,0.0
464518006,0,0.0,-0.0,0.0,-0.0,0.0,0.0,0.0,0.0
464838037,0,0.0,-0.0,0.0,-0.0,0.0,0.0,0.0,0.0
465148069,0,0.0,-0.0,0.0,-0.0,0.0,0.0,0.0,0.0
465448184,0,0.0,-0.0,0.0,-0.0,0.0,0.0,0.0,0.0
465760624,0,0.0,-0.0,0.0,-0.0,0.0,0.0,0.0,0.0
466070658,0,0.0,-0.0,0.0,-0.0,0.0,0.0,0.0,0.0
466385738,0,0.0,-0.0,0.0,-0.0,0.0,0.0,0.0,0.0
466703263,0,0.0,-0.0,0.0,-0.0,0.0,0.0,0.0,0.0
467018249,0,0.0,-0.0,0.0,-0.0,0.0,0.0,0.0,0.0
467323377,0,0.0,-0.0,0.0,-0.0,0.0,0.0,0.0,0.0
467633340,0,0.0,-0.0,0.0,-0.0,0.0,0.0,0.0,0.0
467945995,0,0.0,-0.0,0.0,-0.0,0.0,0.0,0.0,0.0
468263430,0,0.0,-0.0,0.0,-0.0,0.0,0.0,0.0,0.0
468578411,0,0.0,-0.0,0.0,-0.0,0.0,0.0,0.0,0.0
468878572,0,0.0,-0.0,0.0,-0.0,0.0,0.0,0.0,0.0
469198913,0,0.0,-0.0,0.0,-0.0,0.0,0.0,0.0,0.0
469508494,0,0.0,-0.0,0.0,-0.0,0.0,0.0,0.0,0.0
469821252,0,0.0,-0.0,0.0,-0.0,0.0,0.0,0.0,0.0
470133574,0,0.0,-0.0,0.0,-0.0,0.0,0.0,0.0,0.0
470448620,0,0.0,-0.0,0.0,-0.0,0.0,0.0,0.0,0.0
470758767,0,0.0,-0.0,0.0,-0.0,0.0,0.0,0.0,0.0
471071178,0,0.0,-0.0,0.0,-0.0,0.0,0.0,0.0,0.0
471388693,0,0.0,-0.0,0.0,-0.0,0.0,0.0,0.0,0.0
471698720,0,0.0,-0.0,0.0,-0.0,0.0,0.0,0.0,0.0
472014218,0,0.0,-0.0,0.0,-0.0,0.0,0.0,0.0,0.0
472321363,0,0.0,-0.0,0.0,-0.0,0.0,0.0,0.0,0.0
472633844,0,0.0,-0.0,0.0,-0.0,0.0,0.0,0.0,0.0
472946390,0,0.0,-0.0,0.0,-0.0,0.0,0.0,0.0,0.0
473256381,0,0.0,-0.0,0.0,-0.0,0.0,0.0,0.0,0.0
473568925,0,0.0,-0.0,0.0,-0.0,0.0,0.0,0.0,0.0
473878956,0,0.0,-0.0,0.0,-0.0,0.0,0.0,0.0,0.0
474186478,0,0.0,-0.0,0.0,-0.0,0.0,0.0,0.0,0.0
474506646,0,0.0,-0.0,0.0,-0.0,0.0,0.0,0.0,0.0
474821550,0,0.0,-0.0,0.0,-0.0,0.0,0.0,0.0,0.0
475131572,0,0.0,-0.0,0.0,-0.0,0.0,0.0,0.0,0.0
475444212,0,0.0,-0.0,0.0,-0.0,0.0,0.0,0.0,0.0
475759156,0,0.0,-0.0,0.0,-0.0,0.0,0.0,0.0,0.0
476066672,0,0.0,-0.0,0.0,-0.0,0.0,0.0,0.0,0.0
476381735,0,0.0,-0.0,0.0,-0.0,0.0,0.0,0.0,0.0
476691748,0,0.0,-0.0,0.0,-0.0,0.0,0.0,0.0,0.0
477004272,0,0.0,-0.0,0.0,-0.0,0.0,0.0,0.0,0.0
477314305,0,0.0,-0.0,0.0,-0.0,0.0,0.0,0.0,0.0
477624335,0,0.0,-0.0,0.0,-0.0,0.0,0.0,0.0,0.0
477831855,0,0.0,-0.0,0.0,-0.0,0.0,-1.0,0.0,0.0
478147008,0,0.0,-0.0,0.0,-0.0,0.0,-1.0,0.0,0.0
478209402,0,0.0,-0.0,0.0,-0.0,0.0,-1.0,0.0,0.0
478521989,0,0.0,-0.0,0.0,-0.0,0.0,-1.0,0.0,0.0
478834467,0,0.0,-0.0,0.0,-0.0,0.0,-1.0,0.0,0.0
479147004,0,0.0,-0.0,0.0,-0.0,0.0,-1.0,0.0,0.0
479454545,0,0.0,-0.0,0.0,-0.0,0.0,-1.0,0.0,0.0
479667060,0,0.0,-0.0,0.0,-0.0,0.0,-1.0,0.0,0.0
479687081,0,0.0,-0.0,0.0049875313,-0.0,0.0,-1.0,0.0,0.0
479769566,0,0.0,-0.0,0.0,-0.0,0.0,-1.0,0.0,0.0
480087128,0,0.0,-0.0,0.0,-0.0,0.0,-1.0,0.0,0.0
480399653,0,0.0,-0.0,0.0,-0.0,0.0,-1.0,0.0,0.0
480709661,0,0.0,-0.0,0.0,-0.0,0.0,-1.0,0.0,0.0
481019693,0,0.0,-0.0,0.0,-0.0,0.0,-1.0,0.0,0.0
481329733,0,0.0,-0.0,0.0,-0.0,0.0,-1.0,0.0,0.0
481642271,0,0.0,-0.0,0.0,-0.0,0.0,-1.0,0.0,0.0
481954874,0,0.0,-0.0,0.0,-0.0,0.0,-1.0,0.0,0.0
482272374,0,0.0,-0.0,0.0,-0.0,0.0,-1.0,0.0,0.0
482582433,0,0.0,-0.0,0.0,-0.0,0.0,-1.0,0.0,0.0
482897394,0,0.0,-0.0,0.0,-0.0,0.0,-1.0,0.0,0.0
483209940,0,0.0,-0.0,0.0,-0.0,0.0,-1.0,0.0,0.0
483522469,0,0.0,-0.0,0.0,-0.0,0.0,-1.0,0.0,0.0
483840024,0,0.0,-0.0,0.0,-0.0,0.0,-1.0,0.0,0.0
484160035,0,0.0,-0.0,0.0,-0.0,0.0,-1.0,0.0,0.0
484470067,0,0.0,-0.0,0.0,-0.0,0.0,-1.0,0.0,0.0
484782619,0,0.0,-0.0,0.0,-0.0,0.0,-1.0,0.0,0.0
485097641,0,0.0,-0.0,0.0,-0.0,0.0,-1.0,0.0,0.0
485410421,0,0.0,-0.0,0.0,-0.0,0.0,-1.0,0.0,0.0
485722725,0,0.0,-0.0,0.0,-0.0,0.0,-1.0,0.0,0.0
486032844,0,0.0,-0.0,0.0,-0.0,0.0,-1.0,0.0,0.0
486084781,0,0.0,-0.0,0.0,-0.0,0.0,-1.0,0.0,0.0
486222762,0,0.0,-0.0,0.0,-0.0,0.0,-1.0,0.0,0.0
486307859,0,0.0,-0.0,0.0,-0.0,0.0,-1.0,0.0,0.0
486617886,0,0.0,-0.0,0.0,-0.0,0.0,-1.0,0.0,0.0
486932844,0,0.0,-0.0,0.0,-0.0,0.0,-1.0,0.0,0.0
487245494,0,0.0,-0.0,0.0,-0.0,0.0,-1.0,0.0,0.0
487560414,0,0.0,-0.0,0.0,-0.0,0.0,-1.0,0.0,0.0
487765450,0,0.0,-0.0,0.0,-0.0,0.0,-1.0,0.0,0.0
487807946,0,0.0,-0.0,0.0,-0.0,0.0,-1.0,0.0,0.0
487910451,0,0.0,-0.0,0.0,-0.0,0.0,-1.0,0.0,0.0
487930463,0,0.0,-0.0,0.0,-0.0,0.0,-1.0,0.0,0.0
488030466,0,0.0,-0.0,0.0,-0.0,0.0,-1.0,0.0,0.0
488342999,0,0.0,-0.0,0.0,-0.0,0.0,-1.0,0.0,0.0
488655541,0,0.0,-0.0,0.0,-0.0,0.0,-1.0,0.0,0.0
488970565,0,0.0,-0.0,0.0,-0.0,0.0,-1.0,0.0,0.0
489280640,0,0.0,-0.0,0.0,-0.0,0.0,-1.0,0.0,0.0
489590659,0,0.0,-0.0,0.0,-0.0,0.0,-1.0,0.0,0.0
489908197,0,0.0,-0.0,0.0,-0.0,0.0,-1.0,0.0,0.0
490218203,0,0.0,-0.0,0.0,-0.0,0.0,-1.0,0.0,0.0
490525852,0,0.0,-0.0,0.0,-0.0,0.0,-1.0,0.0,0.0
490843382,0,0.0,-0.0,0.0,-0.0,0.0,-1.0,0.0,0.0
491150854,0,0.0,-0.0,0.0,-0.0,0.0,-1.0,0.0,0.0
491458510,0,0.0,-0.0,0.0,-0.0,0.0,-1.0,0.0,0.0
491765904,0,0.0,-0.0,0.0,-0.0,0.0,-1.0,0.0,0.0
492085962,0,0.0,-0.0,0.0,-0.0,0.0,-1.0,0.0,0.0
492395982,0,0.0,-0.0,0.0,-0.0,0.0,-1.0,0.0,0.0
492706042,0,0.0,-0.0,0.0,-0.0,0.0,-1.0,0.0,0.0
493021026,0,0.0,-0.0,0.0,-0.0,0.0,-1.0,0.0,0.0
493338562,0,0.0,-0.0,0.0,-0.0,0.0,-1.0,0.0,0.0
493643609,0,0.0,-0.0,0.0,-0.0,0.0,-1.0,0.0,0.0
493958647,0,0.0,-0.0,0.0,-0.0,0.0,-1.0,0.0,0.0
494266345,0,0.0,-0.0,0.0,-0.0,0.0,-1.0,0.0,0.0
494578800,0,0.0,-0.0,0.0,-0.0,0.0,-1.0,0.0,0.0
494891245,0,0.0,-0.0,0.0,-0.0,0.0,-1.0,0.0,0.0
495203777,0,0.0,-0.0,0.0,-0.0,0.0,-1.0,0.0,0.0
495518830,0,0.0,-0.0,0.0,-0.0,0.0,-1.0,0.0,0.0
495826396,0,0.0,-0.0,0.0,-0.0,0.0,-1.0,0.0,0.0
496141415,0,0.0,-0.0,0.0,-0.0,0.0,-1.0,0.0,0.0
496446424,0,0.0,-0.0,0.0,-0.0,0.0,-1.0,0.0,0.0
496759075,0,0.0,-0.0,0.0,-0.0,0.0,-1.0,0.0,0.0
497071601,0,0.0,-0.0,0.0,-0.0,0.0,-1.0,0.0,0.0
497386534,0,0.0,-0.0,0.0,-0.0,0.0,-1.0,0.0,0.0
497704076,0,0.0,-0.0,0.0,-0.0,0.0,-1.0,0.0,0.0
497889186,0,0.0,-0.0,0.0,-0.0,0.0,-1.0,0.0,0.0
498206673,0,0.0,-0.0,0.0,-0.0,0.0,-1.0,0.0,0.0
498519174,0,0.0,-0.0,0.0,-0.0,0.0,-1.0,0.0,0.0
498836745,0,0.0,-0.0,0.0,-0.0,0.0,-1.0,0.0,0.0
499154250,0,0.0,-0.0,0.0,-0.0,0.0,-1.0,0.0,0.0
499466815,0,0.0,-0.0,0.0,-0.0,0.0,-1.0,0.0,0.0
499784329,0,0.0,-0.0,0.0,-0.0,0.0,-1.0,0.0,0.0
500094562,0,0.0,-0.0,0.0,-0.0,0.0,-1.0,0.0,0.0
500411898,0,0.0,-0.0,0.0,-0.0,0.0,-1.0,0.0,0.0
500729445,0,0.0,-0.0,0.0,-0.0,0.0,-1.0,0.0,0.0
501044466,0,0.0,-0.0,0.0,-0.0,0.0,-1.0,0.0,0.0
501357133,0,0.0,-0.0,0.0,-0.0,0.0,-1.0,0.0,0.0
501669562,0,0.0,-0.0,0.0,-0.0,0.0,-1.0,0.0,0.0
501984743,0,0.0,-0.0,0.0,-0.0,0.0,-1.0,0.0,0.0
502302120,0,0.0,-0.0,0.0,-0.0,0.0,-1.0,0.0,0.0
502612189,0,0.0,-0.0,0.0,-0.0,0.0,-1.0,0.0,0.0
502924760,0,0.0,-0.0,0.0,-0.0,0.0,-1.0,0.0,0.0
503239763,0,0.0,-0.0,0.0,-0.0,0.0,-1.0,0.0,0.0
503547263,0,0.0,-0.0,0.0,-0.0,0.0,-1.0,0.0,0.0
503857322,0,0.0,-0.0,0.0,-0.0,0.0,-1.0,0.0,0.0
504169871,0,0.0,-0.0,0.0,-0.0,0.0,-1.0,0.0,0.0
504482375,0,0.0,-0.0,0.0,-0.0,0.0,-1.0,0.0,0.0
504794954,0,0.0,-0.0,0.0,-0.0,0.0,-1.0,0.0,0.0
505099963,0,0.0,-0.0,0.0,-0.0,0.0,-1.0,0.0,0.0
505417522,0,0.0,-0.0,0.0,-0.0,0.0,-1.0,0.0,0.0
505730095,0,0.0,-0.0,0.0,-0.0,0.0,-1.0,0.0,0.0
506030114,0,0.0,-0.0,0.0,-0.0,0.0,-1.0,0.0,0.0
506337632,0,0.0,-0.0,0.0,-0.0,0.0,-1.0,0.0,0.0
506655167,0,0.0,-0.0,0.0,-0.0,0.0,-1.0,0.0,0.0
506965187,0,0.0,-0.0,0.0,-0.0,0.0,-1.0,0.0,0.0
507275226,0,0.0,-0.0,0.0,-0.0,0.0,-1.0,0.0,0.0
507585752,0,0.0,-0.0,0.0,-0.0,0.0,-1.0,0.0,0.0
507892817,0,0.0,-0.0,0.0,-0.0,0.0,-1.0,0.0,0.0
508205330,0,0.0,-0.0,0.0,-0.0,0.0,-1.0,0.0,0.0
508515372,0,0.0,-0.0,0.0,-0.0,0.0,-1.0,0.0,0.0
508830445,0,0.0,-0.0,0.0,-0.0,0.0,-1.0,0.0,0.0
509143085,0,0.0,-0.0,0.0,-0.0,0.0,-1.0,0.0,0.0
509465015,0,0.0,-0.0,0.0,-0.0,0.0,-1.0,0.0,0.0
509770530,0,0.0,-0.0,0.0,-0.0,0.0,-1.0,0.0,0.0
510085594,0,0.0,-0.0,0.0,-0.0,0.0,-1.0,0.0,0.0
510398240,0,0.0,-0.0,0.0,-0.0,0.0,-1.0,0.0,0.0
510705666,0,0.0,-0.0,0.0,-0.0,0.0,-1.0,0.0,0.0
