timestamp,accel_device_id,gyro_device_id,accel_clipping[0],accel_clipping[1],accel_clipping[2],accel_error_count,gyro_error_count,accel_rate_hz,gyro_rate_hz,accel_raw_rate_hz,gyro_raw_rate_hz,accel_vibration_metric,gyro_vibration_metric,delta_angle_coning_metric,mean_accel[0],mean_accel[1],mean_accel[2],mean_gyro[0],mean_gyro[1],mean_gyro[2],var_accel[0],var_accel[1],var_accel[2],var_gyro[0],var_gyro[1],var_gyro[2],temperature_accel,temperature_gyro
218148482,4259850,4325386,0,0,0,0,0,411.04898,400.016,2055.2449,2000.08,0.032910798,0.008673576,4.186306e-11,-0.2846445,-0.0191742,-9.778226,0.002180231,0.00246496,0.0006161684,0.002796603,0.0019210877,0.016161617,4.9478214e-05,7.54421e-05,9.969741e-05,39.0,nan
219158562,4259850,4325386,0,0,0,0,0,411.04898,400.016,2055.2449,2000.08,0.032978605,0.008689778,4.1234863e-11,-0.28694955,-0.01825996,-9.769502,0.0024724316,0.0033329169,-0.0007942886,0.0028118948,0.0038504133,0.017496737,9.904067e-05,0.000111287176,9.655489e-05,39.0,nan
220163647,4259850,4325386,0,0,0,0,0,411.04898,400.016,2055.2449,2000.08,0.58501655,0.0143105155,2.0229338e-10,-0.29118142,0.044049773,-9.813717,-0.011419632,0.005802818,-0.004764507,0.11643218,0.634433,0.4757761,0.00061437883,0.00050714123,8.370461e-05,39.0,nan
221183725,4259850,4325386,0,0,0,0,0,411.04898,400.016,2055.2449,2000.08,1.2700927,0.028877974,3.7487055e-10,-0.19169496,0.15352038,-9.84188,-0.0065042204,0.020160275,-0.00027175513,0.97948796,2.3101425,4.1557446,0.0024444992,0.0038379214,-7.903229e-05,39.0,nan
222093918,4259850,4325386,0,0,0,0,0,411.04898,400.016,2055.2449,2000.08,2.0110347,0.050309,6.096631e-09,0.29297882,0.31291094,-9.765175,0.085058965,0.00856084,0.08983656,2.2997105,2.5156412,4.887274,0.0031291158,0.008683177,-1.43406105e-05,39.0,nan
223108890,4259850,4325386,0,0,0,0,0,411.04898,400.016,2055.2449,2000.08,3.0666904,0.061376274,4.7602886e-09,-0.30422136,0.018750947,-10.14402,-0.07308786,-0.101700306,-0.00493575,4.858831,11.851553,17.158045,0.0165797,0.0134353675,-0.0007032558,39.0,nan
224113989,4259850,4325386,0,0,0,0,0,411.04898,400.016,2055.2449,2000.08,3.2381296,0.06747553,3.0722516e-09,-0.40370136,0.2053111,-9.635518,0.04364901,-0.09499131,-0.0296893,1.9932317,13.170255,11.823106,0.009696171,0.0064481646,-0.00029212743,39.0,nan
225124062,4259850,4325386,0,0,0,0,0,411.04898,400.016,2055.2449,2000.08,3.1584125,0.058735725,5.500541e-09,-0.49576706,0.07369767,-9.930745,0.094852395,0.08341375,0.0054411637,4.507009,19.906607,16.58909,0.013997251,0.00871336,-0.00038293918,39.0,nan
226129167,4259850,4325386,0,0,0,0,0,411.04898,400.016,2055.2449,2000.08,2.1685874,0.043717112,2.7046558e-09,-0.4929377,0.15278071,-10.033446,-0.054125667,-0.04089904,-0.008409669,3.2251415,35.76169,22.250235,0.028652275,0.02565341,-0.0014940086,39.0,nan
227134238,4259850,4325386,0,0,0,0,0,411.04898,400.016,2055.2449,2000.08,2.9038432,0.054526247,1.9625677e-09,-0.46854642,0.23035756,-9.737669,0.025360439,0.029391421,-0.008847395,6.670424,29.088734,16.129162,0.021533882,0.012313447,-0.00088512275,39.0,nan
228139323,4259850,4325386,0,0,0,0,0,411.04898,400.016,2055.2449,2000.08,2.7362707,0.054333176,5.2198104e-09,-0.35247946,0.12599507,-9.834808,0.008456911,0.07257727,0.08205937,5.66835,63.556416,23.028189,0.037287027,0.025797646,-0.00071171345,39.0,nan
229144406,4259850,4325386,0,0,0,0,0,411.04898,400.016,2055.2449,2000.08,2.759369,0.051937006,3.0651646e-09,-0.20582022,0.05250676,-9.7680645,0.020664163,0.022482036,0.0414134,7.8754597,40.60361,13.1390505,0.023369348,0.010671304,-0.00059451297,39.0,nan
230164499,4259850,4325386,0,0,0,0,0,411.04898,400.016,2055.2449,2000.08,2.5492055,0.048935033,2.4478959e-09,-0.3192998,-0.054261632,-9.898919,0.053116262,-0.0042044213,0.016103785,6.790273,26.292084,19.504324,0.015071323,0.018439503,-0.00054414076,39.5,nan
231169582,4259850,4325386,0,0,0,0,0,411.04898,400.016,2055.2449,2000.08,2.5996938,0.048937373,2.8510727e-09,-0.25125444,-0.15085489,-9.679492,-0.02899016,0.059214715,0.006963789,4.642094,16.02631,18.813324,0.014841253,0.016990412,-0.0008628215,39.0,nan
232189678,4259850,4325386,0,0,0,0,0,411.04898,400.016,2055.2449,2000.08,2.2895334,0.044942707,9.908745e-10,-0.3341849,0.06400087,-9.923813,0.018581266,-0.04426955,-0.0030040317,1.0426427,9.644207,0.7844178,0.008357565,0.0007685521,-5.635605e-05,39.5,nan
233094759,4259850,4325386,0,0,0,0,0,411.04898,400.016,2055.2449,2000.08,3.3193,0.059892174,3.0716916e-09,-0.4357776,0.12642987,-9.791232,-0.052405227,-7.16408e-05,-0.0529837,3.504844,1.1994492,11.7478895,0.0023499161,0.0036721646,-8.9258014e-05,39.5,nan
234094846,4259850,4325386,0,0,0,0,0,411.04898,400.016,2055.2449,2000.08,2.9516788,0.054094795,1.4263974e-09,-0.34958598,0.051028084,-9.787833,0.013822957,-0.0047972393,-0.03278934,2.2564058,15.503227,8.431629,0.006814759,0.0073537985,1.0062663e-05,39.5,nan
235099933,4259850,4325386,0,0,0,0,0,411.04898,400.016,2055.2449,2000.08,2.5570116,0.04657164,1.662487e-09,-0.38652265,0.11241246,-10.5426655,-0.025083464,0.02671256,0.00069042546,2.7325428,15.0332985,9.387337,0.012867095,0.003879763,-0.00049133284,39.5,nan
236105027,4259850,4325386,0,0,0,0,0,411.04898,400.016,2055.2449,2000.08,2.4491656,0.05360198,2.2224185e-09,-0.3697768,-0.157801,-10.154382,0.046433758,0.0742116,-0.003948773,1.3856579,23.9131,9.553078,0.016000614,0.011260068,-0.0005675123,39.5,nan
237120117,4259850,4325386,0,0,0,0,0,411.04898,400.016,2055.2449,2000.08,3.4746184,0.07340297,7.678716e-09,-0.33949828,0.11806139,-9.713304,-0.063900955,-0.03045597,0.06912639,2.9158633,114.66017,14.051819,0.08014573,0.015376633,-0.002384953,39.5,nan
238130207,4259850,4325386,0,0,0,0,0,411.04898,400.016,2055.2449,2000.08,2.380158,0.04597705,2.406043e-09,-0.29805002,0.037995502,-9.634042,0.02003473,0.07618168,0.0052071945,2.093885,174.87862,3.1749833,0.09918421,0.008689561,-0.0026292724,39.5,nan
239135301,4259850,4325386,0,0,0,0,0,411.04898,400.016,2055.2449,2000.08,3.2416327,0.069381304,2.9360578e-09,-0.29667017,0.15679547,-9.772535,0.00039312438,-0.026798889,0.029511645,1.6008016,24.589878,16.508612,0.02840541,0.008621822,-0.0011167934,39.5,nan
240140393,4259850,4325386,0,0,0,0,0,411.04898,400.016,2055.2449,2000.08,3.1573257,0.065493755,2.5747608e-09,-0.24664389,0.10691828,-9.7066765,-0.040957004,0.0058956887,0.02918716,2.3456357,85.36666,9.887349,0.06757584,0.010731353,-0.0023567397,39.5,nan
241145483,4259850,4325386,0,0,0,0,0,411.04898,400.016,2055.2449,2000.08,3.1060073,0.06880436,2.8464722e-09,-0.2861792,-0.27818587,-9.853597,-0.010795003,0.014456649,0.01756035,2.6154873,129.52457,11.782963,0.08530747,0.008026969,-0.0024185923,39.5,nan
242150578,4259850,4325386,0,0,0,0,0,411.04898,400.016,2055.2449,2000.08,3.2259302,0.06719677,2.2642836e-09,-0.3826061,-0.06252871,-9.714454,0.01634188,0.021995004,0.022322971,3.0179229,213.59425,6.495816,0.1786559,0.01194163,-0.0071632187,39.5,nan
243160735,4259850,4325386,0,0,0,0,0,411.04898,400.016,2055.2449,2000.08,2.4513671,0.057239182,2.1627375e-09,-0.27156174,0.43071997,-9.702371,-0.014768552,-0.02215777,-0.026684714,2.323447,88.37652,2.6331427,0.06570887,0.006110662,-0.0016904095,39.5,nan
244190867,4259850,4325386,0,0,0,0,0,411.04898,400.016,2055.2449,2000.08,2.9702613,0.0628791,1.6370314e-09,-0.31308764,0.2707259,-9.843075,0.045712195,-0.03472768,0.014178861,2.7413142,17.404682,12.264482,0.022335663,0.0075927735,-0.00081527553,39.5,nan
245105851,4259850,4325386,0,0,0,0,0,411.04898,400.016,2055.2449,2000.08,3.1898997,0.058018774,1.2954039e-09,-0.27566898,0.20356308,-9.742642,-0.021302128,0.0047503537,0.010206286,1.4979162,13.084208,8.25288,0.010083847,0.004340715,-0.00035766693,39.5,nan
246110945,4259850,4325386,0,0,0,0,0,411.04898,400.016,2055.2449,2000.08,2.9591722,0.060175687,2.3793276e-09,-0.2787914,0.25266042,-9.79359,-0.027639652,0.02949964,0.010495261,2.5126274,216.38525,0.51933455,0.13247347,0.01094795,-0.003225722,39.5,nan
247121039,4259850,4325386,0,0,0,0,0,411.04898,400.016,2055.2449,2000.08,2.7261024,0.05416636,1.9467736e-09,-0.26534688,0.09521701,-9.865621,0.029876092,0.03865856,-0.013626216,3.0967839,132.50137,2.9269357,0.08525169,0.012147068,-0.0026812195,39.5,nan
248126133,4259850,4325386,0,0,0,0,0,411.04898,400.016,2055.2449,2000.08,2.0979054,0.046389684,1.5128822e-09,-0.225862,0.19290903,-8.728072,0.037528012,0.010481164,0.006156541,3.2557611,20.800097,7.3560305,0.011092721,0.0076875724,0.00014515688,39.5,nan
249131229,4259850,4325386,0,0,0,0,0,411.04898,400.016,2055.2449,2000.08,2.6698866,0.051412858,4.9271542e-09,-0.3320556,0.07756135,-9.249635,0.03364504,-0.024961673,0.030030802,5.228555,88.624245,19.91768,0.061910886,0.023260836,-0.0022121675,39.5,nan
250146328,4259850,4325386,0,0,0,0,0,411.04898,400.016,2055.2449,2000.08,3.02946,0.057210255,3.951739e-09,-0.2618225,0.1528571,-9.251059,-0.010408093,-0.025337998,0.04557503,5.7314835,32.198074,15.594874,0.02059721,0.012865232,-0.00019682424,39.5,nan
251151419,4259850,4325386,0,0,0,0,0,411.04898,400.016,2055.2449,2000.08,2.7513516,0.060141414,1.7117529e-08,-0.37491506,0.065197,-10.009806,0.0008822352,0.47517857,0.02698141,3.301413,89.59019,4.420375,0.043488156,0.016846614,-0.0007855697,39.5,nan
252161514,4259850,4325386,0,0,0,0,0,411.04898,400.016,2055.2449,2000.08,2.4907656,0.05295752,1.1574124e-08,-0.286625,-0.037663758,-10.104999,0.19741721,-0.46995628,0.11354102,3.152993,30.305687,16.099533,0.0211517,0.017274639,-0.00072464347,39.5,nan
253166612,4259850,4325386,0,0,0,0,0,411.04898,400.016,2055.2449,2000.08,2.6162343,0.057261046,4.0609603e-08,-0.4153685,0.20992392,-10.591764,-0.9210587,-0.56704664,-0.01699823,4.840616,53.2923,13.802128,0.05387378,0.015729448,-0.0021950456,39.5,nan
254176707,4259850,4325386,0,0,0,0,0,411.04898,400.016,2055.2449,2000.08,2.9093962,0.060321104,4.990958e-08,-0.93968195,0.260242,-10.779453,-0.35044077,1.3592217,-0.07985788,6.4216685,354.55356,3.100129,0.25430623,0.03683734,-0.009313169,39.5,nan
255181801,4259850,4325386,0,0,0,0,0,411.04898,400.016,2055.2449,2000.08,3.4128299,0.06547201,8.248342e-09,-0.6684226,1.560776,-9.876917,0.06264134,-0.070836216,-0.14332901,16.058636,280.6854,7.4097934,0.19602978,0.017126227,-0.005760086,39.5,nan
256186896,4259850,4325386,0,0,0,0,0,411.04898,400.016,2055.2449,2000.08,3.334824,0.06739433,1.9439236e-08,-0.34673417,1.4452862,-9.933265,0.374257,0.26180127,-0.1319397,8.802735,209.54613,21.880527,0.12458676,0.025114024,-0.0038964327,39.5,nan
257191993,4259850,4325386,0,0,0,0,0,411.04898,400.016,2055.2449,2000.08,4.128116,0.08057161,1.5604678e-08,-0.2692636,0.9234333,-9.582729,-0.00574836,-0.23160382,-0.15941352,13.855211,140.42723,21.65623,0.08630813,0.03183436,-0.0032138922,40.0,nan
258107082,4259850,4325386,0,0,0,0,0,411.04898,400.016,2055.2449,2000.08,3.781491,0.0857376,2.8196746e-08,-0.4197436,0.97886425,-10.869134,0.17036042,-0.45892754,-0.029292554,12.14178,85.89484,20.452923,0.06962378,0.02705523,-0.0027243898,40.0,nan
259112227,4259850,4325386,0,0,0,0,0,411.04898,400.016,2055.2449,2000.08,3.3310542,0.07136082,3.8783977e-08,-1.0081592,0.80255723,-9.17063,0.09169283,0.62199247,0.07931887,6.0946155,342.50378,22.867382,0.24674612,0.043600794,-0.008078453,40.0,nan
260117304,4259850,4325386,0,0,0,0,0,411.04898,400.016,2055.2449,2000.08,3.454627,0.07391758,2.513436e-08,-0.75013995,1.0223002,-9.940542,0.29879528,0.24431853,0.00046376672,16.316845,213.387,13.039297,0.15242274,0.019685559,-0.0049852272,39.5,nan
261127378,4259850,4325386,0,0,0,0,0,411.04898,400.016,2055.2449,2000.08,3.6099315,0.07231225,1.566554e-08,-0.6086655,0.716662,-9.477525,-0.27099097,-0.27618152,0.10335264,13.455028,101.56756,6.598666,0.07665603,0.01296455,-0.0026414895,39.5,nan
262137489,4259850,4325386,0,0,0,0,0,411.04898,400.016,2055.2449,2000.08,3.0111597,0.06550824,1.6282357e-08,-0.4503078,0.60366356,-8.810309,0.13982056,0.32476774,0.07504709,2.462797,66.811844,10.389618,0.05230724,0.01315946,-0.0017114506,39.5,nan
263152578,4259850,4325386,0,0,0,0,0,411.04898,400.016,2055.2449,2000.08,2.8550327,0.05982883,6.0725975e-09,-0.3464842,0.23328538,-10.369484,-0.01666171,-0.15429534,0.035969753,6.6741934,45.91039,18.450365,0.03036617,0.02364094,-0.00095909124,40.0,nan
264167683,4259850,4325386,0,0,0,0,0,411.04898,400.016,2055.2449,2000.08,3.6007204,0.08366991,9.507822e-09,6.08625,0.5670794,-9.535984,-0.05891534,0.024844015,0.06817451,21.33306,196.31938,10.367449,0.108534224,0.020055115,-0.0015958558,39.5,nan
265192780,4259850,4325386,0,0,0,0,0,411.04898,400.016,2055.2449,2000.08,5.4701858,0.14502448,3.1948925e-08,5.186356,0.01151732,-9.8838825,0.031441197,0.09166386,-0.15699738,40.658363,234.9311,55.00999,0.1986201,0.04666001,-0.0033064838,39.5,nan
266097890,4259850,4325386,0,0,0,0,0,411.04898,400.016,2055.2449,2000.08,8.978707,0.15449828,1.2064136e-08,4.929088,-0.13220643,-8.602314,-0.03843475,-0.09859632,-0.03751012,48.55733,110.6777,112.053,0.080486335,0.04639639,-0.0017538178,39.5,nan
267112965,4259850,4325386,0,0,0,0,0,411.04898,400.016,2055.2449,2000.08,11.892664,0.19096029,1.4621619e-08,3.6748664,0.29623497,-11.012372,0.055767957,0.062443044,-0.033622384,54.292664,123.502205,109.169235,0.12520033,0.042470578,-0.004307771,40.0,nan
268123069,4259850,4325386,0,0,0,0,0,411.04898,400.016,2055.2449,2000.08,10.069024,0.16751127,8.939027e-09,2.8448157,0.2316756,-11.498526,0.09186756,-0.076897606,-0.03016204,16.587751,39.724586,55.866478,0.024835553,0.022350974,0.00013750012,39.5,nan
269133126,4259850,4325386,0,0,0,0,0,411.04898,400.016,2055.2449,2000.08,4.2449927,0.09012424,5.8257097e-08,-2.2114906,0.34404224,-11.715808,1.2630553,-0.07244395,0.035008006,10.748308,92.9929,7.977753,0.01073803,0.0122792395,0.0013005093,40.0,nan
270138220,4259850,4325386,0,0,0,0,0,411.04898,400.016,2055.2449,2000.08,3.020713,0.07118977,5.001954e-08,-0.19938736,1.0124909,-17.723316,-0.6973199,0.3560905,0.5702697,11.09772,28.255407,12.946265,0.010843802,0.019103322,6.771886e-05,40.0,nan
271148324,4259850,4325386,0,0,0,0,0,411.04898,400.016,2055.2449,2000.08,3.601857,0.08731751,1.1960987e-08,-0.5169384,-0.04784785,-6.425589,-0.20526716,-0.050672594,0.041259244,15.3794365,56.31692,3.923772,0.02208506,0.010492024,0.000100632904,40.0,nan
272148422,4259850,4325386,0,0,0,0,0,411.04898,400.016,2055.2449,2000.08,3.2089865,0.07309446,1.6824815e-08,-0.0054382607,-0.11973503,-11.413405,0.23504515,0.040405165,-0.20207007,19.202303,29.18183,6.890542,0.018802432,0.009787973,-0.00029921834,40.0,nan
273153525,4259850,4325386,0,0,0,0,0,411.04898,400.016,2055.2449,2000.08,2.9170802,0.06472512,6.7425785e-09,-0.3176595,0.056089234,-9.201184,0.05231378,-0.10356905,-0.045331005,14.996176,37.4154,7.653064,0.016470373,0.010322846,0.000111605,40.0,nan
274153663,4259850,4325386,0,0,0,0,0,411.04898,400.016,2055.2449,2000.08,2.8958168,0.063331984,5.3534976e-09,-0.12547465,0.35760307,-10.9217415,0.018278806,-0.068228744,-0.028326986,13.50482,34.35234,11.175337,0.017280774,0.010138132,-7.267695e-05,40.0,nan
275163725,4259850,4325386,0,0,0,0,0,411.04898,400.016,2055.2449,2000.08,2.8880067,0.064852946,1.7139815e-08,-0.627088,0.29917374,-11.287457,-0.3590598,-0.024617596,-0.0023830512,14.401048,33.705177,9.894594,0.05488224,0.010934736,-0.0021599822,40.0,nan
276178822,4259850,4325386,0,0,0,0,0,411.04898,400.016,2055.2449,2000.08,2.9086163,0.065617576,3.7794837e-08,1.7522649,-0.6978499,-22.83728,-0.008821283,0.81509215,-0.605023,22.055454,48.652534,18.521,0.010187262,0.004800305,0.00022173018,40.0,nan
277188935,4259850,4325386,0,0,0,0,0,411.04898,400.016,2055.2449,2000.08,3.0987933,0.07743719,4.1399378e-08,1.4816968,-1.8750564,-20.44115,0.008217892,0.63443947,-0.5588582,22.390928,58.92952,21.769238,0.025455335,0.005003529,-0.0001915367,40.0,nan
278099014,4259850,4325386,0,0,0,0,0,411.04898,400.016,2055.2449,2000.08,3.3966382,0.0809619,5.6416177e-08,1.364928,-2.8123524,-19.01464,-0.060985435,0.6929962,-0.51792324,29.155134,71.33892,34.32682,0.033453595,0.010135887,0.0007696114,40.0,nan
279109115,4259850,4325386,0,0,0,0,0,411.04898,400.016,2055.2449,2000.08,3.221969,0.08370929,4.920234e-08,1.6909777,-2.3371646,-16.04208,-0.08438814,0.37436387,-0.57010657,20.703176,74.84463,16.055042,0.06768266,0.013638545,-0.0016717603,40.0,nan
280119213,4259850,4325386,0,0,0,0,0,411.04898,400.016,2055.2449,2000.08,2.7775939,0.06827017,6.792844e-08,-0.41515857,-0.456162,-5.917399,1.308473,0.06487395,-0.030278219,19.295568,51.320976,5.809154,0.039945833,0.011297728,9.0382666e-05,39.5,nan
281129309,4259850,4325386,0,0,0,0,0,411.04898,400.016,2055.2449,2000.08,2.6791039,0.059143923,3.4413326e-08,0.17258644,0.011340713,-17.114769,-0.20128474,0.35564634,0.52099085,22.60083,58.31865,10.188351,0.024798939,0.013755812,0.00050476554,39.5,nan
282139409,4259850,4325386,0,0,0,0,0,411.04898,400.016,2055.2449,2000.08,2.824021,0.059986986,2.3836067e-08,-0.13010809,0.11158411,-11.611789,-0.13733692,0.120292544,0.32847822,19.367743,66.76021,11.259533,0.026993202,0.009736699,0.00080395653,39.5,nan
283139505,4259850,4325386,0,0,0,0,0,411.04898,400.016,2055.2449,2000.08,2.873758,0.06327445,1.487634e-08,-0.62617826,0.24918644,-8.835025,-0.14645872,0.076650076,0.13643864,15.729695,54.174347,5.5433583,0.020502212,0.011908722,0.0001167743,39.5,nan
284139605,4259850,4325386,0,0,0,0,0,411.04898,400.016,2055.2449,2000.08,3.0191972,0.064617515,1.2693112e-08,-0.80267376,0.39484656,-9.630822,-0.20197178,-0.079146095,0.119942404,13.707422,39.772144,5.9455295,0.021374524,0.009998738,-7.969712e-05,39.5,nan
285144717,4259850,4325386,0,0,0,0,0,411.04898,400.016,2055.2449,2000.08,3.1071763,0.06692469,1.1920494e-08,-0.9507336,0.33748993,-9.062356,-0.15723737,-0.067443706,0.08020047,13.525217,45.34443,5.093033,0.047808833,0.009893884,-0.0015106384,39.5,nan
286159796,4259850,4325386,0,0,0,0,0,411.04898,400.016,2055.2449,2000.08,3.1786065,0.06787856,9.614785e-09,-0.63124573,0.3490185,-10.904784,-0.13735059,-0.057629876,-0.06754984,12.738556,33.15696,7.391445,0.019423418,0.010233796,0.0005873649,39.5,nan
287164892,4259850,4325386,0,0,0,0,0,411.04898,400.016,2055.2449,2000.08,3.0779383,0.06783239,9.377786e-09,-0.28713295,-0.04511297,-11.462091,-0.117705554,0.08277196,0.040351633,12.897019,38.121986,6.2883177,0.025237346,0.010294688,-0.0003097189,39.5,nan
288169987,4259850,4325386,0,0,0,0,0,411.04898,400.016,2055.2449,2000.08,3.1923184,0.06696746,4.967732e-09,0.03224562,0.034037482,-10.782056,0.029948175,0.13357423,-0.015893918,13.503138,38.853218,5.430876,0.022258641,0.008887242,-0.0001049805,39.5,nan
289190089,4259850,4325386,0,0,0,0,0,411.04898,400.016,2055.2449,2000.08,3.1661632,0.06789746,1.09731495e-08,-0.07896418,0.025185699,-8.544547,0.21445139,0.06421725,-0.0076017305,14.405812,47.65414,6.6781654,0.024833156,0.012214841,-0.0005109664,39.5,nan
290110173,4259850,4325386,0,0,0,0,0,411.04898,400.016,2055.2449,2000.08,3.097866,0.064470515,1.1833226e-08,-0.07202313,-0.15755093,-9.973383,0.22625639,-0.09315605,0.061827425,14.015005,43.183033,4.783973,0.037903123,0.008326813,-0.0009186543,39.5,nan
291125265,4259850,4325386,0,0,0,0,0,411.04898,400.016,2055.2449,2000.08,3.1649392,0.06748086,4.727789e-09,-0.19648236,0.15586461,-12.013386,0.011677872,-0.03502117,0.05730853,12.327055,36.975628,11.217867,0.019915413,0.011587393,-0.00026932056,39.5,nan
292135357,4259850,4325386,0,0,0,0,0,411.04898,400.016,2055.2449,2000.08,3.2292688,0.0667515,1.8099376e-08,-0.030974196,0.38680458,-10.860869,-0.2620842,0.106938094,0.03555793,9.5301895,33.33141,8.918089,0.012380126,0.012657612,0.00044264688,39.5,nan
293135448,4259850,4325386,0,0,0,0,0,411.04898,400.016,2055.2449,2000.08,3.3257499,0.06905817,5.5673364e-09,0.101622865,0.23033527,-9.395912,0.094775036,0.03829465,-0.014978191,12.272437,33.328156,9.062945,0.013928268,0.009089901,-1.4921737e-05,39.5,nan
294140543,4259850,4325386,0,0,0,0,0,411.04898,400.016,2055.2449,2000.08,3.4105933,0.06946239,3.4510905e-09,-0.13238136,0.45757332,-10.270482,0.025831124,-0.07820078,-0.003733514,13.211764,31.608244,9.794764,0.0116735725,0.011376039,0.00021281902,39.5,nan
295140638,4259850,4325386,0,0,0,0,0,411.04898,400.016,2055.2449,2000.08,3.325597,0.06974826,7.41671e-09,-0.2250243,-0.04528374,-9.692041,-0.08587103,-0.062443297,0.07516447,11.547245,38.683414,7.2759833,0.023157919,0.01035766,9.465796e-05,39.5,nan
296155726,4259850,4325386,0,0,0,0,0,411.04898,400.016,2055.2449,2000.08,3.3292212,0.06966499,1.1355874e-08,0.2666098,0.28379208,-11.861656,-0.18992993,0.11912651,-0.0030598724,11.65209,21.004791,12.590323,0.013785442,0.012563636,-0.00023149014,39.5,nan
297165816,4259850,4325386,0,0,0,0,0,411.04898,400.016,2055.2449,2000.08,3.357819,0.07105976,6.54157e-09,-0.11928334,-0.058275487,-9.455471,0.11905542,0.009905355,0.024609365,10.815544,34.231,7.0791597,0.016594755,0.010326692,-4.472564e-05,39.5,nan
298170909,4259850,4325386,0,0,0,0,0,411.04898,400.016,2055.2449,2000.08,3.393622,0.07372806,6.998334e-09,-0.22079442,0.076727815,-8.913621,0.108671375,-0.11499367,-0.0014880397,13.695027,32.35116,8.397271,0.015459578,0.010990405,-0.000106403546,39.5,nan
299170995,4259850,4325386,0,0,0,0,0,411.04898,400.016,2055.2449,2000.08,3.4165015,0.07267491,1.6858285e-08,-0.25495532,0.1591197,-9.578038,-0.30615434,-0.07023857,-0.029756512,10.863294,34.815987,8.694462,0.018212913,0.011269412,-0.00016609224,39.5,nan
300171106,4259850,4325386,0,0,0,0,0,411.04898,400.016,2055.2449,2000.08,3.3457174,0.07098963,7.373517e-09,-0.18934925,0.020354332,-9.875284,0.07442078,0.10769334,0.086412266,13.170794,37.16041,6.842852,0.017974554,0.008780859,0.00012021988,39.5,nan
301181172,4259850,4325386,0,0,0,0,0,411.04898,400.016,2055.2449,2000.08,3.391141,0.075932585,5.8855726e-08,-0.109239146,-0.32055268,-10.005247,0.9978757,0.037216004,-0.05807561,15.117885,32.914314,9.302868,0.015820475,0.011553002,6.358433e-05,39.5,nan
302191262,4259850,4325386,0,0,0,0,0,411.04898,400.016,2055.2449,2000.08,2.8384945,0.060496923,4.27341e-08,1.6119756,0.6962757,-19.016241,0.111563504,0.74900985,0.5801056,8.506848,37.52204,8.592389,0.013625858,0.00970888,0.0007010741,39.5,nan
303101339,4259850,4325386,0,0,0,0,0,411.04898,400.016,2055.2449,2000.08,3.0455976,0.06720368,2.5529653e-08,-0.09457535,0.86280996,-8.0450735,-0.2288036,0.08469462,0.33892837,8.97304,29.441553,9.556212,0.008139926,0.011627998,0.0007853711,39.5,nan
304111429,4259850,4325386,0,0,0,0,0,411.04898,400.016,2055.2449,2000.08,3.542044,0.087888904,2.3813325e-08,-0.31802106,0.16788283,-13.015117,-0.07658998,0.18405843,0.25153914,21.306734,32.25075,9.507435,0.01544968,0.011970873,0.00081047317,39.5,nan
305116514,4259850,4325386,0,0,0,0,0,411.04898,400.016,2055.2449,2000.08,3.7769399,0.097350396,1.7142138e-08,-0.99962914,0.18556693,-9.193058,-0.22829668,-0.09727592,-0.0054662153,13.222297,83.99792,8.48168,0.05274294,0.012617511,-0.00073657406,39.5,nan
306121601,4259850,4325386,0,0,0,0,0,411.04898,400.016,2055.2449,2000.08,3.5007713,0.0789997,3.4323328e-08,0.995944,-0.5993549,-16.03979,0.1314941,0.73782635,0.389098,15.027072,30.658484,8.374886,0.023264654,0.008682923,-0.00031705832,39.0,nan
307126690,4259850,4325386,0,0,0,0,0,411.04898,400.016,2055.2449,2000.08,2.7512653,0.064215116,3.2101006e-08,1.7178088,0.5031529,-18.78948,0.08269618,0.5591467,0.4099813,8.403166,27.833616,9.342808,0.009019706,0.012115496,0.0005788449,39.0,nan
308131772,4259850,4325386,0,0,0,0,0,411.04898,400.016,2055.2449,2000.08,3.8877308,0.08191109,2.3828763e-08,-1.082038,0.5040497,-13.716371,-0.10816697,0.48347095,0.34704497,4.300992,94.32247,15.736869,0.02083356,0.00870618,0.0004528555,39.0,nan
309141852,4259850,4325386,0,0,0,0,0,411.04898,400.016,2055.2449,2000.08,4.043914,0.08578161,9.909747e-08,-2.0544467,0.7379798,-11.043217,-0.7859266,0.18265866,0.44626382,3.6635578,24.62314,37.26916,0.0025536455,0.036498357,0.00051827653,39.0,nan
310146940,4259850,4325386,0,0,0,0,0,411.04898,400.016,2055.2449,2000.08,4.5820374,0.09223024,2.2589075e-08,-1.9285729,0.66538566,-8.2410965,-0.50354326,-0.021250902,-0.1041935,1.4622085,5.724756,12.795341,0.00670371,0.0070922687,-4.74318e-05,39.0,nan
311152023,4259850,4325386,0,0,0,0,0,411.04898,400.016,2055.2449,2000.08,2.934742,0.061153136,1.3099438e-08,-1.8372909,0.04427398,-9.0868225,0.2553937,0.034911912,-0.16456035,1.4528431,7.464975,11.980928,0.00411348,0.0076798405,-2.7670992e-05,39.0,nan
312162107,4259850,4325386,0,0,0,0,0,411.04898,400.016,2055.2449,2000.08,2.2088149,0.040844098,5.316088e-09,-1.739032,0.24916518,-9.148455,-0.015774054,0.032296047,-0.21101044,1.6650393,3.859921,9.805438,0.0006800463,0.0073127123,4.6355563e-05,39.0,nan
313162189,4259850,4325386,0,0,0,0,0,411.04898,400.016,2055.2449,2000.08,2.2200594,0.042081352,7.974738e-09,-1.8151747,0.22026321,-7.598336,0.22383176,-0.010600438,-0.13944972,1.4664472,2.6238422,10.465144,0.0009236324,0.0064348597,-2.82613e-05,39.0,nan
314182271,4259850,4325386,0,0,0,0,0,411.04898,400.016,2055.2449,2000.08,2.2579834,0.038409963,7.491365e-09,-1.5402917,0.14646706,-9.007016,0.26451796,-0.0059321634,-0.020002836,2.9393048,3.7480607,17.843662,0.007264309,0.012473263,-0.00050698034,39.0,nan
315092346,4259850,4325386,0,0,0,0,0,411.04898,400.016,2055.2449,2000.08,2.4906487,0.038287252,4.5923327e-09,-1.3836411,0.11288787,-9.776641,0.10194155,-0.038802795,0.08894797,2.1878533,5.6537886,15.215425,0.002292007,0.0087646,-9.071637e-05,39.0,nan
316112434,4259850,4325386,0,0,0,0,0,411.04898,400.016,2055.2449,2000.08,1.9802905,0.032794334,5.844657e-09,-1.3926319,0.32620412,-9.435622,0.16726646,-0.06009761,-0.096145414,0.84902966,5.0492535,6.398424,0.00737603,0.0035441243,-8.591666e-05,39.0,nan
317112519,4259850,4325386,0,0,0,0,0,411.04898,400.016,2055.2449,2000.08,2.121795,0.03491985,3.6151417e-09,-1.479105,0.45910242,-9.227669,0.043892555,-0.050362732,0.11455566,1.5305593,4.5907993,8.35792,0.002162546,0.0051514646,0.00016478385,39.0,nan
318137591,4259850,4325386,0,0,0,0,0,411.04898,400.016,2055.2449,2000.08,1.9617754,0.03422587,2.0281881e-08,-1.3240328,-0.7420348,-10.119508,0.800667,0.09059743,-0.03372413,1.6140746,5.808559,10.586465,0.003920442,0.0075557586,8.55639e-05,39.0,nan
319147685,4259850,4325386,0,0,0,0,0,411.04898,400.016,2055.2449,2000.08,2.8894958,0.046761815,3.173087e-08,-1.6325088,1.1247474,-10.109987,-0.6814083,0.19317381,0.662913,1.3120058,3.5103686,9.949369,0.0017686579,0.004817631,0.0015860519,39.0,nan
320157751,4259850,4325386,0,0,0,0,0,411.04898,400.016,2055.2449,2000.08,2.7706225,0.045110423,3.7911004e-08,-1.6028537,0.718399,-11.066981,-0.99686646,0.40132138,-0.5842082,1.4322519,6.998646,13.473601,0.0043588965,0.00802979,0.00040771498,39.0,nan
321162833,4259850,4325386,0,0,0,0,0,411.04898,400.016,2055.2449,2000.08,4.0803833,0.074790634,3.899545e-08,0.05984173,-0.29694483,-11.245228,0.72136545,0.24861187,-0.38311544,6.181945,40.456684,11.983435,0.009250346,0.004697682,0.000758567,39.0,nan
322167915,4259850,4325386,0,0,0,0,0,411.04898,400.016,2055.2449,2000.08,3.9134269,0.079453014,3.035102e-08,0.26685533,-0.5353726,-10.069162,0.3592118,0.07832573,0.35599163,5.841226,117.40571,6.6537666,0.019000536,0.008995618,0.0027376835,39.0,nan
323173022,4259850,4325386,0,0,0,0,0,411.04898,400.016,2055.2449,2000.08,4.3042374,0.100827456,2.658675e-08,1.126034,0.4302019,-13.391908,-0.30696833,0.18165676,0.2014222,7.598719,20.672585,14.242235,0.0051297825,0.015018891,0.00090697117,39.0,nan
324178072,4259850,4325386,0,0,0,0,0,411.04898,400.016,2055.2449,2000.08,4.159601,0.08954736,8.301056e-09,-0.022284048,0.53810406,-9.304901,-0.0625685,0.011379101,-0.10432715,2.8973918,60.723454,11.048868,0.011146278,0.010150983,0.001483369,39.0,nan
325188167,4259850,4325386,0,0,0,0,0,411.04898,400.016,2055.2449,2000.08,3.700954,0.0745246,9.091353e-09,-0.5473778,0.43935263,-10.077143,-0.14923416,-0.058168113,0.018534523,3.7231197,51.003067,12.983545,0.013020287,0.006367045,0.00022328309,39.0,nan
326093222,4259850,4325386,0,0,0,0,0,411.04898,400.016,2055.2449,2000.08,3.990735,0.07582212,9.160304e-09,-0.31341675,0.22301961,-7.8799815,0.16800249,-0.06415022,0.010993141,4.420295,60.597145,10.894341,0.0054783225,0.0072114114,0.0009069027,39.0,nan
327098300,4259850,4325386,0,0,0,0,0,411.04898,400.016,2055.2449,2000.08,3.9423444,0.08086895,5.1311693e-09,0.52368706,-0.038536552,-11.194205,-0.11833846,0.0508398,-0.06658089,3.1263828,54.358074,11.778199,0.01012194,0.00727569,0.0007177325,39.0,nan
328108378,4259850,4325386,0,0,0,0,0,411.04898,400.016,2055.2449,2000.08,4.0737963,0.08137272,1.0868639e-08,0.6761238,0.2022055,-10.281764,-0.02786911,-0.12211455,-0.037196852,2.4702613,46.011353,13.328367,0.00956225,0.010255774,0.0011342583,39.0,nan
329113459,4259850,4325386,0,0,0,0,0,411.04898,400.016,2055.2449,2000.08,4.6116323,0.10320127,5.3042e-09,0.2062219,0.3042978,-10.377616,-0.04531485,0.07977945,0.005497648,4.4711685,85.155975,11.688226,0.009474551,0.01323489,0.0016003252,39.0,nan
330118537,4259850,4325386,0,0,0,0,0,411.04898,400.016,2055.2449,2000.08,3.7112632,0.0812982,6.3132415e-09,-0.15225591,-0.074581206,-10.907849,-0.19430839,-0.06606115,0.011076902,3.7765257,89.62742,9.313833,0.011755144,0.006206597,0.0007241796,39.0,nan
331118617,4259850,4325386,0,0,0,0,0,411.04898,400.016,2055.2449,2000.08,3.9531708,0.07654097,7.750143e-09,-0.36315438,0.5330356,-9.334587,-0.116782054,0.05164579,0.0013739489,4.42316,53.659355,14.068074,0.019667445,0.006228717,0.00035153775,39.0,nan
332118706,4259850,4325386,0,0,0,0,0,411.04898,400.016,2055.2449,2000.08,3.6986184,0.074298374,5.6999148e-09,-0.5850919,0.23993744,-9.669465,0.079550125,-0.030987078,0.043853376,4.509011,75.39665,10.115467,0.031472586,0.0070583443,-0.0004859073,39.0,nan
333133770,4259850,4325386,0,0,0,0,0,411.04898,400.016,2055.2449,2000.08,3.6967995,0.07400859,4.3203925e-09,-0.12471127,0.18951789,-9.08797,-0.013578799,0.020436555,-0.062059205,5.8458533,38.868458,13.101754,0.01076449,0.0067192605,0.00015748986,39.0,nan
334138847,4259850,4325386,0,0,0,0,0,411.04898,400.016,2055.2449,2000.08,4.040329,0.07318313,8.988937e-09,0.4976782,0.5286947,-10.234217,0.14390275,0.044589933,0.007922621,2.4113796,76.24776,9.624724,0.008851765,0.00716145,0.00068357604,38.5,nan
335143924,4259850,4325386,0,0,0,0,0,411.04898,400.016,2055.2449,2000.08,4.1670847,0.08983093,9.870018e-09,0.99752384,0.105030745,-9.075308,-0.10415444,-0.060747623,0.013017113,4.65533,55.83599,11.358951,0.008025681,0.012848528,0.0011187562,38.5,nan
336144000,4259850,4325386,0,0,0,0,0,411.04898,400.016,2055.2449,2000.08,3.8764029,0.092759356,2.3449934e-08,1.2660762,0.41919023,-11.55893,-0.26990393,-0.14651382,-0.04275635,8.019825,13.565174,16.450546,0.0019125358,0.017813286,0.0005115016,38.5,nan
337149097,4259850,4325386,0,0,0,0,0,411.04898,400.016,2055.2449,2000.08,3.4214036,0.086403385,1.1013082e-08,1.9116236,0.69009143,-10.988739,-0.064623915,0.21477865,-0.1378739,5.2051325,25.524647,11.516077,0.0043535135,0.0190656,0.0010852857,38.5,nan
338154153,4259850,4325386,0,0,0,0,0,411.04898,400.016,2055.2449,2000.08,2.7260475,0.06623012,2.8309248e-08,2.183915,-0.3952316,-12.646714,0.33916697,0.2527344,-0.21696118,15.080244,50.997208,12.780206,0.020252472,0.01205414,0.0007540111,38.5,nan
339164231,4259850,4325386,0,0,0,0,0,411.04898,400.016,2055.2449,2000.08,2.646999,0.067145415,2.4375604e-08,1.7826605,0.16657592,-11.835382,-0.13696176,0.24565466,-0.34879956,11.767987,42.85704,12.705723,0.015670871,0.012190653,0.0006317789,38.5,nan
340169308,4259850,4325386,0,0,0,0,0,411.04898,400.016,2055.2449,2000.08,2.6056035,0.066808864,2.0628729e-08,1.4772731,0.51880187,-14.423302,-0.010024219,0.23174092,-0.29178667,10.931136,38.328438,10.8961315,0.013812516,0.014789613,0.0015237145,38.5,nan
341169387,4259850,4325386,0,0,0,0,0,411.04898,400.016,2055.2449,2000.08,2.830144,0.07251177,1.8566796e-08,1.311187,0.37927845,-8.888331,-0.08966122,0.1647967,-0.23287563,16.013899,51.13128,14.820073,0.020254515,0.016085586,0.00014561706,38.5,nan
342169477,4259850,4325386,0,0,0,0,0,411.04898,400.016,2055.2449,2000.08,2.7725246,0.06951499,2.6618187e-08,1.194701,-0.44645002,-11.030442,0.33653507,0.110421196,-0.22060323,15.646337,63.28252,13.353119,0.025654426,0.016059995,0.00036288632,38.5,nan
343184537,4259850,4325386,0,0,0,0,0,411.04898,400.016,2055.2449,2000.08,2.8369892,0.069252506,1.6202927e-08,1.2037362,0.22478771,-8.830085,0.06175001,0.08431247,-0.18991509,17.03063,57.48462,15.530513,0.021844048,0.018390339,0.0003922901,38.5,nan
344184614,4259850,4325386,0,0,0,0,0,411.04898,400.016,2055.2449,2000.08,2.7347312,0.066952094,1.9162444e-08,1.363513,0.20793101,-9.968398,0.09911511,0.1712979,-0.2428321,18.896116,54.208996,14.977019,0.01714702,0.013898512,0.00022121776,38.5,nan
345094688,4259850,4325386,0,0,0,0,0,411.04898,400.016,2055.2449,2000.08,2.699321,0.06812227,1.983486e-08,1.238205,-0.09353441,-9.749007,0.24962103,-0.036500484,-0.20539911,17.165827,60.751865,12.590327,0.024097413,0.012934046,-8.422866e-05,38.5,nan
346099759,4259850,4325386,0,0,0,0,0,411.04898,400.016,2055.2449,2000.08,2.7479265,0.06600449,1.8368937e-08,1.243768,-0.26291096,-11.302866,0.122813255,0.093028575,-0.23432298,14.879119,59.92086,13.148545,0.019847061,0.011424035,0.00051485037,38.5,nan
347099834,4259850,4325386,0,0,0,0,0,411.04898,400.016,2055.2449,2000.08,2.771935,0.06687152,1.6641199e-08,1.0821966,-0.5379538,-12.339949,0.15163395,0.115441024,-0.1381969,19.58259,67.99183,13.041476,0.029155575,0.016413148,0.00061361666,38.5,nan
348104908,4259850,4325386,0,0,0,0,0,411.04898,400.016,2055.2449,2000.08,2.772583,0.066579886,1.6463886e-08,1.3061252,-0.010316989,-11.523297,-0.094372146,0.18388201,-0.1964816,17.772196,65.528404,13.53108,0.023505164,0.017078223,0.00027431434,39.0,nan
349114988,4259850,4325386,0,0,0,0,0,411.04898,400.016,2055.2449,2000.08,2.705345,0.0657836,1.7909887e-08,1.2105496,-0.30952463,-11.622795,0.03249695,0.20554192,-0.24641079,14.811402,60.133286,10.8169,0.020816738,0.012094709,0.00039458217,38.5,nan
350125064,4259850,4325386,0,0,0,0,0,411.04898,400.016,2055.2449,2000.08,2.7963848,0.067706816,1.6234715e-08,0.81925064,-0.15220024,-9.425129,-0.08142846,0.12140474,-0.231198,14.222561,54.57331,11.007706,0.018959792,0.015768752,0.00057095016,38.5,nan
351135135,4259850,4325386,0,0,0,0,0,411.04898,400.016,2055.2449,2000.08,2.9859214,0.0699406,1.9775522e-08,0.23532985,-0.12903953,-8.053015,-0.124024555,0.05439876,-0.25916862,15.726543,36.46536,9.996226,0.022345392,0.016646985,-0.00016781488,38.5,nan
352140212,4259850,4325386,0,0,0,0,0,411.04898,400.016,2055.2449,2000.08,3.2012925,0.06858556,1.770772e-08,0.28814873,-0.07089151,-10.232378,0.16597846,-0.012437947,-0.22370061,14.807987,31.304945,10.751805,0.01054741,0.013133756,0.0004273743,38.5,nan
353145284,4259850,4325386,0,0,0,0,0,411.04898,400.016,2055.2449,2000.08,3.3872855,0.06833493,1.2106029e-08,0.20707603,-0.34799528,-11.717558,0.044957906,0.19321312,-0.23236904,14.560311,36.717407,8.9563675,0.017154695,0.010207182,0.00014556712,38.5,nan
354155415,4259850,4325386,0,0,0,0,0,411.04898,400.016,2055.2449,2000.08,3.3941684,0.06828119,1.3309871e-08,0.15325198,-0.1322834,-10.844201,-0.047459226,0.17745548,-0.24980624,12.831649,29.533293,9.969334,0.013283694,0.010715287,0.0002479943,38.5,nan
355175431,4259850,4325386,0,0,0,0,0,411.04898,400.016,2055.2449,2000.08,3.4477453,0.06804791,1.3156529e-08,-0.056960862,-0.089961216,-10.7342,-0.11279627,0.15705256,-0.2245597,15.56466,31.398932,9.937445,0.021359265,0.0104684625,-0.0002850527,38.5,nan
356090577,4259850,4325386,0,0,0,0,0,411.04898,400.016,2055.2449,2000.08,3.562832,0.07217448,1.7914791e-08,0.23958676,-0.104750186,-11.396924,-0.19565187,0.044886608,-0.21124975,15.555861,23.897038,11.773865,0.01188206,0.013581006,-2.4030789e-05,38.5,nan
357110573,4259850,4325386,0,0,0,0,0,411.04898,400.016,2055.2449,2000.08,3.5278773,0.07108989,1.5229427e-08,0.39809617,-0.095062144,-11.326528,0.122763865,0.058490757,-0.22014311,15.734191,30.187113,11.151627,0.01853972,0.011287858,-0.00010768072,38.5,nan
358115649,4259850,4325386,0,0,0,0,0,411.04898,400.016,2055.2449,2000.08,3.5640085,0.0709869,1.922699e-08,0.37705916,-0.26046592,-11.577202,0.13947698,0.26627293,-0.29846254,17.480766,27.713375,10.63581,0.015587125,0.009827643,0.00012768703,38.5,nan
359115721,4259850,4325386,0,0,0,0,0,411.04898,400.016,2055.2449,2000.08,3.5118947,0.0735688,2.6858608e-08,0.74848706,-0.19278538,-15.617652,-0.31581548,0.14053671,-0.3354303,9.910845,19.530605,15.011307,0.020042805,0.013878257,0.00031159283,38.5,nan
360125792,4259850,4325386,0,0,0,0,0,411.04898,400.016,2055.2449,2000.08,3.4935634,0.073458366,2.059109e-08,-0.27372205,0.37819636,-10.114956,-0.28849053,-0.038663305,-0.22794622,14.359238,23.073362,11.390935,0.012048969,0.0111990115,0.0015422944,38.5,nan
361135869,4259850,4325386,0,0,0,0,0,411.04898,400.016,2055.2449,2000.08,3.4095323,0.071757786,1.3296754e-08,-0.06688504,-0.020365585,-10.179772,0.10017475,0.29749638,-0.1759152,18.781267,33.266922,8.286976,0.018601486,0.009048725,-1.3931969e-05,38.5,nan
362140936,4259850,4325386,0,0,0,0,0,411.04898,400.016,2055.2449,2000.08,3.5147536,0.07838883,2.820018e-08,-0.17461585,-0.7511632,-9.567571,0.4194816,0.014205711,-0.2892989,21.23819,28.93586,8.674249,0.026932603,0.009679455,-0.00044466302,38.5,nan
363146010,4259850,4325386,0,0,0,0,0,411.04898,400.016,2055.2449,2000.08,3.6618273,0.07969119,3.0077697e-08,-0.6432602,0.11705687,-10.317353,-0.4094126,0.15601595,-0.32547268,10.967778,24.48532,11.372473,0.021477457,0.012630527,-6.362768e-05,38.5,nan
364161082,4259850,4325386,0,0,0,0,0,411.04898,400.016,2055.2449,2000.08,3.5796976,0.07961895,1.7407155e-08,-0.24128279,-0.37656042,-9.214014,0.16382447,0.0701954,-0.24164152,20.408628,33.51504,8.609205,0.024195077,0.010043303,0.00023426402,38.5,nan
365171153,4259850,4325386,0,0,0,0,0,411.04898,400.016,2055.2449,2000.08,3.4743648,0.07932123,8.913055e-09,-0.09865873,-0.29005313,-11.449275,-0.071620315,0.080597915,-0.15374392,16.576385,27.82652,8.525189,0.012549196,0.009494058,0.0005070294,38.5,nan
366176223,4259850,4325386,0,0,0,0,0,411.04898,400.016,2055.2449,2000.08,3.5728374,0.07493506,1.30255655e-08,-0.20876016,-0.24950957,-11.45327,-0.177676,0.26933423,-0.27122673,17.495708,27.944256,8.274735,0.014340026,0.007257321,6.357843e-05,38.5,nan
367186314,4259850,4325386,0,0,0,0,0,411.04898,400.016,2055.2449,2000.08,3.5545444,0.075995035,1.8847308e-08,0.09026407,-0.26858422,-10.083652,0.25288028,0.029184423,-0.18586753,16.878849,26.275398,11.068884,0.033109263,0.011272674,-0.0010598997,38.5,nan
368096359,4259850,4325386,0,0,0,0,0,411.04898,400.016,2055.2449,2000.08,3.388505,0.07262237,1.4821539e-08,0.42953324,-0.25439298,-12.303893,0.17962077,0.028126301,-0.15691857,17.470354,25.69074,10.802858,0.01622053,0.011083678,-9.083334e-05,38.5,nan
369101431,4259850,4325386,0,0,0,0,0,411.04898,400.016,2055.2449,2000.08,3.5265124,0.07220507,2.0617259e-08,0.038042285,-0.357195,-12.08595,-0.21756057,0.24915847,-0.34918156,17.578133,24.915142,9.233329,0.021239417,0.01087937,-0.00031902108,38.5,nan
370111500,4259850,4325386,0,0,0,0,0,411.04898,400.016,2055.2449,2000.08,3.525369,0.068676,1.1463711e-08,-0.07537553,-0.14234859,-8.63449,-0.21574645,0.05757355,-0.07127328,20.903774,34.212986,9.391197,0.031492714,0.010381237,-0.000559675,38.5,nan
371111570,4259850,4325386,0,0,0,0,0,411.04898,400.016,2055.2449,2000.08,3.4252138,0.07175555,1.2864068e-08,-0.24746218,-0.57396114,-12.13478,-0.002729785,0.052277092,-0.24425852,16.580374,24.81512,8.05734,0.01227218,0.009720887,0.00030154883,38.5,nan
372121614,4259850,4325386,0,0,0,0,0,411.04898,400.016,2055.2449,2000.08,3.5305336,0.07226011,1.1216861e-08,0.03596399,-0.59264284,-12.271675,-0.06403276,0.19066775,-0.22385097,18.649607,26.182478,10.327824,0.012977859,0.009223343,0.00027239876,38.5,nan
373131714,4259850,4325386,0,0,0,0,0,411.04898,400.016,2055.2449,2000.08,3.6737807,0.07277527,1.412463e-08,0.06779097,0.052758526,-9.674502,-0.049257975,0.0734185,-0.20601833,16.573643,30.365183,11.010219,0.017846562,0.012746887,-4.077192e-06,38.5,nan
374141782,4259850,4325386,0,0,0,0,0,411.04898,400.016,2055.2449,2000.08,3.4837954,0.07598821,1.26618644e-08,0.027305335,-0.19057406,-10.531162,0.04471286,-0.029640239,-0.18652359,11.435883,27.114883,10.828881,0.0108636785,0.010079931,0.00030571342,38.5,nan
375146850,4259850,4325386,0,0,0,0,0,411.04898,400.016,2055.2449,2000.08,3.4864128,0.0725846,9.595287e-09,0.036694042,-0.38697582,-10.982028,-0.024381036,0.20757161,-0.21522795,12.780538,23.906767,10.33283,0.01087584,0.008954497,0.0005077167,38.5,nan
376151919,4259850,4325386,0,0,0,0,0,411.04898,400.016,2055.2449,2000.08,3.3970473,0.0716601,1.3854398e-08,0.10540711,-0.081334546,-9.830325,0.032006286,0.05247698,-0.23617752,16.069399,30.06144,9.78185,0.01709115,0.011874842,9.982995e-06,38.5,nan
377156989,4259850,4325386,0,0,0,0,0,411.04898,400.016,2055.2449,2000.08,3.3975923,0.06892892,1.0081356e-08,0.20353147,-0.26736572,-11.096825,0.08926913,0.052178267,-0.19203836,15.4985,28.250141,9.813614,0.01497384,0.009783567,4.1277905e-05,38.5,nan
378172069,4259850,4325386,0,0,0,0,0,411.04898,400.016,2055.2449,2000.08,3.5166335,0.06961046,1.1594699e-08,0.12892029,-0.3766549,-11.456209,-0.0664781,0.21258533,-0.26099503,14.828698,22.783981,10.035445,0.009751263,0.010345313,0.0004353907,38.5,nan
379092121,4259850,4325386,0,0,0,0,0,411.04898,400.016,2055.2449,2000.08,3.49442,0.06743905,1.4132814e-08,0.04000225,-0.18655689,-10.90083,0.076002486,-0.003118942,-0.21404514,18.647568,23.033455,10.861643,0.016362412,0.00942346,1.9245883e-05,38.0,nan
380097204,4259850,4325386,0,0,0,0,0,411.04898,400.016,2055.2449,2000.08,3.518246,0.07662901,1.532782e-08,0.31164914,-0.2608082,-13.424209,-0.023969535,0.16681752,-0.2434338,13.654415,16.860956,12.376464,0.005715939,0.015030728,0.0005474833,38.5,nan
381107259,4259850,4325386,0,0,0,0,0,411.04898,400.016,2055.2449,2000.08,3.4872987,0.074224204,1.4608011e-08,0.4736229,-0.67703956,-11.84408,-0.27183226,0.26968515,-0.1980024,21.058346,30.129597,7.3562145,0.02604638,0.00705723,6.358995e-05,38.5,nan
382137328,4259850,4325386,0,0,0,0,0,411.04898,400.016,2055.2449,2000.08,3.5164127,0.074610226,1.9435276e-08,0.7971869,-0.06898534,-10.828239,0.11836172,0.0683143,-0.30029285,15.723475,19.171383,11.696327,0.012875376,0.012149412,0.00022117925,38.5,nan
383142394,4259850,4325386,0,0,0,0,0,411.04898,400.016,2055.2449,2000.08,3.4952974,0.06638998,1.963806e-08,0.108044244,-0.8008307,-11.652868,0.27450794,0.04949534,-0.2468203,19.678274,32.404545,8.548221,0.019762458,0.008271069,-0.0001547721,38.0,nan
384157509,4259850,4325386,0,0,0,0,0,411.04898,400.016,2055.2449,2000.08,4.2705426,0.10453597,1.1613825e-07,-2.564081,-1.0031179,-10.278707,1.1470298,0.21202269,-0.23058933,13.784162,60.148727,39.696545,0.017885908,0.02330779,0.0031215511,38.0,nan
385167579,4259850,4325386,0,0,0,0,0,411.04898,400.016,2055.2449,2000.08,13.154153,0.23694126,1.0150968e-07,-1.875673,-0.3290142,-17.218908,-0.050128274,0.8448305,0.577217,48.523533,232.83504,87.26848,0.09316171,0.04533383,-0.00011481948,38.0,nan
386177666,4259850,4325386,0,0,0,0,0,411.04898,400.016,2055.2449,2000.08,11.786883,0.18171534,6.601197e-08,-1.361091,-0.3351747,-15.350127,-0.03158965,0.70002943,0.40208405,41.314316,100.09705,76.60491,0.08906565,0.039417725,-0.0035311275,38.0,nan
387192727,4259850,4325386,0,0,0,0,0,411.04898,400.016,2055.2449,2000.08,9.882403,0.15527105,6.590565e-08,-1.3315768,0.026526129,-10.42589,-0.76165557,0.16628514,0.15856826,54.109596,170.75203,62.900753,0.07964541,0.043421905,0.0005695889,38.5,nan
388112768,4259850,4325386,0,0,0,0,0,411.04898,400.016,2055.2449,2000.08,9.989574,0.19231723,1.2871655e-07,-1.1033162,-0.05827846,-6.459203,-0.052688196,2.3958337,-0.018295754,25.40752,87.12282,136.00049,0.07836849,0.2384421,-0.0055376464,38.5,nan
389132835,4259850,4325386,0,0,0,0,0,411.04898,400.016,2055.2449,2000.08,6.3027463,0.16614679,3.638555e-07,-3.3274868,0.18331707,-14.377715,0.1858473,4.042435,-0.17460822,41.603058,401.42172,22.755543,0.4621695,0.16277415,-0.01883157,38.0,nan
390147903,4259850,4325386,0,0,0,0,0,411.04898,400.016,2055.2449,2000.08,7.5883007,0.15016456,8.682028e-08,-0.32887936,-0.20034459,-14.287394,1.652023,-0.86399543,0.28194174,23.05014,140.3847,37.022686,0.082303345,0.15776832,-0.0057649217,38.5,nan
391157967,4259850,4325386,0,0,0,0,0,411.04898,400.016,2055.2449,2000.08,4.527302,0.11178191,9.562851e-08,-0.7082812,0.40781125,-13.177883,1.9774941,-1.6322992,-0.035251614,16.98942,309.16162,3.9578338,0.2980843,0.02669911,-0.007930379,38.0,nan
392168034,4259850,4325386,0,0,0,0,0,411.04898,400.016,2055.2449,2000.08,4.094475,0.114192635,6.898364e-08,-0.48771763,0.93520963,-12.922926,1.9312435,0.16588971,0.12859116,14.517491,194.4175,14.277941,0.23491235,0.014298166,-0.0075020734,38.0,nan
393183104,4259850,4325386,0,0,0,0,0,411.04898,400.016,2055.2449,2000.08,4.039888,0.078425914,2.5415519e-08,-0.70382196,1.5886213,-12.197006,0.15823483,-0.35220003,-0.5539673,17.778034,335.21658,5.954037,0.20940831,0.010801921,-0.0071008685,38.5,nan
394093168,4259850,4325386,0,0,0,0,0,411.04898,400.016,2055.2449,2000.08,3.678285,0.07831774,3.660019e-08,-0.9539476,0.7846206,-9.819898,0.39498436,-0.14553,-0.4453063,35.64447,197.96596,17.839176,0.17734061,0.029582914,-0.0066243284,38.0,nan
395098245,4259850,4325386,0,0,0,0,0,411.04898,400.016,2055.2449,2000.08,3.5085614,0.07520324,1.4393728e-08,-1.2214493,1.1269565,-11.522809,0.2585523,-0.08873219,-0.17446497,17.770008,226.60538,10.502748,0.1624635,0.009783644,-0.005912193,38.5,nan
396108298,4259850,4325386,0,0,0,0,0,411.04898,400.016,2055.2449,2000.08,3.7126203,0.07105806,5.8034826e-09,-1.1660101,0.70936936,-9.573112,-0.1788943,0.077969514,-0.007059377,10.702516,297.54645,4.085316,0.21166481,0.008501192,-0.006670319,38.5,nan
397113363,4259850,4325386,0,0,0,0,0,411.04898,400.016,2055.2449,2000.08,2.9809725,0.0559144,4.021007e-09,-1.166396,-0.004882243,-9.674088,0.11357488,0.03468737,0.014060139,8.74757,355.33646,2.4246073,0.32846746,0.006240439,-0.008363349,38.5,nan
398128433,4259850,4325386,0,0,0,0,0,411.04898,400.016,2055.2449,2000.08,4.058941,0.08082295,1.7846789e-08,-0.89800566,0.5088756,-7.851492,-0.01174344,0.0062665963,0.019711422,36.50735,289.07983,58.601402,0.27496874,0.07208298,-0.009889979,38.5,nan
399133501,4259850,4325386,0,0,0,0,0,411.04898,400.016,2055.2449,2000.08,4.353155,0.08433735,1.5607059e-08,-0.98312277,1.2940801,-9.2801695,-0.14739543,0.032966994,-0.057341695,22.097893,586.0832,39.45525,0.5185142,0.03865695,-0.014981471,38.0,nan
400163580,4259850,4325386,0,0,0,0,0,411.04898,400.016,2055.2449,2000.08,4.906416,0.09913342,1.4465772e-08,-1.0790248,1.6687524,-9.950021,0.19221552,0.06005458,-0.0365554,17.007402,478.6039,22.37172,0.35446584,0.022639992,-0.009306213,38.0,nan
401183674,4259850,4325386,0,0,0,0,0,411.04898,400.016,2055.2449,2000.08,5.273475,0.10982543,8.522369e-09,-0.99347717,0.7462229,-9.695978,-0.0053533115,0.026386246,-0.025781352,20.71015,322.56125,28.801458,0.2911199,0.026086299,-0.008631008,38.0,nan
402093703,4259850,4325386,0,0,0,0,0,411.04898,400.016,2055.2449,2000.08,5.2755976,0.13075711,1.4908613e-08,-0.86704427,0.59850127,-9.630518,-0.05934789,0.15197957,-0.046480995,23.201788,353.21588,36.362087,0.33208662,0.033199783,-0.011625543,38.0,nan
403103772,4259850,4325386,0,0,0,0,0,411.04898,400.016,2055.2449,2000.08,5.4942455,0.124217145,1.1719538e-08,-1.1811043,0.87491167,-9.545727,0.12702541,0.016797896,0.019088993,23.16316,284.04373,37.900555,0.23062669,0.031800605,-0.008596942,38.5,nan
404113840,4259850,4325386,0,0,0,0,0,411.04898,400.016,2055.2449,2000.08,4.8272038,0.10975057,1.1747628e-08,-1.1620804,0.973902,-9.839299,0.15749797,0.010236805,-0.009742656,23.289703,311.30057,33.941345,0.3006171,0.027397463,-0.010543869,38.5,nan
405123937,4259850,4325386,0,0,0,0,0,411.04898,400.016,2055.2449,2000.08,5.302529,0.12668702,2.2075474e-08,-0.85191506,0.5391093,-9.3954525,0.055336736,0.0260313,0.017511182,21.057798,497.52393,30.692522,0.43689302,0.031976752,-0.014765454,38.5,nan
406143973,4259850,4325386,0,0,0,0,0,411.04898,400.016,2055.2449,2000.08,4.934144,0.11981095,1.8527393e-08,-1.0926124,1.0867522,-10.394397,0.004785199,0.07172301,-0.04992119,19.405817,547.11597,36.13766,0.33414355,0.044425193,-0.009501689,38.5,nan
407149040,4259850,4325386,0,0,0,0,0,411.04898,400.016,2055.2449,2000.08,5.835402,0.11726924,2.578091e-08,-0.8134987,0.48676047,-9.805718,-0.042705894,0.32637852,0.051059928,16.710382,259.4055,39.650814,0.19755976,0.047041304,-0.0040751426,38.5,nan
408159112,4259850,4325386,0,0,0,0,0,411.04898,400.016,2055.2449,2000.08,4.0560675,0.09390656,1.6906416e-08,-0.8158703,0.8412667,-9.518749,0.13063747,0.0032503796,0.15975773,15.741234,128.70691,30.987461,0.1405666,0.032784883,-0.0045331675,38.5,nan
409164182,4259850,4325386,0,0,0,0,0,411.04898,400.016,2055.2449,2000.08,3.6780407,0.08059075,5.384724e-08,-0.7642782,0.60192823,-9.315252,-0.16728032,0.9729857,0.097108744,9.677462,102.06458,36.383797,0.109694615,0.036289893,-0.004189895,38.5,nan
410179268,4259850,4325386,0,0,0,0,0,411.04898,400.016,2055.2449,2000.08,3.2058127,0.06701113,9.617784e-09,-0.50806767,0.30242336,-9.286555,-0.33458936,0.28009087,-0.060571633,10.213801,106.54452,17.36007,0.11365508,0.031393513,-0.004018919,38.5,nan
411094338,4259850,4325386,0,0,0,0,0,411.04898,400.016,2055.2449,2000.08,3.157814,0.069398515,2.8953304e-08,-0.31039917,1.1457913,-10.797057,0.20098604,-0.36830482,-0.092046805,23.959805,261.5324,24.952246,0.24699067,0.048599795,-0.008163427,38.5,nan
412124391,4259850,4325386,0,0,0,0,0,411.04898,400.016,2055.2449,2000.08,3.7074225,0.07223338,8.720105e-09,-0.5266173,1.3165009,-9.065968,-0.032676965,0.20647107,-0.03739727,18.965687,96.1994,30.196882,0.09386678,0.027811004,-0.004025209,38.5,nan
413139458,4259850,4325386,0,0,0,0,0,411.04898,400.016,2055.2449,2000.08,3.418981,0.06676056,7.486151e-09,-0.53453124,1.1026049,-10.191891,-0.049861617,-0.08345478,0.06886627,7.807388,184.54138,18.048162,0.13908353,0.025360525,-0.005139865,38.5,nan
414149536,4259850,4325386,0,0,0,0,0,411.04898,400.016,2055.2449,2000.08,3.3964474,0.06693367,8.8552845e-09,-0.724698,0.05962828,-9.855933,0.0038633463,0.0071134195,0.13082215,10.707131,156.68967,4.246347,0.11338638,0.004824191,-0.0028985995,38.5,nan
415159606,4259850,4325386,0,0,0,0,0,411.04898,400.016,2055.2449,2000.08,3.196038,0.07056234,1.5498253e-08,-0.62459695,0.60225266,-10.305522,-0.40027738,-0.143533,-0.004119472,4.804814,270.8641,8.878566,0.25171062,0.013317532,-0.0090396395,38.5,nan
416169680,4259850,4325386,0,0,0,0,0,411.04898,400.016,2055.2449,2000.08,3.152842,0.064554445,1.8068075e-08,-0.40399623,1.3049842,-9.676374,0.23020259,-0.28576455,-0.08693206,9.655477,169.92502,19.780964,0.13592744,0.030863116,-0.0045644175,38.5,nan
417174749,4259850,4325386,0,0,0,0,0,411.04898,400.016,2055.2449,2000.08,3.3626285,0.06992672,7.163175e-09,-0.50694025,0.8088882,-10.290375,0.21143539,-0.056859024,-0.02346523,6.106038,115.20645,12.324972,0.0942275,0.017616529,-0.0030414094,38.5,nan
418174821,4259850,4325386,0,0,0,0,0,411.04898,400.016,2055.2449,2000.08,3.0953047,0.06351226,1.2629608e-08,-0.6412445,0.5165839,-9.713818,-0.10679637,0.05114916,0.13200852,10.767944,159.82794,27.889982,0.1399821,0.029945645,-0.0046262373,38.5,nan
419179908,4259850,4325386,0,0,0,0,0,411.04898,400.016,2055.2449,2000.08,3.516515,0.06635263,1.0324634e-08,-0.59091604,0.23346965,-9.619277,0.004803379,0.18220776,0.09624602,5.778934,13.450324,11.307932,0.007994905,0.010090592,-0.00016904913,38.5,nan
420189971,4259850,4325386,0,0,0,0,0,411.04898,400.016,2055.2449,2000.08,3.2366366,0.06363002,4.9750195e-09,-0.57284296,0.61482817,-9.913808,0.0026926622,-0.08488993,0.049330417,8.730959,139.53258,3.6988032,0.115187354,0.0048182667,-0.0035395375,38.5,nan
421095033,4259850,4325386,0,0,0,0,0,411.04898,400.016,2055.2449,2000.08,3.2669077,0.06979731,5.9619047e-09,-0.58570474,0.21221043,-10.088323,-0.0015092224,0.07555729,0.029736876,9.931217,54.270565,44.87649,0.052557237,0.054714993,-0.0022115826,38.5,nan
422105110,4259850,4325386,0,0,0,0,0,411.04898,400.016,2055.2449,2000.08,3.3307378,0.074989595,5.55184e-09,-0.44129312,0.22533615,-9.371836,-0.09655352,-0.0015367133,-0.008019958,9.617974,64.01466,19.134478,0.07566216,0.022992833,-0.002867982,38.5,nan
423115186,4259850,4325386,0,0,0,0,0,411.04898,400.016,2055.2449,2000.08,3.5701623,0.08106103,4.146353e-09,-0.50616,0.5765002,-9.821992,0.03808392,0.006484654,-0.028216708,8.912358,130.93596,11.763083,0.11453018,0.015096123,-0.002623903,38.5,nan
424115273,4259850,4325386,0,0,0,0,0,411.04898,400.016,2055.2449,2000.08,3.5762162,0.07983009,5.545097e-09,-0.5582252,0.417717,-9.708815,0.027403008,0.014665428,-0.031549253,10.917225,64.35482,27.169588,0.052344583,0.029947303,-0.0013585937,38.5,nan
425130337,4259850,4325386,0,0,0,0,0,411.04898,400.016,2055.2449,2000.08,3.206456,0.07208408,3.1738736e-09,-0.57392955,0.51907665,-9.666264,-0.042896587,0.036079843,0.017190665,9.394781,105.57804,11.286462,0.09585583,0.01267092,-0.0020977347,38.5,nan
426140414,4259850,4325386,0,0,0,0,0,411.04898,400.016,2055.2449,2000.08,3.1496904,0.07224622,3.91186e-09,-0.5518511,0.44903538,-9.838593,0.08465497,-0.050765738,0.0032773316,3.942721,50.614506,7.7368093,0.07644692,0.0076925773,-0.0031556836,38.5,nan
427150490,4259850,4325386,0,0,0,0,0,411.04898,400.016,2055.2449,2000.08,3.2838047,0.06982537,4.1261337e-09,-0.6379525,0.34730655,-9.653429,-0.036914524,0.043704636,-0.008622463,5.6818385,87.071754,17.430685,0.08547017,0.015732223,-0.0031368711,39.0,nan
428165577,4259850,4325386,0,0,0,0,0,411.04898,400.016,2055.2449,2000.08,3.3755486,0.071546204,4.738634e-09,-0.6509511,-0.117994756,-9.947276,0.01817153,0.026959553,-0.012686839,2.938518,206.87679,13.4107065,0.15699776,0.015103291,-0.0041561555,38.5,nan
429185734,4259850,4325386,0,0,0,0,0,411.04898,400.016,2055.2449,2000.08,3.1755798,0.06801413,5.873121e-09,-0.63015574,0.53621227,-9.820241,-0.07468518,0.002085737,0.001972987,5.851241,178.15295,24.378727,0.14080364,0.023304533,-0.0038718882,39.0,nan
430100680,4259850,4325386,0,0,0,0,0,411.04898,400.016,2055.2449,2000.08,3.2327394,0.07064063,5.0830025e-09,-0.59540176,0.2906286,-9.771524,0.04735645,-0.015541833,-0.008808897,9.869489,117.43059,28.285862,0.11192706,0.03153871,-0.0040380326,38.5,nan
431110743,4259850,4325386,0,0,0,0,0,411.04898,400.016,2055.2449,2000.08,3.164664,0.06970098,8.293682e-09,-0.57488066,0.31558034,-9.572753,0.12114231,0.08573725,-0.05443734,6.3719177,91.774796,13.598599,0.06797153,0.012164893,-0.0012743304,38.5,nan
432125878,4259850,4325386,0,0,0,0,0,411.04898,400.016,2055.2449,2000.08,3.243998,0.06952633,5.2791544e-09,-0.6102705,0.21216798,-9.963849,-0.098297656,-0.0026807473,-0.01064889,8.557927,139.98091,10.599518,0.124421895,0.011938654,-0.0029748215,38.5,nan
433145961,4259850,4325386,0,0,0,0,0,411.04898,400.016,2055.2449,2000.08,3.5712059,0.07654648,5.728359e-09,-0.58658886,1.02196,-9.9090395,0.037147686,0.018226985,-0.023199223,9.428487,167.93886,27.000116,0.12445252,0.03339386,-0.002855235,39.0,nan
434160974,4259850,4325386,0,0,0,0,0,411.04898,400.016,2055.2449,2000.08,3.193803,0.07442119,4.786258e-09,-0.5157343,0.33982515,-9.81916,0.0061148414,0.0019974848,-0.02580146,11.371005,78.673615,22.74198,0.0680733,0.026097411,-0.0013760591,39.0,nan
435166125,4259850,4325386,0,0,0,0,0,411.04898,400.016,2055.2449,2000.08,3.161336,0.06965959,2.8917642e-09,-0.49838558,0.44297454,-9.840198,-0.04764041,0.034561697,-0.0037926864,7.060016,81.141945,9.302137,0.06181417,0.010261229,-0.0007757227,39.0,nan
436171209,4259850,4325386,0,0,0,0,0,411.04898,400.016,2055.2449,2000.08,3.6986089,0.08032885,7.1823543e-09,-0.54145175,0.2011118,-9.911498,0.06541131,-0.06267887,-0.009683043,12.586574,105.43421,20.613424,0.13533808,0.021197492,-0.003925311,39.0,nan
437186284,4259850,4325386,0,0,0,0,0,411.04898,400.016,2055.2449,2000.08,3.4719715,0.08385066,8.287443e-09,-0.6695681,0.5319991,-9.919543,0.053043604,0.028542517,0.020769432,9.384056,120.364365,19.934696,0.12428933,0.0276805,-0.004303328,39.0,nan
438096360,4259850,4325386,0,0,0,0,0,411.04898,400.016,2055.2449,2000.08,3.4076421,0.080524184,5.5404343e-09,-0.5294949,0.12929991,-9.738941,-0.004462533,0.052513167,-0.016956398,5.444697,104.0589,20.7545,0.084417194,0.020517703,-0.0023612508,39.0,nan
439116477,4259850,4325386,0,0,0,0,0,411.04898,400.016,2055.2449,2000.08,3.546034,0.07549569,8.24921e-09,-0.66543347,0.47898835,-9.656094,-0.12957224,-0.016267247,-0.0047690747,13.225391,127.019745,19.114363,0.103937164,0.023397673,-0.0028880679,39.0,nan
440146530,4259850,4325386,0,0,0,0,0,411.04898,400.016,2055.2449,2000.08,3.4760983,0.07093388,1.9944262e-09,-0.569623,0.080126405,-9.903401,0.016392706,-0.016662728,0.0059807124,5.4800224,47.36466,13.668976,0.037021473,0.014894168,-0.0012485154,39.0,nan
441151613,4259850,4325386,0,0,0,0,0,411.04898,400.016,2055.2449,2000.08,3.3332274,0.071046025,8.226892e-09,-0.62112015,0.4378347,-9.9688,0.012249312,-0.09069206,0.020184211,3.060559,171.85222,11.601864,0.14247671,0.015933506,-0.0035370535,39.0,nan
442156708,4259850,4325386,0,0,0,0,0,411.04898,400.016,2055.2449,2000.08,3.070937,0.070192516,6.227351e-09,-0.49229154,0.54103065,-9.718932,-0.13612667,0.0065969895,0.011307205,4.522944,59.324604,16.65201,0.054181036,0.0168874,-0.0016942602,39.0,nan
443166799,4259850,4325386,0,0,0,0,0,411.04898,400.016,2055.2449,2000.08,2.9248614,0.06898716,3.5503942e-09,-0.5877047,0.099555604,-9.863354,0.073921904,0.042127773,0.003916496,9.47486,14.734525,12.570696,0.021066457,0.013811013,-0.00075427716,39.0,nan
444181872,4259850,4325386,0,0,0,0,0,411.04898,400.016,2055.2449,2000.08,2.8242533,0.067417726,3.1687721e-09,-0.50831056,0.38579458,-9.979528,0.022379996,-0.0047025075,-0.016315185,4.0826225,103.71749,6.9519286,0.0880051,0.008373587,-0.0023716516,39.0,nan
445096951,4259850,4325386,0,0,0,0,0,411.04898,400.016,2055.2449,2000.08,3.115285,0.0669511,5.597279e-09,-0.4462111,0.31412086,-9.705925,-0.053093404,0.06792252,-0.036088876,7.97407,68.82176,21.270576,0.06639204,0.025505686,-0.0017197883,39.0,nan
446097035,4259850,4325386,0,0,0,0,0,411.04898,400.016,2055.2449,2000.08,3.4194236,0.08137528,1.0087061e-08,-0.52529746,0.60733455,-9.676587,0.10053313,-0.014406805,-0.045975663,8.669127,82.74318,34.215298,0.10390411,0.03806575,-0.004028144,39.0,nan
447117139,4259850,4325386,0,0,0,0,0,411.04898,400.016,2055.2449,2000.08,3.3095317,0.073236294,8.518108e-09,-0.5308359,0.4415328,-9.860438,-0.20869555,0.105825506,-0.04491863,7.8107095,130.74852,14.056003,0.10063666,0.015280584,-0.0021921499,39.0,nan
448127212,4259850,4325386,0,0,0,0,0,411.04898,400.016,2055.2449,2000.08,3.3355706,0.077426046,8.02977e-09,-0.5577982,0.12754747,-9.911988,0.06531387,-0.02070055,-0.049276393,4.8512526,124.7597,18.315144,0.11447616,0.022741478,-0.0033520707,39.0,nan
449137304,4259850,4325386,0,0,0,0,0,411.04898,400.016,2055.2449,2000.08,3.3489015,0.08015773,7.665259e-09,-0.60683066,0.27102074,-10.022914,0.081722565,0.029156152,0.037018716,6.494076,93.20308,25.244272,0.08245387,0.029349778,-0.0026890605,39.5,nan
450142392,4259850,4325386,0,0,0,0,0,411.04898,400.016,2055.2449,2000.08,3.077267,0.064565316,5.888439e-09,-0.65365356,-0.0067551085,-9.656302,-0.010074691,-0.04855504,0.061455872,3.3129969,53.841423,15.604401,0.042387143,0.017386083,-0.001836847,39.5,nan
451152484,4259850,4325386,0,0,0,0,0,411.04898,400.016,2055.2449,2000.08,3.3328571,0.088959895,4.4978608e-09,-0.49772978,0.10624655,-9.91865,0.016160544,-0.01012158,0.05322724,5.0799375,23.518703,12.494788,0.026063446,0.013742026,-0.0009758396,39.5,nan
452162591,4259850,4325386,0,0,0,0,0,411.04898,400.016,2055.2449,2000.08,3.0305614,0.078025736,6.5684134e-09,-0.52321076,0.22066595,-9.8872795,0.054135606,-0.057409063,0.039631195,9.385297,33.984314,39.350647,0.032274336,0.045297228,-0.0015935829,39.5,nan
453172673,4259850,4325386,0,0,0,0,0,411.04898,400.016,2055.2449,2000.08,3.0087314,0.07838259,4.296239e-09,-0.45000598,0.4559002,-9.49058,-0.102064624,0.051105946,0.0105952155,3.7903936,28.77563,15.264179,0.0318684,0.016799645,-0.0012622176,39.5,nan
454092783,4259850,4325386,0,0,0,0,0,411.04898,400.016,2055.2449,2000.08,3.1064425,0.06982024,3.604551e-09,-0.59636384,0.11965366,-9.675546,0.0018056458,-0.10263042,-0.0022740897,3.2462397,40.230274,22.178051,0.034464315,0.020453596,-0.0013363479,39.5,nan
455107843,4259850,4325386,0,0,0,0,0,411.04898,400.016,2055.2449,2000.08,3.4392872,0.07373108,5.6968714e-09,-0.54204637,0.43108463,-9.752878,0.06398131,0.036887214,0.006241595,3.6732364,107.061295,22.403048,0.097249314,0.022050604,-0.0031813409,39.5,nan
456112950,4259850,4325386,0,0,0,0,0,411.04898,400.016,2055.2449,2000.08,3.4518824,0.075753145,9.54722e-09,-0.5672939,0.091127254,-9.766189,-0.20664392,0.103026025,-0.037759464,7.7716694,134.73691,11.650714,0.114170186,0.0125021245,-0.0025333515,39.5,nan
457118034,4259850,4325386,0,0,0,0,0,411.04898,400.016,2055.2449,2000.08,3.3582797,0.07632561,6.2327206e-09,-0.49826157,0.49185386,-9.831095,0.10787147,-0.064507864,0.028151654,6.7970123,49.181393,22.780428,0.057368126,0.022767512,-0.0018600188,39.5,nan
458123121,4259850,4325386,0,0,0,0,0,411.04898,400.016,2055.2449,2000.08,3.3039293,0.077792004,6.502486e-09,-0.45793468,0.52498484,-9.936842,-0.033330694,-0.015202157,-0.004016498,9.761792,72.365166,37.98581,0.07872466,0.044091202,-0.0029575848,39.5,nan
459128224,4259850,4325386,0,0,0,0,0,411.04898,400.016,2055.2449,2000.08,3.2138507,0.07794878,5.3141007e-09,-0.4874021,0.0644709,-9.915506,-0.028000362,0.029590692,-0.012527274,10.871406,81.94376,25.60189,0.08433806,0.033867285,-0.0037289856,39.5,nan
460143372,4259850,4325386,0,0,0,0,0,411.04898,400.016,2055.2449,2000.08,3.679342,0.09059501,7.988967e-09,-0.48409045,0.6230415,-9.834471,-0.06159073,-0.009832624,0.0022456362,8.640854,122.16646,32.703236,0.12655917,0.039877195,-0.00498247,39.5,nan
461158412,4259850,4325386,0,0,0,0,0,411.04898,400.016,2055.2449,2000.08,3.5226796,0.08577272,8.851584e-09,-0.5950778,0.47353354,-10.134054,0.026618259,-0.010955873,0.02715345,9.251367,178.64868,12.451709,0.18077129,0.02676785,-0.0062081967,39.5,nan
462183507,4259850,4325386,0,0,0,0,0,411.04898,400.016,2055.2449,2000.08,3.3489797,0.07598471,5.4911187e-09,-0.45713672,0.39289653,-9.789788,0.025802407,0.06904287,-0.0011760992,7.2244368,66.78875,13.351542,0.07632113,0.013755306,-0.002564193,39.5,nan
463188608,4259850,4325386,0,0,0,0,0,411.04898,400.016,2055.2449,2000.08,3.190863,0.06945485,4.5914557e-09,-0.42628133,0.533709,-9.556363,-0.100267135,0.0100238295,0.004290188,8.097915,40.18579,28.643206,0.046888344,0.035337422,-0.0019792283,39.5,nan
464093697,4259850,4325386,0,0,0,0,0,411.04898,400.016,2055.2449,2000.08,3.2516882,0.06779287,5.6346625e-09,-0.5545105,0.6011579,-10.108923,0.11372796,-0.06869227,-0.017899249,6.4476748,80.340515,24.645748,0.06424182,0.028960906,-0.0017586123,39.5,nan
465103795,4259850,4325386,0,0,0,0,0,411.04898,400.016,2055.2449,2000.08,2.9783633,0.06800538,4.2180424e-09,-0.46046686,0.39205807,-9.399249,-0.14093138,0.04885709,-0.03663605,11.008926,51.888588,14.231735,0.042903334,0.01722549,-0.001530397,39.5,nan
466113889,4259850,4325386,0,0,0,0,0,411.04898,400.016,2055.2449,2000.08,2.9498453,0.077962175,1.180733e-08,-0.5147564,0.17818578,-10.218116,0.10662437,-0.12624446,-0.055169094,9.289062,137.55766,28.561176,0.117106676,0.042274,-0.0032699439,39.5,nan
467118991,4259850,4325386,0,0,0,0,0,411.04898,400.016,2055.2449,2000.08,3.338268,0.07652325,1.6199966e-08,-0.50536364,0.5921406,-9.603492,0.06519598,0.258454,-0.054351825,6.586988,66.83367,14.279026,0.0537767,0.011265969,-0.0005372497,39.5,nan
468129112,4259850,4325386,0,0,0,0,0,411.04898,400.016,2055.2449,2000.08,3.306758,0.07185219,1.1730448e-08,-0.56311864,0.49558508,-9.673545,-0.12233186,-0.15627551,-0.0134644145,8.228469,98.40456,25.23477,0.11731441,0.033007238,-0.0048260936,40.0,nan
469149354,4259850,4325386,0,0,0,0,0,411.04898,400.016,2055.2449,2000.08,3.3836975,0.08220047,8.876709e-09,-0.5028925,0.76125467,-9.52811,0.04397739,0.10221151,0.0013841604,5.962271,98.81083,14.689191,0.084196046,0.014596325,-0.002421652,40.0,nan
470164317,4259850,4325386,0,0,0,0,0,411.04898,400.016,2055.2449,2000.08,3.5239575,0.07576811,4.8019646e-09,-0.66285443,-0.04854289,-9.7770195,-0.067304865,-0.046547376,0.026266923,9.338343,51.505096,19.89827,0.059480105,0.021573566,-0.0021310654,40.0,nan
471174400,4259850,4325386,0,0,0,0,0,411.04898,400.016,2055.2449,2000.08,3.2673447,0.07482603,5.9488414e-09,-0.4963002,0.08139571,-9.813294,-0.07457201,0.017337829,-0.00050753553,8.28503,113.81521,17.93631,0.11055799,0.016759878,-0.0035154878,40.0,nan
472189504,4259850,4325386,0,0,0,0,0,411.04898,400.016,2055.2449,2000.08,3.2589455,0.07456275,1.2393893e-08,-0.3536666,0.048406385,-9.566265,-0.16441664,-0.093922704,0.03189269,25.603268,69.999084,47.531944,0.0632165,0.05231475,-0.003092644,40.0,nan
473094593,4259850,4325386,0,0,0,0,0,411.04898,400.016,2055.2449,2000.08,6.2566295,0.1375659,6.6516286e-09,2.718399,-0.86198133,-9.550496,0.2195303,-0.10604623,0.037585817,3.6860182,6.026463,6.0292172,0.017431296,0.011792677,3.2895885e-05,40.0,nan
474099699,4259850,4325386,0,0,0,0,0,411.04898,400.016,2055.2449,2000.08,1.8753991,0.04881669,1.1029127e-09,3.2459068,0.13481802,-8.912852,-0.051418215,0.07595539,-0.031450763,0.30746815,0.2301759,0.92471296,0.0002314114,0.0036663692,0.00042973462,40.0,nan
475104800,4259850,4325386,0,0,0,0,0,411.04898,400.016,2055.2449,2000.08,0.4909385,0.01623549,4.262618e-11,2.7837586,-0.023887882,-9.21525,0.0018439763,0.0014255845,5.8120055e-05,0.012097235,0.00972134,0.0564792,8.466008e-05,0.00011926997,6.5490865e-05,40.0,nan
476109903,4259850,4325386,0,0,0,0,0,411.04898,400.016,2055.2449,2000.08,0.18067771,0.010064882,3.62113e-11,2.7855368,0.010231892,-9.221375,0.0020075848,0.0026777156,-0.0009605788,0.009124019,0.020773496,0.045573592,7.013788e-05,0.00010898571,9.336041e-05,40.0,nan
477120023,4259850,4325386,0,0,0,0,0,411.04898,400.016,2055.2449,2000.08,0.13840634,0.009372685,8.564219e-11,2.780845,-0.01663972,-9.226828,0.0020059417,0.003115048,-0.0004643476,0.03949818,0.018303486,0.18827608,7.807769e-05,0.00029489447,9.059609e-05,40.0,nan
478130121,4259850,4325386,0,0,0,0,0,411.04898,400.016,2055.2449,2000.08,0.09887219,0.00917563,5.0113573e-11,2.772398,0.016489008,-9.214258,-0.0019260057,0.002698797,-2.6214025e-07,0.0060608997,0.0016796192,0.034359347,7.1674e-05,9.7172386e-05,9.109435e-05,40.0,nan
479145226,4259850,4325386,0,0,0,0,0,411.04898,400.016,2055.2449,2000.08,0.050965566,0.008111481,4.0743072e-11,2.776923,0.0007363109,-9.225578,0.0012427324,0.002361449,-0.00074265053,0.004391594,0.0014387929,0.03224099,4.8978767e-05,7.331489e-05,0.00011994109,40.0,nan
480150333,4259850,4325386,0,0,0,0,0,411.04898,400.016,2055.2449,2000.08,0.040927462,0.008902812,5.1955894e-11,2.780238,-0.006313299,-9.224373,0.003539515,0.0015106937,0.0005030681,0.0057686013,0.0016571211,0.035754964,5.915137e-05,6.695017e-05,8.750626e-05,40.0,nan
481160456,4259850,4325386,0,0,0,0,0,411.04898,400.016,2055.2449,2000.08,0.037294883,0.008144588,3.256346e-11,2.7787342,-8.624846e-05,-9.221226,0.0029784853,0.00232468,-0.00034491054,0.0046020434,0.0013434719,0.032763883,8.3380546e-05,8.156156e-05,4.911108e-05,40.0,nan
482165569,4259850,4325386,0,0,0,0,0,411.04898,400.016,2055.2449,2000.08,0.039652497,0.008340462,3.7211307e-11,2.7812712,0.0063058785,-9.219437,0.0031341747,0.0019185073,-0.00042068085,0.005367541,0.0015868075,0.033838533,6.862059e-05,7.994111e-05,8.6009815e-05,40.0,nan
483175661,4259850,4325386,0,0,0,0,0,411.04898,400.016,2055.2449,2000.08,0.04128514,0.0082449345,3.8089445e-11,2.7852464,-0.000713776,-9.21541,0.00092790497,0.0029609727,-0.00065537635,0.0053680893,0.0015774603,0.034224436,5.974353e-05,5.5341774e-05,7.6790784e-05,40.0,nan
484185786,4259850,4325386,0,0,0,0,0,411.04898,400.016,2055.2449,2000.08,0.09829,0.009478255,1.2926223e-10,2.7709439,0.030704278,-9.223248,-0.0046985364,-0.0018958674,3.0112491e-05,0.013463196,0.012834618,0.10915947,6.612055e-05,0.000545545,5.8506645e-05,40.0,nan
485190895,4259850,4325386,0,0,0,0,0,411.04898,400.016,2055.2449,2000.08,0.9465563,0.032680854,1.4827049e-08,1.6791903,-0.1556174,-9.872425,0.1343459,-0.45511627,-0.3138117,0.7648231,0.8553598,4.714463,0.0015320166,0.0045938464,0.0002295734,40.5,nan
486105981,4259850,4325386,0,0,0,0,0,411.04898,400.016,2055.2449,2000.08,0.32448617,0.01973324,7.2436626e-09,-0.41874325,1.2320769,-9.761968,-0.5779903,-0.37753296,0.33549306,0.0095286,0.04663855,0.030333998,0.0035145623,0.0060584825,0.004496629,40.5,nan
487126095,4259850,4325386,0,0,0,0,0,411.04898,400.016,2055.2449,2000.08,0.20085233,0.022351522,1.1669746e-08,-0.91319674,8.684881,-4.6523433,-0.7701156,-0.5891956,0.28665254,0.03332277,0.29998383,0.18658908,0.006944048,0.0010629701,-0.00026543622,40.5,nan
488131211,4259850,4325386,0,0,0,0,0,411.04898,400.016,2055.2449,2000.08,0.1784068,0.022778753,5.0367293e-09,-2.3328438,9.30473,-3.0489779,0.024908321,-0.44542933,0.13665757,0.04494132,0.06364181,0.4500683,0.0035646644,0.003966741,-0.00015811462,40.5,nan
489156320,4259850,4325386,0,0,0,0,0,411.04898,400.016,2055.2449,2000.08,0.18572886,0.025306102,1.4972151e-09,-1.3235942,8.610686,-0.31410387,-0.14333946,-0.085152075,-0.019784125,0.054026175,0.03779554,0.28256384,0.0009085687,0.0016280251,0.0010484138,40.0,nan
490166451,4259850,4325386,0,0,0,0,0,411.04898,400.016,2055.2449,2000.08,0.16914488,0.022032544,3.7217605e-09,-2.4451642,9.246471,-1.2354131,-0.39038268,0.015488736,-0.017582757,0.016429577,0.33759943,0.078511015,0.005787764,0.00686034,-2.5951509e-05,40.5,nan
491171544,4259850,4325386,0,0,0,0,0,411.04898,400.016,2055.2449,2000.08,0.15778707,0.020220522,1.1961617e-09,-2.5159452,10.289308,-0.1582749,-0.12803113,0.04779102,0.05568813,0.025721079,0.376059,0.070816725,0.00030876536,0.00090664986,0.0021389122,40.5,nan
492176666,4259850,4325386,0,0,0,0,0,411.04898,400.016,2055.2449,2000.08,0.12847766,0.01665574,2.1109137e-09,-2.9193025,10.142262,0.117937624,-0.20166515,0.15134484,-0.01058539,0.01871375,0.087525316,0.19034904,0.00074029504,0.0010039882,5.3186064e-05,40.5,nan
493186782,4259850,4325386,0,0,0,0,0,411.04898,400.016,2055.2449,2000.08,0.09786169,0.015295469,6.5937994e-10,-2.8601468,9.346809,0.3260199,-0.007027744,-0.0345811,-0.04882585,0.01956604,0.13946028,0.08102079,0.0021090074,0.0038767399,0.00036189676,40.5,nan
494096890,4259850,4325386,0,0,0,0,0,411.04898,400.016,2055.2449,2000.08,0.08151041,0.014110407,2.7487799e-09,-2.9361594,9.857459,0.62130654,0.059946213,-0.38150108,-0.040553477,0.0048385626,0.087652825,0.012297438,0.0007735379,0.00075527286,0.000102654034,40.5,nan
495121998,4259850,4325386,0,0,0,0,0,411.04898,400.016,2055.2449,2000.08,0.0718387,0.013357724,3.1937664e-09,-2.4744868,10.145309,0.70284677,0.21914193,-0.5770713,-0.027795142,0.0053153657,0.077645816,0.014400285,0.0017922067,0.00025689875,0.00016034265,40.5,nan
496127118,4259850,4325386,0,0,0,0,0,411.04898,400.016,2055.2449,2000.08,0.05355739,0.011170167,9.545504e-10,-2.457841,9.84407,0.93473166,-0.07950368,0.12579007,0.044463933,0.0017324259,0.00827887,0.006561277,0.00056489295,0.00026436412,0.00014161566,40.5,nan
497132235,4259850,4325386,0,0,0,0,0,411.04898,400.016,2055.2449,2000.08,0.09540119,0.011593239,9.799965e-10,-2.6540368,10.297788,0.5084942,0.07571965,-0.1172935,0.030150888,0.32312202,0.09202065,0.036288217,0.0008710158,0.00025613597,0.0006039719,40.5,nan
498142387,4259850,4325386,0,0,0,0,0,411.04898,400.016,2055.2449,2000.08,0.12190648,0.014249306,6.713627e-09,-4.5630274,8.698976,-1.2350123,0.42679766,0.6124627,-0.5663747,0.03580113,0.030925144,0.027096419,0.0003036302,0.0026866435,0.00025762373,40.5,nan
499152473,4259850,4325386,0,0,0,0,0,411.04898,400.016,2055.2449,2000.08,0.13944097,0.01563755,5.2362363e-09,-5.9644785,3.013328,-6.731267,0.3163332,0.8196439,-0.14194109,0.19074468,0.090138964,0.013698384,0.00040004574,0.00066950923,0.00016963921,40.5,nan
500157593,4259850,4325386,0,0,0,0,0,411.04898,400.016,2055.2449,2000.08,0.13027607,0.014534077,2.4345737e-09,-0.9235902,-0.6088404,-11.138322,0.13017185,0.3008233,-0.0075112954,0.04106755,0.05541552,0.2124163,0.0016555418,0.00047405518,0.00013519381,40.5,nan
501157737,4259850,4325386,0,0,0,0,0,411.04898,400.016,2055.2449,2000.08,1.2927133,0.037368223,1.6319098e-09,-0.31125537,-0.12849031,-9.718987,0.018909961,0.004476933,0.006427446,0.440929,0.51145154,2.1978662,0.001866021,0.0009744002,0.0020712807,40.5,nan
502172831,4259850,4325386,0,0,0,0,0,411.04898,400.016,2055.2449,2000.08,1.1234672,0.02391775,7.9479984e-10,-0.37104535,0.053956673,-9.78284,0.020251885,0.011371085,0.0038566107,1.7820663,1.2325261,15.426753,0.0013887623,0.0027867577,2.7304554e-06,40.5,nan
503177950,4259850,4325386,0,0,0,0,0,411.04898,400.016,2055.2449,2000.08,0.40120408,0.0129362345,9.14181e-11,-0.3156193,0.12816148,-9.783054,-0.005358836,-0.000286708,-0.0051339054,0.020325305,0.05987389,0.04292976,0.00032943324,8.859334e-05,0.00012814625,40.5,nan
504178076,4259850,4325386,0,0,0,0,0,411.04898,400.016,2055.2449,2000.08,0.37573323,0.012832427,1.1593616e-10,-0.28110677,0.12541875,-9.791544,-0.009228874,0.0055496274,-0.0014653146,0.028386788,0.16624846,0.06458637,0.00028300518,9.545123e-05,0.00022819951,40.5,nan
505093199,4259850,4325386,0,0,0,0,0,411.04898,400.016,2055.2449,2000.08,0.7874238,0.015969826,5.318542e-10,-0.47133136,0.25468302,-9.909465,-0.032716077,-0.002666217,0.0025770848,0.79890466,0.15110502,0.4268554,0.0010919023,0.0007694782,0.00031115848,40.5,nan
506103313,4259850,4325386,0,0,0,0,0,411.04898,400.016,2055.2449,2000.08,0.78033936,0.016569842,3.0062752e-10,-0.43546298,-0.09537212,-9.94965,0.0041246726,0.046924755,-0.02212203,0.035053678,0.19327243,0.2155638,0.00021640267,0.0003478763,0.00015871784,41.0,nan
507118446,4259850,4325386,0,0,0,0,0,411.04898,400.016,2055.2449,2000.08,1.5893989,0.036194224,1.2428337e-08,-0.50859976,0.0037106886,-9.871379,0.036370944,-0.1349603,-0.2304711,4.905974,5.275885,35.50267,0.0075475154,0.010665508,-0.0003325929,41.0,nan
508143571,4259850,4325386,0,0,0,0,0,411.04898,400.016,2055.2449,2000.08,1.2656424,0.028751418,5.422105e-09,0.26591817,-0.17892776,-10.221884,-0.024353674,-0.2944071,0.08253302,0.9035724,0.8538348,5.040483,0.007203064,0.0011891659,-5.313871e-05,41.0,nan
509163715,4259850,4325386,0,0,0,0,0,411.04898,400.016,2055.2449,2000.08,0.9907218,0.023244834,2.3867333e-10,-0.2299818,0.0036325043,-9.7559395,0.011295799,0.009128543,0.008034664,0.094701335,0.08687154,0.60972244,0.00025534056,0.00030594214,0.00014820695,41.0,nan
510168814,4259850,4325386,0,0,0,0,0,411.04898,400.016,2055.2449,2000.08,0.70296955,0.017903123,1.6999431e-10,-0.3125767,0.01535646,-9.778976,0.016738433,0.0064809485,0.0057771616,0.06507263,0.086520486,0.14463365,0.00016875789,0.00017294199,6.148861e-05,41.0,nan
