timestamp,timestamp_sample,q[0],q[1],q[2],q[3],delta_q_reset[0],delta_q_reset[1],delta_q_reset[2],delta_q_reset[3],quat_reset_counter
217908512,217908295,-0.86378425,-0.0209527,-5.9102542e-05,-0.5034261,0.99999946,3.7847108e-09,5.242912e-10,-0.0010803554,3
218408540,218408336,-0.86288375,-0.021045953,-0.00011143862,-0.5049642,0.99999946,3.7847108e-09,5.242912e-10,-0.0010803554,3
218908579,218908377,-0.86197317,-0.021158427,-0.00014972898,-0.50651234,0.99999946,3.7847108e-09,5.242912e-10,-0.0010803554,3
219408626,219408418,-0.8611483,-0.020981677,-8.110629e-05,-0.50792056,0.99999946,3.7847108e-09,5.242912e-10,-0.0010803554,3
219913669,219913460,-0.8609027,-0.019959623,0.00049022277,-0.5083778,0.99999946,3.7847108e-09,5.242912e-10,-0.0010803554,3
220408710,220408501,-0.8601632,-0.016925,0.00080171484,-0.5097375,0.99999946,3.7847108e-09,5.242912e-10,-0.0010803554,3
220908753,220908542,-0.86032456,-0.011602932,0.0013103609,-0.50961286,0.99999946,3.7847108e-09,5.242912e-10,-0.0010803554,3
221408789,221408584,-0.86088175,-0.007994091,-0.0022321723,-0.5087375,0.99999946,3.7847108e-09,5.242912e-10,-0.0010803554,3
221908831,221908626,-0.86037695,0.004987431,-0.012839272,-0.5094721,0.99999946,3.7847108e-09,5.242912e-10,-0.0010803554,3
222408871,222408668,-0.8516747,0.001748093,-0.0132956,-0.52389926,0.99999946,3.7847108e-09,5.242912e-10,-0.0010803554,3
222908916,222908710,-0.8447667,0.0067328354,-0.006632792,-0.53505147,0.99999946,3.7847108e-09,5.242912e-10,-0.0010803554,3
223408999,223408752,-0.84907895,-0.010179303,0.0059348824,-0.52813447,0.99999946,3.7847108e-09,5.242912e-10,-0.0010803554,3
223909020,223908794,-0.8552224,-0.025041934,-0.0006306697,-0.5176555,0.99999946,3.7847108e-09,5.242912e-10,-0.0010803554,3
224409040,224408837,-0.861665,-0.038907766,0.0137166865,-0.505798,0.99999946,3.7847108e-09,5.242912e-10,-0.0010803554,3
224909153,224908879,-0.8647488,-0.022395533,0.018513445,-0.5013634,0.99999946,3.7847108e-09,5.242912e-10,-0.0010803554,3
225409174,225408922,-0.86739516,-0.031880323,0.006584697,-0.49655417,0.99999946,3.7847108e-09,5.242912e-10,-0.0010803554,3
225909289,225908965,-0.87373585,-0.012765041,0.01233571,-0.48607686,0.99999946,3.7847108e-09,5.242912e-10,-0.0010803554,3
226409217,226409008,-0.8775327,-0.0043965206,0.019594118,-0.47909606,0.99999946,3.7847108e-09,5.242912e-10,-0.0010803554,3
226909274,226909051,-0.87985605,-0.004674136,0.020818776,-0.47476122,0.99999946,3.7847108e-09,5.242912e-10,-0.0010803554,3
227409300,227409094,-0.882896,-0.0062760618,0.016856242,-0.46922392,0.99999946,3.7847108e-09,5.242912e-10,-0.0010803554,3
227909391,227909137,-0.87930125,-0.010117144,0.014703644,-0.47593167,0.99999946,3.7847108e-09,5.242912e-10,-0.0010803554,3
228409386,228409180,-0.87208515,-0.009341745,0.0015461511,-0.48926255,0.99999946,3.7847108e-09,5.242912e-10,-0.0010803554,3
228909436,228909224,-0.8654626,-0.006301536,0.0046596797,-0.5009123,0.99999946,3.7847108e-09,5.242912e-10,-0.0010803554,3
229409471,229409268,-0.8639571,-0.008484282,-0.0025034696,-0.5034877,0.99999946,3.7847108e-09,5.242912e-10,-0.0010803554,3
229909534,229909311,-0.86490035,-0.017161539,-0.0044106436,-0.50163096,0.99999946,3.7847108e-09,5.242912e-10,-0.0010803554,3
230409555,230409355,-0.86618876,-0.02553868,-0.008951793,-0.49898377,0.99999946,3.7847108e-09,5.242912e-10,-0.0010803554,3
230909605,230909399,-0.8675972,-0.029784879,-0.0038577928,-0.4963597,0.99999946,3.7847108e-09,5.242912e-10,-0.0010803554,3
231409653,231409443,-0.869608,-0.023791157,-0.0030956166,-0.4931596,0.99999946,3.7847108e-09,5.242912e-10,-0.0010803554,3
231909770,231909487,-0.87199783,-0.01886766,0.0043914495,-0.4891263,0.99999946,3.7847108e-09,5.242912e-10,-0.0010803554,3
232409739,232409531,-0.87629,-0.020917846,0.012523123,-0.48116663,0.99999946,3.7847108e-09,5.242912e-10,-0.0010803554,3
232909779,232909576,-0.8848449,-0.025266014,0.01250096,-0.46503213,0.99999946,3.7847108e-09,5.242912e-10,-0.0010803554,3
233409829,233409620,-0.89306873,-0.022684166,0.017922353,-0.44899058,0.99999946,3.7847108e-09,5.242912e-10,-0.0010803554,3
233909871,233909665,-0.89972085,-0.01643603,0.017833572,-0.43579167,0.99999946,3.7847108e-09,5.242912e-10,-0.0010803554,3
234409915,234409709,-0.90531677,-0.01626328,0.013390514,-0.42421424,0.99999946,3.7847108e-09,5.242912e-10,-0.0010803554,3
234909962,234909754,-0.9089468,-0.016208513,0.008548242,-0.41650924,0.99999946,3.7847108e-09,5.242912e-10,-0.0010803554,3
235410004,235409799,-0.9108755,-0.010546952,0.0051854034,-0.41251394,0.99999946,3.7847108e-09,5.242912e-10,-0.0010803554,3
235910049,235909844,-0.91341627,-0.014369506,0.00791197,-0.40669614,0.99999946,3.7847108e-09,5.242912e-10,-0.0010803554,3
236410129,236409889,-0.91454244,-0.021798935,-0.004421945,-0.40387797,0.99999946,3.7847108e-09,5.242912e-10,-0.0010803554,3
236910138,236909935,-0.9116837,-0.027133163,-0.007424206,-0.4099287,0.99999946,3.7847108e-09,5.242912e-10,-0.0010803554,3
237410188,237409980,-0.90715075,-0.022259803,0.002946842,-0.42020652,0.99999946,3.7847108e-09,5.242912e-10,-0.0010803554,3
237910230,237910026,-0.90689695,-0.017454125,0.0081245415,-0.42091238,0.99999946,3.7847108e-09,5.242912e-10,-0.0010803554,3
238410280,238410071,-0.9089201,-0.021106761,0.0036586819,-0.41641957,0.99999946,3.7847108e-09,5.242912e-10,-0.0010803554,3
238910341,238910117,-0.90914965,-0.020710465,0.0029097393,-0.4159441,0.99999946,3.7847108e-09,5.242912e-10,-0.0010803554,3
239410381,239410163,-0.9083142,-0.01876193,0.007773122,-0.4177952,0.99999946,3.7847108e-09,5.242912e-10,-0.0010803554,3
239910411,239910208,-0.9068209,-0.023628345,0.006412348,-0.42080444,0.99999946,3.7847108e-09,5.242912e-10,-0.0010803554,3
240410456,240410254,-0.90626943,-0.020098502,0.008664258,-0.42213356,0.99999946,3.7847108e-09,5.242912e-10,-0.0010803554,3
240910509,240910301,-0.90599835,-0.017302735,0.007940353,-0.42285284,0.99999946,3.7847108e-09,5.242912e-10,-0.0010803554,3
241410554,241410347,-0.9070187,-0.015803002,0.003159294,-0.42078203,0.99999946,3.7847108e-09,5.242912e-10,-0.0010803554,3
241910658,241910393,-0.9088038,-0.013986946,-0.0023432423,-0.41698286,0.99999946,3.7847108e-09,5.242912e-10,-0.0010803554,3
242410648,242410439,-0.90905225,-0.016631998,-0.0053715147,-0.41631538,0.99999946,3.7847108e-09,5.242912e-10,-0.0010803554,3
242910690,242910486,-0.91168565,-0.015563391,-0.006235857,-0.41054642,0.99999946,3.7847108e-09,5.242912e-10,-0.0010803554,3
243410744,243410532,-0.9167928,-0.01425651,-0.0020375839,-0.39910364,0.99999946,3.7847108e-09,5.242912e-10,-0.0010803554,3
243910788,243910579,-0.92062545,-0.01466281,0.0082625495,-0.39008397,0.99999946,3.7847108e-09,5.242912e-10,-0.0010803554,3
244410853,244410629,-0.9214679,-0.020895991,0.012808553,-0.38768077,0.99999946,3.7847108e-09,5.242912e-10,-0.0010803554,3
244905832,244905671,-0.9210497,-0.020897517,0.014224669,-0.38862363,0.99999946,3.7847108e-09,5.242912e-10,-0.0010803554,3
245410922,245410718,-0.92073065,-0.014991252,0.014243129,-0.38965032,0.99999946,3.7847108e-09,5.242912e-10,-0.0010803554,3
245910973,245910765,-0.919576,-0.010773829,0.015383152,-0.3924634,0.99999946,3.7847108e-09,5.242912e-10,-0.0010803554,3
246411017,246410812,-0.91985947,-0.0045741214,0.009987981,-0.3920943,0.99999946,3.7847108e-09,5.242912e-10,-0.0010803554,3
246911091,246910859,-0.9209643,-0.0007904244,0.009737452,-0.38952452,0.99999946,3.7847108e-09,5.242912e-10,-0.0010803554,3
247411163,247410905,-0.92330563,5.6791436e-05,0.00031318978,-0.3840661,0.99999946,3.7847108e-09,5.242912e-10,-0.0010803554,3
247911154,247910952,-0.9245579,-0.004693338,-0.0055625783,-0.38097212,0.99999946,3.7847108e-09,5.242912e-10,-0.0010803554,3
248406355,248405999,-0.9247564,-0.009311264,-0.008653835,-0.38034725,0.99999946,3.7847108e-09,5.242912e-10,-0.0010803554,3
248911266,248911051,-0.92356855,-0.018169379,-0.008434868,-0.38290998,0.99999946,3.7847108e-09,5.242912e-10,-0.0010803554,3
249411488,249411093,-0.92115366,-0.025907902,-0.0036579955,-0.3883189,0.99999946,3.7847108e-09,5.242912e-10,-0.0010803554,3
249911347,249911141,-0.9177597,-0.026258193,0.0063441684,-0.39621633,0.99999946,3.7847108e-09,5.242912e-10,-0.0010803554,3
250411399,250411188,-0.9138097,-0.028064918,0.015594753,-0.40487176,0.99999946,3.7847108e-09,5.242912e-10,-0.0010803554,3
250911442,250911235,-0.9100783,-0.028491272,0.023066454,-0.41281208,0.99999946,3.7847108e-09,5.242912e-10,-0.0010803554,3
251411530,251411282,-0.9033742,-0.012986824,-0.09149657,-0.41877797,0.99999946,3.7847108e-09,5.242912e-10,-0.0010803554,3
251906535,251906329,-0.89737487,-0.0010580171,-0.0265785,-0.4404667,0.99999946,3.7847108e-09,5.242912e-10,-0.0010803554,3
252406592,252406376,-0.8863396,-0.024734106,0.06308608,-0.45805088,0.99999946,3.7847108e-09,5.242912e-10,-0.0010803554,3
252911676,252911424,-0.87727624,-0.0674971,0.029699698,-0.4742873,0.99999946,3.7847108e-09,5.242912e-10,-0.0010803554,3
253411691,253411472,-0.87635785,0.019454535,0.16502485,-0.45208985,0.99999946,3.7847108e-09,5.242912e-10,-0.0010803554,3
253911762,253911519,-0.89036644,0.044968933,0.18405508,-0.4139435,0.99999946,3.7847108e-09,5.242912e-10,-0.0010803554,3
254411785,254411567,-0.9136588,0.13453396,0.024606634,-0.3827829,0.99999946,3.7847108e-09,5.242912e-10,-0.0010803554,3
254911827,254911614,-0.9229587,0.123937555,0.017805023,-0.36396414,0.99999946,3.7847108e-09,5.242912e-10,-0.0010803554,3
255406867,255406661,-0.9401478,0.08933334,-0.025445748,-0.3278633,0.99999946,3.7847108e-09,5.242912e-10,-0.0010803554,3
255906915,255906709,-0.9491897,0.026677057,-0.10781826,-0.2944531,0.99999946,3.7847108e-09,5.242912e-10,-0.0010803554,3
256406959,256406757,-0.948973,-0.021078363,-0.16040711,-0.27069438,0.99999946,3.7847108e-09,5.242912e-10,-0.0010803554,3
256912015,256911805,-0.9674955,0.032005787,-0.06560398,-0.24212453,0.99999946,3.7847108e-09,5.242912e-10,-0.0010803554,3
257412066,257411853,-0.97517514,0.027532164,0.03058511,-0.21757782,0.99999946,3.7847108e-09,5.242912e-10,-0.0010803554,3
257912121,257911901,-0.9674986,-0.016344335,0.15568241,-0.198601,0.99999946,3.7847108e-09,5.242912e-10,-0.0010803554,3
258412157,258411949,-0.9650443,-0.023464696,0.16685608,-0.20074376,0.99999946,3.7847108e-09,5.242912e-10,-0.0010803554,3
258907205,258906997,-0.97271043,0.005981285,0.096230544,-0.21104124,0.99999946,3.7847108e-09,5.242912e-10,-0.0010803554,3
259407245,259407045,-0.9712747,-0.01294835,0.01762276,-0.23695464,0.99999946,3.7847108e-09,5.242912e-10,-0.0010803554,3
259907296,259907093,-0.9655448,0.055094916,0.06455616,-0.2460089,0.99999946,3.7847108e-09,5.242912e-10,-0.0010803554,3
260412346,260412142,-0.9684463,0.03749739,-0.007556859,-0.24626954,0.99999946,3.7847108e-09,5.242912e-10,-0.0010803554,3
260912433,260907190,-0.96171284,-0.033938464,-0.097970694,-0.2536899,0.99999946,3.7847108e-09,5.242912e-10,-0.0010803554,3
261412445,261412239,-0.959424,0.0096464595,-0.02080023,-0.28103352,0.99999946,3.7847108e-09,5.242912e-10,-0.0010803554,3
261912494,261912287,-0.95100766,-0.0036138266,0.036211323,-0.3070183,0.99999946,3.7847108e-09,5.242912e-10,-0.0010803554,3
262407542,262407336,-0.94451565,-0.0051026787,0.028166352,-0.3272167,0.99999946,3.7847108e-09,5.242912e-10,-0.0010803554,3
262907585,262907384,-0.9401134,-0.013152262,0.009382929,-0.3404788,0.99999946,3.7847108e-09,5.242912e-10,-0.0010803554,3
263407643,263407433,-0.9372292,-0.014465767,0.011365959,-0.3482284,0.99999946,3.7847108e-09,5.242912e-10,-0.0010803554,3
263907700,263907482,-0.93505436,-0.004517141,-0.011311277,-0.35429505,0.99999946,3.7847108e-09,5.242912e-10,-0.0010803554,3
264412754,264412536,-0.92744917,0.011033108,-0.02865917,-0.37268636,0.99999946,3.7847108e-09,5.242912e-10,-0.0010803554,3
264912791,264912580,-0.9159123,0.056450628,-0.031826463,-0.3961127,0.99999946,3.7847108e-09,5.242912e-10,-0.0010803554,3
265412840,265412630,-0.9284576,0.056104932,-0.0387389,-0.36512744,0.99999946,3.7847108e-09,5.242912e-10,-0.0010803554,3
265907889,265907678,-0.94239354,0.05097866,-0.03169943,-0.3290756,0.99999946,3.7847108e-09,5.242912e-10,-0.0010803554,3
266407941,266407729,-0.94412655,0.03814574,-0.01988486,-0.3267639,0.99999946,3.7847108e-09,5.242912e-10,-0.0010803554,3
266908012,266907777,-0.9475924,0.011486352,-0.015572403,-0.31889573,0.99999946,3.7847108e-09,5.242912e-10,-0.0010803554,3
267408034,267407826,-0.9423545,-0.013132386,-0.024419814,-0.33346552,0.99999946,3.7847108e-09,5.242912e-10,-0.0010803554,3
267908137,267907875,-0.9294296,-0.021502351,-0.025022192,-0.36752182,0.99999946,3.7847108e-09,5.242912e-10,-0.0010803554,3
268413138,268412925,-0.9266016,-0.028700273,-0.029415011,-0.37379214,0.99999946,3.7847108e-09,5.242912e-10,-0.0010803554,3
268913158,268912975,-0.9177008,-0.019637857,-0.037869237,-0.39497522,0.99999946,3.7847108e-09,5.242912e-10,-0.0010803554,3
269408191,269408024,-0.8688966,-0.26907235,-0.09436826,-0.4046153,0.99999946,3.7847108e-09,5.242912e-10,-0.0010803554,3
269908359,269908074,-0.7490685,-0.3635087,-0.2417916,-0.49829185,0.99999946,3.7847108e-09,5.242912e-10,-0.0010803554,3
270408317,270408124,-0.6818598,-0.22781628,-0.14734246,-0.67930645,0.99999946,3.7847108e-09,5.242912e-10,-0.0010803554,3
270908491,270908173,-0.6212259,-0.059597246,0.133152,-0.7699333,0.99999946,3.7847108e-09,5.242912e-10,-0.0010803554,3
271408402,271408223,-0.62256753,0.010231825,0.18409324,-0.7605359,0.99999946,3.7847108e-09,5.242912e-10,-0.0010803554,3
271908448,271908273,-0.78266865,0.07931644,0.11496123,-0.60656637,0.99999946,3.7847108e-09,5.242912e-10,-0.0010803554,3
272413495,272413323,-0.8171275,0.06477895,0.07941851,-0.56727326,0.99999946,3.7847108e-09,5.242912e-10,-0.0010803554,3
272908584,272908372,-0.8119483,0.031692095,0.046705984,-0.5809942,0.99999946,3.7847108e-09,5.242912e-10,-0.0010803554,3
273408590,273408422,-0.8049657,0.011656204,0.028985899,-0.59249836,0.99999946,3.7847108e-09,5.242912e-10,-0.0010803554,3
273908654,273908472,-0.7992599,0.0016895643,0.018408805,-0.6007013,0.99999946,3.7847108e-09,5.242912e-10,-0.0010803554,3
274408716,274408522,-0.79191387,-0.013149367,0.0035460363,-0.61048096,0.99999946,3.7847108e-09,5.242912e-10,-0.0010803554,3
274908737,274908571,-0.77697283,-0.019277291,-0.0066559725,-0.62920386,0.99999946,3.7847108e-09,5.242912e-10,-0.0010803554,3
275408787,275408621,-0.7579099,0.110277206,0.09439893,-0.63600355,0.99999946,3.7847108e-09,5.242912e-10,-0.0010803554,3
275908838,275908671,-0.7340671,0.34352562,0.23089816,-0.5383509,0.99999946,3.7847108e-09,5.242912e-10,-0.0010803554,3
276408883,276408720,-0.8337554,0.41511574,0.13231917,-0.33915004,0.99999946,3.7847108e-09,5.242912e-10,-0.0010803554,3
276908964,276908770,-0.88039356,0.45844004,0.03461997,-0.1163675,0.99999946,3.7847108e-09,5.242912e-10,-0.0010803554,3
277408985,277408819,-0.8866638,0.45027193,-0.06345426,0.084000565,0.99999946,3.7847108e-09,5.242912e-10,-0.0010803554,3
277909033,277908869,-0.84659857,0.4276305,-0.14632659,0.28105453,0.99999946,3.7847108e-09,5.242912e-10,-0.0010803554,3
278409084,278408918,-0.77090156,0.39774865,-0.2267206,0.44283706,0.99999946,3.7847108e-09,5.242912e-10,-0.0010803554,3
278909138,278908967,-0.68309075,0.34061134,-0.2796615,0.5823749,0.99999946,3.7847108e-09,5.242912e-10,-0.0010803554,3
279409186,279409017,-0.55693704,0.29689166,-0.30710834,0.71229273,0.99999946,3.7847108e-09,5.242912e-10,-0.0010803554,3
279909232,279909066,-0.58684945,0.14007819,-0.0658757,0.7947618,0.99999946,3.7847108e-09,5.242912e-10,-0.0010803554,3
280404289,280404114,-0.5933616,-0.06741129,0.1740533,0.7829963,0.99999946,3.7847108e-09,5.242912e-10,-0.0010803554,3
280909335,280909164,-0.64466,-0.20926033,0.24295181,0.69397265,0.99999946,3.7847108e-09,5.242912e-10,-0.0010803554,3
281409378,281409213,-0.74896234,-0.19020984,0.17232311,0.6108849,0.99999946,3.7847108e-09,5.242912e-10,-0.0010803554,3
281909427,281909262,-0.77396506,-0.21917233,0.15108547,0.5745561,0.99999946,3.7847108e-09,5.242912e-10,-0.0010803554,3
282409492,282409310,-0.82128435,-0.23404816,0.1478639,0.49884868,0.99999946,3.7847108e-09,5.242912e-10,-0.0010803554,3
282909524,282909359,-0.86369073,-0.1964921,0.10569567,0.45194885,0.99999946,3.7847108e-09,5.242912e-10,-0.0010803554,3
283409571,283409407,-0.8851119,-0.16430165,0.085151725,0.42700264,0.99999946,3.7847108e-09,5.242912e-10,-0.0010803554,3
283909622,283909455,-0.9133161,-0.11771388,0.0637076,0.38462782,0.99999946,3.7847108e-09,5.242912e-10,-0.0010803554,3
284409676,284409504,-0.92696255,-0.06802477,0.041688617,0.3665721,0.99999946,3.7847108e-09,5.242912e-10,-0.0010803554,3
284909720,284909552,-0.9344599,-0.03172876,0.028957866,0.3534677,0.99999946,3.7847108e-09,5.242912e-10,-0.0010803554,3
285409818,285409604,-0.9392129,0.0015440168,0.015463401,0.3429834,0.99999946,3.7847108e-09,5.242912e-10,-0.0010803554,3
285909812,285909648,-0.9410819,0.013881068,0.012009412,0.33768052,0.99999946,3.7847108e-09,5.242912e-10,-0.0010803554,3
286409878,286409695,-0.9352658,0.01677744,0.014833476,0.35323718,0.99999946,3.7847108e-09,5.242912e-10,-0.0010803554,3
286909916,286909743,-0.93227726,0.006433143,0.014974292,0.36137718,0.99999946,3.7847108e-09,5.242912e-10,-0.0010803554,3
287409983,287409791,-0.9355615,0.0075837965,0.015911987,0.35272393,0.99999946,3.7847108e-09,5.242912e-10,-0.0010803554,3
287910008,287909838,-0.9316655,0.006672971,0.010591101,0.3631017,0.99999946,3.7847108e-09,5.242912e-10,-0.0010803554,3
288410052,288409885,-0.93087983,0.0049105473,0.0076055545,0.36521363,0.99999946,3.7847108e-09,5.242912e-10,-0.0010803554,3
288910105,288909933,-0.9325143,-0.0032598642,0.002972862,0.3611063,0.99999946,3.7847108e-09,5.242912e-10,-0.0010803554,3
289410149,289409979,-0.93199414,-0.0094543,0.0017858768,0.36234564,0.99999946,3.7847108e-09,5.242912e-10,-0.0010803554,3
289910193,289910026,-0.9309735,-0.017935535,-0.0002472107,0.3646459,0.99999946,3.7847108e-09,5.242912e-10,-0.0010803554,3
290410261,290410073,-0.9364958,-0.07188094,0.018742159,0.34272107,0.99999946,3.7847108e-09,5.242912e-10,-0.0010803554,3
290910283,290910120,-0.94500065,-0.0688236,0.020306436,0.31910002,0.99999946,3.7847108e-09,5.242912e-10,-0.0010803554,3
291410450,291410166,-0.9531427,-0.058783107,0.01669754,0.29628482,0.99999946,3.7847108e-09,5.242912e-10,-0.0010803554,3
291910379,291910212,-0.9627585,-0.0508394,0.014685187,0.26513377,0.99999946,3.7847108e-09,5.242912e-10,-0.0010803554,3
292410566,292410259,-0.965344,-0.029215833,0.012617802,0.25903314,0.99999946,3.7847108e-09,5.242912e-10,-0.0010803554,3
292910476,292910305,-0.9636286,-0.009120737,0.0025175265,0.26707768,0.99999946,3.7847108e-09,5.242912e-10,-0.0010803554,3
293410529,293410350,-0.96360826,-0.005460272,-0.0034466856,0.26724082,0.99999946,3.7847108e-09,5.242912e-10,-0.0010803554,3
293910558,293910397,-0.9653823,-0.0042347484,-0.0070792995,0.26070857,0.99999946,3.7847108e-09,5.242912e-10,-0.0010803554,3
294410622,294410442,-0.96340084,-0.011819009,-0.0034902235,0.26778156,0.99999946,3.7847108e-09,5.242912e-10,-0.0010803554,3
294910656,294910488,-0.961461,-0.0050134873,-0.0005072319,0.2748953,0.99999946,3.7847108e-09,5.242912e-10,-0.0010803554,3
295410716,295410533,-0.9658382,-0.0144226495,0.0055305827,0.25868505,0.99999946,3.7847108e-09,5.242912e-10,-0.0010803554,3
295910743,295910578,-0.9671195,-0.017873077,0.008893645,0.25353742,0.99999946,3.7847108e-09,5.242912e-10,-0.0010803554,3
296410789,296410624,-0.9674928,-0.01471957,0.0050682495,0.25241882,0.99999946,3.7847108e-09,5.242912e-10,-0.0010803554,3
296910837,296910669,-0.96547294,-0.00700859,-0.0057503474,0.26034573,0.99999946,3.7847108e-09,5.242912e-10,-0.0010803554,3
297405879,297405713,-0.96620756,-0.017865945,-0.0038989116,0.2571158,0.99999946,3.7847108e-09,5.242912e-10,-0.0010803554,3
297910924,297910758,-0.96739596,-0.0133624775,-0.0070034773,0.25281918,0.99999946,3.7847108e-09,5.242912e-10,-0.0010803554,3
298410965,298410803,-0.9670757,-0.013346937,-0.0026093076,0.25412545,0.99999946,3.7847108e-09,5.242912e-10,-0.0010803554,3
298911013,298910847,-0.96541095,-0.017806996,0.0020471828,0.2601162,0.99999946,3.7847108e-09,5.242912e-10,-0.0010803554,3
299411056,299410892,-0.96438,-0.0040148613,0.0018197712,0.264484,0.99999946,3.7847108e-09,5.242912e-10,-0.0010803554,3
299906106,299905935,-0.9655619,-0.020196876,0.0028164443,0.25937313,0.99999946,3.7847108e-09,5.242912e-10,-0.0010803554,3
300411150,300410980,-0.9705655,-0.023934275,0.0009631659,0.23964328,0.99999946,3.7847108e-09,5.242912e-10,-0.0010803554,3
300906195,300906023,-0.9722967,-0.029970838,-0.0007012295,0.23181973,0.99999946,3.7847108e-09,5.242912e-10,-0.0010803554,3
301411238,301411069,-0.9360523,-0.26712567,0.042941287,0.2249578,0.99999946,3.7847108e-09,5.242912e-10,-0.0010803554,3
301911278,301911112,-0.89781576,-0.43180996,0.007883463,0.08605246,0.99999946,3.7847108e-09,5.242912e-10,-0.0010803554,3
302411322,302411157,-0.8892544,-0.43939927,-0.08493471,-0.09455672,0.99999946,3.7847108e-09,5.242912e-10,-0.0010803554,3
302911365,302911199,-0.9191862,-0.3281793,-0.083698064,-0.20097218,0.99999946,3.7847108e-09,5.242912e-10,-0.0010803554,3
303411406,303411242,-0.9109024,-0.3027022,-0.09160864,-0.26502112,0.99999946,3.7847108e-09,5.242912e-10,-0.0010803554,3
303911453,303911285,-0.9259874,-0.1915267,-0.04137892,-0.32272696,0.99999946,3.7847108e-09,5.242912e-10,-0.0010803554,3
304406495,304406328,-0.9151226,-0.12982051,-0.023877984,-0.3809555,0.99999946,3.7847108e-09,5.242912e-10,-0.0010803554,3
304911522,304911371,-0.9179837,-0.064497456,-0.007215858,-0.3912722,0.99999946,3.7847108e-09,5.242912e-10,-0.0010803554,3
305411582,305411414,-0.9069105,-0.1659218,-0.039248817,-0.3852828,0.99999946,3.7847108e-09,5.242912e-10,-0.0010803554,3
305911628,305911457,-0.8167176,-0.36142632,-0.14944893,-0.42427394,0.99999946,3.7847108e-09,5.242912e-10,-0.0010803554,3
306411673,306411499,-0.70274794,-0.3292941,-0.2661606,-0.5717249,0.99999946,3.7847108e-09,5.242912e-10,-0.0010803554,3
306911713,306911542,-0.59148127,-0.26274982,-0.34328887,-0.68063587,0.99999946,3.7847108e-09,5.242912e-10,-0.0010803554,3
307411761,307411587,-0.49339706,-0.20075914,-0.40341523,-0.74398345,0.99999946,3.7847108e-09,5.242912e-10,-0.0010803554,3
307906794,307906626,-0.37173718,-0.15868378,-0.42926311,-0.8076906,0.99999946,3.7847108e-09,5.242912e-10,-0.0010803554,3
308406854,308406668,-0.23958564,-0.0975764,-0.4424592,-0.85866606,0.99999946,3.7847108e-09,5.242912e-10,-0.0010803554,3
308911880,308911711,-0.08865817,-0.06150854,-0.37808776,-0.9194597,0.99999946,3.7847108e-09,5.242912e-10,-0.0010803554,3
309411917,309411752,0.013260201,-0.05233204,-0.21261588,-0.97564346,0.99999946,3.7847108e-09,5.242912e-10,-0.0010803554,3
309911958,309911794,0.02269633,-0.062320266,-0.021131655,-0.9975744,0.99999946,3.7847108e-09,5.242912e-10,-0.0010803554,3
310412000,310411835,-0.023768818,-0.061695684,0.10105539,-0.9926815,0.99999946,3.7847108e-09,5.242912e-10,-0.0010803554,3
310912095,310911877,-0.10202888,-0.040879272,0.14924327,-0.9826727,0.99999946,3.7847108e-09,5.242912e-10,-0.0010803554,3
311407093,311406918,-0.14055337,-0.035822846,0.13023241,-0.98081654,0.99999946,3.7847108e-09,5.242912e-10,-0.0010803554,3
311907173,311906959,-0.1689005,-0.045389727,0.102704786,-0.97921616,0.99999946,3.7847108e-09,5.242912e-10,-0.0010803554,3
312407168,312407000,-0.21220271,-0.04409512,0.08843131,-0.9722169,0.99999946,3.7847108e-09,5.242912e-10,-0.0010803554,3
312912228,312912042,-0.24293223,-0.046330094,0.06263439,-0.9669097,0.99999946,3.7847108e-09,5.242912e-10,-0.0010803554,3
313412246,313412083,-0.26878035,-0.05228864,0.0450012,-0.9607279,0.99999946,3.7847108e-09,5.242912e-10,-0.0010803554,3
313912358,313912123,-0.26871148,-0.053612858,0.026768997,-0.9613549,0.99999946,3.7847108e-09,5.242912e-10,-0.0010803554,3
314412360,314412164,-0.270601,-0.058258872,0.0034255832,-0.96092105,0.99999946,3.7847108e-09,5.242912e-10,-0.0010803554,3
314907385,314907205,-0.256482,-0.053798966,0.006452439,-0.96502906,0.99999946,3.7847108e-09,5.242912e-10,-0.0010803554,3
315407415,315407245,-0.23339948,-0.06078526,-0.010293864,-0.9704246,0.99999946,3.7847108e-09,5.242912e-10,-0.0010803554,3
315907464,315907285,-0.23000829,-0.05056189,0.010232474,-0.9718205,0.99999946,3.7847108e-09,5.242912e-10,-0.0010803554,3
316407493,316407326,-0.24745968,-0.050742444,0.016148135,-0.96743387,0.99999946,3.7847108e-09,5.242912e-10,-0.0010803554,3
316912546,316912366,-0.21780823,-0.0485931,-0.0033397381,-0.97477543,0.99999946,3.7847108e-09,5.242912e-10,-0.0010803554,3
317412661,317412407,-0.19271517,-0.05390636,-0.005377929,-0.97975826,0.99999946,3.7847108e-09,5.242912e-10,-0.0010803554,3
317912631,317912447,-0.20306747,-0.073732644,-0.13003118,-0.96768755,0.99999946,3.7847108e-09,5.242912e-10,-0.0010803554,3
318407678,318407487,-0.1527544,-0.07881489,-0.30512655,-0.9366707,0.99999946,3.7847108e-09,5.242912e-10,-0.0010803554,3
318907705,318907527,0.026068043,-0.08255752,-0.16757235,-0.982051,0.99999946,3.7847108e-09,5.242912e-10,-0.0010803554,3
319407732,319407566,0.14452411,-0.06018107,0.025292657,-0.98734564,0.99999946,3.7847108e-09,5.242912e-10,-0.0010803554,3
319907782,319907606,0.035114408,-0.053753793,0.23162651,-0.97068363,0.99999946,3.7847108e-09,5.242912e-10,-0.0010803554,3
320412812,320412646,-0.14636488,0.007058756,0.39101496,-0.9086445,0.99999946,3.7847108e-09,5.242912e-10,-0.0010803554,3
320912857,320912686,-0.30435237,0.03367467,0.27102965,-0.912567,0.99999946,3.7847108e-09,5.242912e-10,-0.0010803554,3
321412895,321412726,-0.38763613,0.007874565,0.08206832,-0.9181183,0.99999946,3.7847108e-09,5.242912e-10,-0.0010803554,3
321907933,321907765,-0.3789521,-0.03537308,-0.081125185,-0.9211747,0.99999946,3.7847108e-09,5.242912e-10,-0.0010803554,3
322407996,322407807,-0.29097888,-0.04490625,-0.14358813,-0.94482654,0.99999946,3.7847108e-09,5.242912e-10,-0.0010803554,3
322908019,322907844,-0.21427202,-0.025397481,-0.14727277,-0.96527374,0.99999946,3.7847108e-09,5.242912e-10,-0.0010803554,3
323408052,323407884,-0.1672444,0.0023281686,-0.07923858,-0.9827234,0.99999946,3.7847108e-09,5.242912e-10,-0.0010803554,3
323908098,323907923,-0.17091253,0.015944693,-0.046885714,-0.98404086,0.99999946,3.7847108e-09,5.242912e-10,-0.0010803554,3
324413128,324412963,-0.19037451,0.025613721,0.0038719068,-0.98136973,0.99999946,3.7847108e-09,5.242912e-10,-0.0010803554,3
324913171,324913003,-0.1585154,0.012587323,-0.020116808,-0.9870713,0.99999946,3.7847108e-09,5.242912e-10,-0.0010803554,3
325408216,325408041,-0.15915811,0.007943451,0.004719972,-0.9872099,0.99999946,3.7847108e-09,5.242912e-10,-0.0010803554,3
325908246,325908081,-0.18013445,0.020474225,0.029200481,-0.98299533,0.99999946,3.7847108e-09,5.242912e-10,-0.0010803554,3
326408290,326408120,-0.18008809,0.02294077,0.022155434,-0.9831333,0.99999946,3.7847108e-09,5.242912e-10,-0.0010803554,3
326908326,326908159,-0.19422866,0.01246595,0.008381374,-0.9808413,0.99999946,3.7847108e-09,5.242912e-10,-0.0010803554,3
327408367,327408198,-0.20542128,0.010522546,0.01325356,-0.97852737,0.99999946,3.7847108e-09,5.242912e-10,-0.0010803554,3
327908409,327908238,-0.19666886,0.023243375,-0.011090416,-0.9801317,0.99999946,3.7847108e-09,5.242912e-10,-0.0010803554,3
328413444,328413277,-0.19987026,0.024791393,0.008004094,-0.979476,0.99999946,3.7847108e-09,5.242912e-10,-0.0010803554,3
328908482,328908316,-0.18665169,0.014131701,-0.005214721,-0.9823107,0.99999946,3.7847108e-09,5.242912e-10,-0.0010803554,3
329408524,329408355,-0.19049363,0.020932047,0.0064883525,-0.9814439,0.99999946,3.7847108e-09,5.242912e-10,-0.0010803554,3
329908562,329908394,-0.19170782,0.02468887,0.0039428556,-0.9811335,0.99999946,3.7847108e-09,5.242912e-10,-0.0010803554,3
330408601,330408433,-0.18430147,0.014133468,-0.0052049197,-0.98275435,0.99999946,3.7847108e-09,5.242912e-10,-0.0010803554,3
330908643,330908471,-0.17958319,0.01090356,-0.0043546194,-0.9836728,0.99999946,3.7847108e-09,5.242912e-10,-0.0010803554,3
331408703,331408510,-0.1751185,0.0151894605,-0.012272643,-0.9843537,0.99999946,3.7847108e-09,5.242912e-10,-0.0010803554,3
331913723,331913549,-0.16438274,0.01346584,0.0024513283,-0.9863017,0.99999946,3.7847108e-09,5.242912e-10,-0.0010803554,3
332408765,332408588,-0.1518193,0.0073679993,0.018203676,-0.98821324,0.99999946,3.7847108e-09,5.242912e-10,-0.0010803554,3
332908795,332908626,-0.15001845,0.0076592066,-0.00031362582,-0.98865354,0.99999946,3.7847108e-09,5.242912e-10,-0.0010803554,3
333408836,333408665,-0.1612798,0.016153343,0.0072097327,-0.9867502,0.99999946,3.7847108e-09,5.242912e-10,-0.0010803554,3
333908897,333908704,-0.15783544,0.0077014836,0.000337442,-0.9874354,0.99999946,3.7847108e-09,5.242912e-10,-0.0010803554,3
334408911,334408742,-0.15885474,0.0056346534,-0.006024082,-0.9872675,0.99999946,3.7847108e-09,5.242912e-10,-0.0010803554,3
334908947,334908781,-0.16070506,0.017065998,-0.016504493,-0.9867169,0.99999946,3.7847108e-09,5.242912e-10,-0.0010803554,3
335409004,335408819,-0.15563229,0.021176277,-0.004336517,-0.98757863,0.99999946,3.7847108e-09,5.242912e-10,-0.0010803554,3
335909028,335908858,-0.14774577,0.04460491,-0.0008729713,-0.9880187,0.99999946,3.7847108e-09,5.242912e-10,-0.0010803554,3
336409176,336408896,-0.15850942,0.019983986,0.0074093817,-0.9871274,0.99999946,3.7847108e-09,5.242912e-10,-0.0010803554,3
336909107,336908935,-0.16877125,0.066558555,0.1198178,-0.97607887,0.99999946,3.7847108e-09,5.242912e-10,-0.0010803554,3
337409312,337408973,-0.20867655,0.101926036,0.17796767,-0.9562389,0.99999946,3.7847108e-09,5.242912e-10,-0.0010803554,3
337909189,337909011,-0.2808178,0.12663426,0.18841198,-0.9325267,0.99999946,3.7847108e-09,5.242912e-10,-0.0010803554,3
338409425,338409052,-0.33389205,0.13832498,0.16065226,-0.9184624,0.99999946,3.7847108e-09,5.242912e-10,-0.0010803554,3
338909259,338909088,-0.3834903,0.15842417,0.18048632,-0.8917745,0.99999946,3.7847108e-09,5.242912e-10,-0.0010803554,3
339409317,339409126,-0.46766478,0.18056427,0.17590171,-0.84719825,0.99999946,3.7847108e-09,5.242912e-10,-0.0010803554,3
339909333,339909164,-0.5274891,0.194071,0.15330724,-0.8127661,0.99999946,3.7847108e-09,5.242912e-10,-0.0010803554,3
340409379,340409202,-0.59547204,0.18193857,0.12250745,-0.772854,0.99999946,3.7847108e-09,5.242912e-10,-0.0010803554,3
340909408,340909240,-0.62578076,0.2100519,0.123316735,-0.7409923,0.99999946,3.7847108e-09,5.242912e-10,-0.0010803554,3
341409461,341409278,-0.668979,0.2408879,0.1351671,-0.6900508,0.99999946,3.7847108e-09,5.242912e-10,-0.0010803554,3
341909499,341909316,-0.73990494,0.2416871,0.10854896,-0.6183407,0.99999946,3.7847108e-09,5.242912e-10,-0.0010803554,3
342409523,342409354,-0.7859096,0.21496269,0.06753004,-0.57582724,0.99999946,3.7847108e-09,5.242912e-10,-0.0010803554,3
342909557,342909392,-0.80690193,0.21222547,0.055538677,-0.5484388,0.99999946,3.7847108e-09,5.242912e-10,-0.0010803554,3
343409597,343409430,-0.83068055,0.23344204,0.056442007,-0.50228375,0.99999946,3.7847108e-09,5.242912e-10,-0.0010803554,3
343909640,343909468,-0.8650548,0.24118192,0.041140176,-0.43797138,0.99999946,3.7847108e-09,5.242912e-10,-0.0010803554,3
344409710,344409506,-0.8957523,0.2386779,0.020898264,-0.3744649,0.99999946,3.7847108e-09,5.242912e-10,-0.0010803554,3
344909718,344909544,-0.92035455,0.23003183,-0.0014578506,-0.31627655,0.99999946,3.7847108e-09,5.242912e-10,-0.0010803554,3
345409752,345409581,-0.9391609,0.22162962,-0.015139477,-0.26196957,0.99999946,3.7847108e-09,5.242912e-10,-0.0010803554,3
345909793,345909619,-0.95191747,0.22848615,-0.022772767,-0.20280193,0.99999946,3.7847108e-09,5.242912e-10,-0.0010803554,3
346409827,346409656,-0.9608505,0.23307443,-0.037112724,-0.1451387,0.99999946,3.7847108e-09,5.242912e-10,-0.0010803554,3
346909892,346909694,-0.9774922,0.19032314,-0.05023145,-0.07591443,0.99999946,3.7847108e-09,5.242912e-10,-0.0010803554,3
347409898,347409731,-0.98206556,0.17517914,-0.058578357,-0.037790004,0.99999946,3.7847108e-09,5.242912e-10,-0.0010803554,3
347909938,347909768,-0.9780865,0.1952997,-0.07015315,0.016839605,0.99999946,3.7847108e-09,5.242912e-10,-0.0010803554,3
348409979,348409806,-0.9754038,0.19258694,-0.08075991,0.07053853,0.99999946,3.7847108e-09,5.242912e-10,-0.0010803554,3
348910009,348909843,-0.9651747,0.20100735,-0.09494361,0.13791168,0.99999946,3.7847108e-09,5.242912e-10,-0.0010803554,3
349410047,349409881,-0.95768654,0.17647837,-0.102965206,0.20270705,0.99999946,3.7847108e-09,5.242912e-10,-0.0010803554,3
349910093,349909918,-0.9459301,0.17632352,-0.09335528,0.25575566,0.99999946,3.7847108e-09,5.242912e-10,-0.0010803554,3
350410125,350409955,-0.9244744,0.1960447,-0.108509034,0.3084466,0.99999946,3.7847108e-09,5.242912e-10,-0.0010803554,3
350910173,350909992,-0.9069551,0.18722709,-0.10876315,0.36131573,0.99999946,3.7847108e-09,5.242912e-10,-0.0010803554,3
351410198,351410029,-0.8790892,0.19164924,-0.12501155,0.41814485,0.99999946,3.7847108e-09,5.242912e-10,-0.0010803554,3
351910238,351910066,-0.8536327,0.18354118,-0.12810823,0.47033212,0.99999946,3.7847108e-09,5.242912e-10,-0.0010803554,3
352410272,352410103,-0.82342166,0.17514186,-0.12956786,0.52394134,0.99999946,3.7847108e-09,5.242912e-10,-0.0010803554,3
352910307,352910140,-0.78779876,0.16711019,-0.13358168,0.5775839,0.99999946,3.7847108e-09,5.242912e-10,-0.0010803554,3
353410346,353410177,-0.7497944,0.15609452,-0.14304595,0.6268817,0.99999946,3.7847108e-09,5.242912e-10,-0.0010803554,3
353910380,353910214,-0.70896786,0.14360906,-0.15514436,0.67280847,0.99999946,3.7847108e-09,5.242912e-10,-0.0010803554,3
354410419,354410251,-0.6603174,0.13948226,-0.17151083,0.7177114,0.99999946,3.7847108e-09,5.242912e-10,-0.0010803554,3
354910457,354910287,-0.612307,0.1282845,-0.18078652,0.7589069,0.99999946,3.7847108e-09,5.242912e-10,-0.0010803554,3
355410494,355410324,-0.5644698,0.11476878,-0.18570922,0.7960617,0.99999946,3.7847108e-09,5.242912e-10,-0.0010803554,3
355910537,355910361,-0.51561314,0.10629606,-0.194357,0.82768935,0.99999946,3.7847108e-09,5.242912e-10,-0.0010803554,3
356410604,356410397,-0.45805705,0.101816475,-0.21817473,0.85569674,0.99999946,3.7847108e-09,5.242912e-10,-0.0010803554,3
356910601,356910433,-0.4037699,0.08506872,-0.22604682,0.88240355,0.99999946,3.7847108e-09,5.242912e-10,-0.0010803554,3
357410639,357410470,-0.3409322,0.07852158,-0.2384698,0.90594244,0.99999946,3.7847108e-09,5.242912e-10,-0.0010803554,3
357910677,357910506,-0.25544792,0.06211143,-0.24195834,0.933994,0.99999946,3.7847108e-09,5.242912e-10,-0.0010803554,3
358410718,358410543,-0.17549334,0.034349058,-0.24523045,0.95282966,0.99999946,3.7847108e-09,5.242912e-10,-0.0010803554,3
358910738,358910579,-0.09695689,0.016751204,-0.24827912,0.9636785,0.99999946,3.7847108e-09,5.242912e-10,-0.0010803554,3
359410822,359410615,-0.0039037822,-0.0034802572,-0.25008956,0.9682086,0.99999946,3.7847108e-09,5.242912e-10,-0.0010803554,3
359910871,359910651,0.06380766,-0.026911974,-0.23118554,0.97044194,0.99999946,3.7847108e-09,5.242912e-10,-0.0010803554,3
360410858,360410687,0.14029647,-0.026138531,-0.24788235,0.9582213,0.99999946,3.7847108e-09,5.242912e-10,-0.0010803554,3
360911055,360910723,0.22059038,-0.04274443,-0.24595872,0.9428771,0.99999946,3.7847108e-09,5.242912e-10,-0.0010803554,3
361410927,361410759,0.28572142,-0.06678478,-0.23037323,0.92780995,0.99999946,3.7847108e-09,5.242912e-10,-0.0010803554,3
361911104,361910795,0.3748,-0.09348622,-0.2435568,0.8896435,0.99999946,3.7847108e-09,5.242912e-10,-0.0010803554,3
362411057,362410831,0.43891695,-0.08617346,-0.18476447,0.8750932,0.99999946,3.7847108e-09,5.242912e-10,-0.0010803554,3
362911042,362910867,0.45459935,-0.06554905,-0.16908544,0.87203956,0.99999946,3.7847108e-09,5.242912e-10,-0.0010803554,3
363411072,363410903,0.5245293,-0.10582435,-0.22038585,0.8155369,0.99999946,3.7847108e-09,5.242912e-10,-0.0010803554,3
363906121,363905938,0.60435593,-0.15760008,-0.21814734,0.74988526,0.99999946,3.7847108e-09,5.242912e-10,-0.0010803554,3
364411169,364410974,0.660175,-0.14353693,-0.17657104,0.7158134,0.99999946,3.7847108e-09,5.242912e-10,-0.0010803554,3
364911184,364911010,0.70569503,-0.12274563,-0.14625221,0.6823038,0.99999946,3.7847108e-09,5.242912e-10,-0.0010803554,3
365411212,365411045,0.7343359,-0.12576576,-0.13653387,0.6529106,0.99999946,3.7847108e-09,5.242912e-10,-0.0010803554,3
365911299,365911080,0.7670434,-0.14488749,-0.13314226,0.610676,0.99999946,3.7847108e-09,5.242912e-10,-0.0010803554,3
366411284,366411116,0.8071658,-0.17542808,-0.12218023,0.550255,0.99999946,3.7847108e-09,5.242912e-10,-0.0010803554,3
366911320,366911151,0.84520024,-0.17427154,-0.101027206,0.4950349,0.99999946,3.7847108e-09,5.242912e-10,-0.0010803554,3
367406355,367406186,0.87373644,-0.15847965,-0.079337,0.45296183,0.99999946,3.7847108e-09,5.242912e-10,-0.0010803554,3
367906387,367906222,0.89631826,-0.16637836,-0.06848697,0.40526727,0.99999946,3.7847108e-09,5.242912e-10,-0.0010803554,3
368411427,368411257,0.911573,-0.17007351,-0.060416274,0.36940432,0.99999946,3.7847108e-09,5.242912e-10,-0.0010803554,3
368911463,368911292,0.93405133,-0.17476618,-0.05696865,0.306202,0.99999946,3.7847108e-09,5.242912e-10,-0.0010803554,3
369411495,369411327,0.95713013,-0.17648418,-0.04241627,0.22573443,0.99999946,3.7847108e-09,5.242912e-10,-0.0010803554,3
369911557,369911362,0.9732055,-0.14159225,-0.025034174,0.17943226,0.99999946,3.7847108e-09,5.242912e-10,-0.0010803554,3
370411569,370411397,0.97553277,-0.15650949,-0.021803714,0.15285745,0.99999946,3.7847108e-09,5.242912e-10,-0.0010803554,3
370906598,370906432,0.97647774,-0.19687015,-0.012747869,0.0870105,0.99999946,3.7847108e-09,5.242912e-10,-0.0010803554,3
371406636,371406466,0.9824884,-0.18428886,-0.003907263,0.027184961,0.99999946,3.7847108e-09,5.242912e-10,-0.0010803554,3
371911675,371911502,0.9848219,-0.17090002,-0.000115283656,-0.030317115,0.99999946,3.7847108e-09,5.242912e-10,-0.0010803554,3
372411706,372411537,0.982621,-0.16721511,0.009428644,-0.08003965,0.99999946,3.7847108e-09,5.242912e-10,-0.0010803554,3
372911741,372911571,0.97671455,-0.17726897,0.025522746,-0.11812309,0.99999946,3.7847108e-09,5.242912e-10,-0.0010803554,3
373411782,373411606,0.9702591,-0.16836394,0.034411516,-0.17049004,0.99999946,3.7847108e-09,5.242912e-10,-0.0010803554,3
373911811,373911641,0.9573967,-0.17228214,0.049279634,-0.22645552,0.99999946,3.7847108e-09,5.242912e-10,-0.0010803554,3
374406857,374406674,0.9432358,-0.17821915,0.05690838,-0.2744187,0.99999946,3.7847108e-09,5.242912e-10,-0.0010803554,3
374906875,374906709,0.92720175,-0.17808463,0.06321442,-0.32339895,0.99999946,3.7847108e-09,5.242912e-10,-0.0010803554,3
375406914,375406744,0.90573186,-0.17436264,0.0820633,-0.37750927,0.99999946,3.7847108e-09,5.242912e-10,-0.0010803554,3
375911946,375911779,0.8809342,-0.16920766,0.0974708,-0.43107226,0.99999946,3.7847108e-09,5.242912e-10,-0.0010803554,3
376412036,376411813,0.85149115,-0.16640043,0.11360145,-0.48411626,0.99999946,3.7847108e-09,5.242912e-10,-0.0010803554,3
376912032,376911847,0.8254434,-0.1563427,0.11203356,-0.53070575,0.99999946,3.7847108e-09,5.242912e-10,-0.0010803554,3
377412048,377411881,0.7975485,-0.14404047,0.11325275,-0.57475436,0.99999946,3.7847108e-09,5.242912e-10,-0.0010803554,3
377907081,377906915,0.7612486,-0.146013,0.13020937,-0.6182446,0.99999946,3.7847108e-09,5.242912e-10,-0.0010803554,3
378407114,378406949,0.71523327,-0.14136185,0.14981991,-0.66784155,0.99999946,3.7847108e-09,5.242912e-10,-0.0010803554,3
378907153,378906984,0.6747871,-0.12784132,0.16115342,-0.70876557,0.99999946,3.7847108e-09,5.242912e-10,-0.0010803554,3
379412189,379412018,0.63397247,-0.11992082,0.16430509,-0.74612457,0.99999946,3.7847108e-09,5.242912e-10,-0.0010803554,3
379912225,379912052,0.5872757,-0.11296105,0.16825189,-0.783606,0.99999946,3.7847108e-09,5.242912e-10,-0.0010803554,3
380412276,380412086,0.53400636,-0.1048952,0.1805697,-0.81928563,0.99999946,3.7847108e-09,5.242912e-10,-0.0010803554,3
380912292,380912120,0.4652677,-0.1018584,0.19931717,-0.85640144,0.99999946,3.7847108e-09,5.242912e-10,-0.0010803554,3
381407318,381407154,0.41643533,-0.08434377,0.21486253,-0.8793758,0.99999946,3.7847108e-09,5.242912e-10,-0.0010803554,3
381907353,381907187,0.35579708,-0.07531788,0.24505879,-0.8987112,0.99999946,3.7847108e-09,5.242912e-10,-0.0010803554,3
382407388,382407222,0.2754247,-0.054273188,0.24784751,-0.92723644,0.99999946,3.7847108e-09,5.242912e-10,-0.0010803554,3
382907422,382907255,0.20000087,-0.03069547,0.24861991,-0.94723046,0.99999946,3.7847108e-09,5.242912e-10,-0.0010803554,3
383412463,383412289,0.13678946,-0.010003854,0.21507603,-0.96691823,0.99999946,3.7847108e-09,5.242912e-10,-0.0010803554,3
383912572,383912323,0.7028148,-0.05578449,0.06882705,-0.70583445,0.7299883,-1.4230745e-08,-8.831088e-09,0.68345964,4
384412577,384412356,0.6376081,0.13829306,-0.107767954,-0.7501447,0.7299883,-1.4230745e-08,-8.831088e-09,0.68345964,4
384907608,384907390,0.6603971,0.34046,-0.25991982,-0.6167694,0.7299883,-1.4230745e-08,-8.831088e-09,0.68345964,4
385407752,385407423,0.7277303,0.39469048,-0.20471045,-0.5222277,0.7299883,-1.4230745e-08,-8.831088e-09,0.68345964,4
385907683,385907457,0.64555293,0.46552527,-0.1734917,-0.58004165,0.7299883,-1.4230745e-08,-8.831088e-09,0.68345964,4
386407871,386407492,0.7467681,0.5110297,-0.08133968,-0.41781577,0.7299883,-1.4230745e-08,-8.831088e-09,0.68345964,4
386912746,386912525,0.94469947,0.28739762,-0.0205037,-0.15660487,0.7299883,-1.4230745e-08,-8.831088e-09,0.68345964,4
387412933,387412561,0.9897992,0.12691727,0.003618906,-0.06462619,0.7299883,-1.4230745e-08,-8.831088e-09,0.68345964,4
387912811,387912591,0.8118595,0.058705393,0.58088046,-0.003980703,0.7299883,-1.4230745e-08,-8.831088e-09,0.68345964,4
388407836,388407624,0.8165437,-0.010711925,0.5748256,0.052129008,0.7299883,-1.4230745e-08,-8.831088e-09,0.68345964,4
388907861,388907657,0.92930263,0.15223427,-0.3080266,0.13542883,0.7299883,-1.4230745e-08,-8.831088e-09,0.68345964,4
389407906,389407690,0.8591108,-0.19091362,0.3747646,0.29160294,0.7299883,-1.4230745e-08,-8.831088e-09,0.68345964,4
389907928,389907724,0.7956004,0.022466145,-0.12769397,0.59178513,0.7299883,-1.4230745e-08,-8.831088e-09,0.68345964,4
390408002,390407757,0.6722097,0.2110371,0.0043187225,0.709633,0.7299883,-1.4230745e-08,-8.831088e-09,0.68345964,4
390912994,390912791,0.6050752,-0.14806207,-0.15891755,0.7659679,0.7299883,-1.4230745e-08,-8.831088e-09,0.68345964,4
391413059,391412824,0.5271566,0.24426487,0.025957435,0.81349057,0.7299883,-1.4230745e-08,-8.831088e-09,0.68345964,4
391908078,391907857,0.49326435,-0.08747036,-0.22511798,0.83568007,0.7299883,-1.4230745e-08,-8.831088e-09,0.68345964,4
392408135,392407890,0.479312,0.028132584,0.016886275,0.8770311,0.7299883,-1.4230745e-08,-8.831088e-09,0.68345964,4
392908131,392907923,0.809337,-0.16875704,-0.08683165,0.5558371,0.9175635,1.1366246e-08,-1.2910499e-08,-0.3975892,5
393408200,393407956,0.8836367,-0.04619676,-0.07558046,0.4597171,0.9175635,1.1366246e-08,-1.2910499e-08,-0.3975892,5
393908211,393907990,0.9334097,-0.08549647,-0.06446752,0.3424629,0.9175635,1.1366246e-08,-1.2910499e-08,-0.3975892,5
394413230,394413023,0.96776915,0.008711251,-0.052037172,0.24625029,0.9175635,1.1366246e-08,-1.2910499e-08,-0.3975892,5
394913265,394913057,0.98236907,-0.014872285,-0.06338677,0.17524815,0.9175635,1.1366246e-08,-1.2910499e-08,-0.3975892,5
395408293,395408090,0.98772,-0.0026178912,-0.057037387,0.14542751,0.9175635,1.1366246e-08,-1.2910499e-08,-0.3975892,5
395908328,395908123,0.9877006,0.013093153,-0.05940509,0.14403942,0.9175635,1.1366246e-08,-1.2910499e-08,-0.3975892,5
396408361,396408156,0.98737395,-0.0019509317,-0.05647772,0.14798364,0.9175635,1.1366246e-08,-1.2910499e-08,-0.3975892,5
396908392,396908190,0.98580706,-0.01167737,-0.044474527,0.16146249,0.9175635,1.1366246e-08,-1.2910499e-08,-0.3975892,5
397408424,397408223,0.9849085,0.0046685846,-0.04623084,0.1667217,0.9175635,1.1366246e-08,-1.2910499e-08,-0.3975892,5
397908458,397908256,0.98231316,0.009090377,-0.06993046,0.17345923,0.9175635,1.1366246e-08,-1.2910499e-08,-0.3975892,5
398413495,398413290,0.9825404,0.0046354644,-0.05957367,0.17619276,0.9175635,1.1366246e-08,-1.2910499e-08,-0.3975892,5
398908565,398908323,0.9842683,-0.009988527,-0.053688202,0.16802905,0.9175635,1.1366246e-08,-1.2910499e-08,-0.3975892,5
399408558,399408357,0.9862944,-0.034509294,-0.04822099,0.15397204,0.9175635,1.1366246e-08,-1.2910499e-08,-0.3975892,5
399908597,399908390,0.98790556,-0.047743585,-0.057466168,0.13587043,0.9175635,1.1366246e-08,-1.2910499e-08,-0.3975892,5
400408633,400408424,0.9907069,-0.027024006,-0.040276844,0.12707259,0.9175635,1.1366246e-08,-1.2910499e-08,-0.3975892,5
400908688,400908458,0.9919196,-0.0401733,-0.05366145,0.10771331,0.9175635,1.1366246e-08,-1.2910499e-08,-0.3975892,5
401408697,401408491,0.9928184,-0.03754253,-0.043180387,0.10506044,0.9175635,1.1366246e-08,-1.2910499e-08,-0.3975892,5
401913734,401913525,0.9933934,-0.028771222,-0.060115576,0.093423076,0.9175635,1.1366246e-08,-1.2910499e-08,-0.3975892,5
402408762,402408559,0.99561816,-0.009761807,-0.029728403,0.08812134,0.9175635,1.1366246e-08,-1.2910499e-08,-0.3975892,5
402908800,402908593,0.9946144,-0.03891511,-0.051107477,0.08133724,0.9175635,1.1366246e-08,-1.2910499e-08,-0.3975892,5
403408836,403408626,0.9955252,-0.014583496,-0.034048166,0.086936146,0.9175635,1.1366246e-08,-1.2910499e-08,-0.3975892,5
403908864,403908660,0.9950277,-0.04300724,-0.040131938,0.080372766,0.9175635,1.1366246e-08,-1.2910499e-08,-0.3975892,5
404408958,404408694,0.9961856,-0.014959755,-0.026022675,0.08193552,0.9175635,1.1366246e-08,-1.2910499e-08,-0.3975892,5
404908930,404908728,0.9946752,-0.02209753,-0.04013156,0.09231735,0.9175635,1.1366246e-08,-1.2910499e-08,-0.3975892,5
405408979,405408762,0.99367726,-0.03400319,-0.04256029,0.09817369,0.9175635,1.1366246e-08,-1.2910499e-08,-0.3975892,5
405908999,405908797,0.99359995,-0.010701789,-0.035415728,0.106725365,0.9175635,1.1366246e-08,-1.2910499e-08,-0.3975892,5
406409049,406408831,0.99465436,-0.025351305,0.024706908,0.09700316,0.9175635,1.1366246e-08,-1.2910499e-08,-0.3975892,5
406909086,406908865,0.9955546,-0.008048934,0.019546898,0.091784015,0.9175635,1.1366246e-08,-1.2910499e-08,-0.3975892,5
407409103,407408899,0.992927,-0.002131789,0.058754943,0.10314706,0.9175635,1.1366246e-08,-1.2910499e-08,-0.3975892,5
407909136,407908934,0.9913386,-0.0078030447,0.015620882,0.13016489,0.9175635,1.1366246e-08,-1.2910499e-08,-0.3975892,5
408409172,408408968,0.9861197,0.0051776846,0.011287828,0.16557086,0.9175635,1.1366246e-08,-1.2910499e-08,-0.3975892,5
408909213,408909003,0.97955483,-0.0023902599,-0.031213582,0.19872706,0.9175635,1.1366246e-08,-1.2910499e-08,-0.3975892,5
409409240,409409038,0.97021437,-0.03354681,0.10986777,0.213279,0.9175635,1.1366246e-08,-1.2910499e-08,-0.3975892,5
409909324,409909072,0.97255945,-0.06457479,0.012711109,0.22315192,0.9175635,1.1366246e-08,-1.2910499e-08,-0.3975892,5
410409308,410409107,0.96546113,-0.14900476,0.023066249,0.2124864,0.9175635,1.1366246e-08,-1.2910499e-08,-0.3975892,5
410909445,410909142,0.9737528,-0.091186464,-0.015771568,0.207947,0.9175635,1.1366246e-08,-1.2910499e-08,-0.3975892,5
411409409,411409177,0.9822743,0.00018870724,-0.01456146,0.1868833,0.9175635,1.1366246e-08,-1.2910499e-08,-0.3975892,5
411909654,411909212,0.9842266,0.048407096,-0.04778162,0.16331494,0.9175635,1.1366246e-08,-1.2910499e-08,-0.3975892,5
412409449,412409247,0.9857865,0.038903665,-0.046460096,0.15669385,0.9175635,1.1366246e-08,-1.2910499e-08,-0.3975892,5
412909492,412909282,0.9850369,0.04400593,-0.034156095,0.16309223,0.9175635,1.1366246e-08,-1.2910499e-08,-0.3975892,5
413409521,413409318,0.98278373,0.0346318,-0.0365555,0.17776518,0.9175635,1.1366246e-08,-1.2910499e-08,-0.3975892,5
413909563,413909353,0.9775683,0.041902684,-0.034365144,0.20352773,0.9175635,1.1366246e-08,-1.2910499e-08,-0.3975892,5
414409590,414409388,0.97188246,0.03822601,-0.034951366,0.2296995,0.9175635,1.1366246e-08,-1.2910499e-08,-0.3975892,5
414909638,414909424,0.96728224,-0.037721127,0.0314366,0.24890585,0.9175635,1.1366246e-08,-1.2910499e-08,-0.3975892,5
415409706,415409460,0.96035457,-0.13885063,0.019751789,0.24093498,0.9175635,1.1366246e-08,-1.2910499e-08,-0.3975892,5
415909713,415909496,0.9658848,-0.11990054,0.01628262,0.22896607,0.9175635,1.1366246e-08,-1.2910499e-08,-0.3975892,5
416409736,416409532,0.9762534,-0.035758886,-0.031586893,0.2113128,0.9175635,1.1366246e-08,-1.2910499e-08,-0.3975892,5
416909768,416909568,0.9780503,0.08121283,-0.020491054,0.19079396,0.9175635,1.1366246e-08,-1.2910499e-08,-0.3975892,5
417409807,417409604,0.9770148,0.09943849,-0.026689341,0.18665947,0.9175635,1.1366246e-08,-1.2910499e-08,-0.3975892,5
417909843,417909640,0.9734151,0.062161885,-0.063276954,0.21117538,0.9175635,1.1366246e-08,-1.2910499e-08,-0.3975892,5
418409879,418409676,0.9688895,0.036822453,-0.04285363,0.24095851,0.9175635,1.1366246e-08,-1.2910499e-08,-0.3975892,5
418909948,418909713,0.9618139,0.03054173,-0.044859726,0.26827013,0.9175635,1.1366246e-08,-1.2910499e-08,-0.3975892,5
419409950,419409749,0.95627075,0.0227342,-0.025068877,0.2905186,0.9175635,1.1366246e-08,-1.2910499e-08,-0.3975892,5
419909988,419909786,0.9516738,0.011771445,-0.01974732,0.30624914,0.9175635,1.1366246e-08,-1.2910499e-08,-0.3975892,5
420410026,420409823,0.9480043,0.015296622,-0.026134236,0.3168136,0.9175635,1.1366246e-08,-1.2910499e-08,-0.3975892,5
420910062,420909859,0.94542253,0.0129691735,-0.027191408,0.3244514,0.9175635,1.1366246e-08,-1.2910499e-08,-0.3975892,5
421410100,421409896,0.9434685,-0.008447145,-0.014928617,0.3310182,0.9175635,1.1366246e-08,-1.2910499e-08,-0.3975892,5
421910158,421909934,0.94268876,-0.010705438,-0.024944661,0.33256733,0.9175635,1.1366246e-08,-1.2910499e-08,-0.3975892,5
422410175,422409971,0.9431641,-0.011537621,-0.03380811,0.330402,0.9175635,1.1366246e-08,-1.2910499e-08,-0.3975892,5
422910213,422910008,0.9450197,-0.012756863,-0.027683415,0.3255896,0.9175635,1.1366246e-08,-1.2910499e-08,-0.3975892,5
423410281,423410045,0.9478761,-0.0045371563,-0.024115294,0.31769308,0.9175635,1.1366246e-08,-1.2910499e-08,-0.3975892,5
423910284,423910083,0.95119756,-0.00160456,-0.024236972,0.3076254,0.9175635,1.1366246e-08,-1.2910499e-08,-0.3975892,5
424410369,424410120,0.95293885,-0.001525802,-0.0232059,0.30226946,0.9175635,1.1366246e-08,-1.2910499e-08,-0.3975892,5
424910359,424910158,0.9525112,0.0060606236,-0.016053025,0.30401987,0.9175635,1.1366246e-08,-1.2910499e-08,-0.3975892,5
425410400,425410196,0.95132613,0.005270052,-0.0138393175,0.30783024,0.9175635,1.1366246e-08,-1.2910499e-08,-0.3975892,5
425910435,425910234,0.95121795,-0.007776473,-0.018876497,0.30784386,0.9175635,1.1366246e-08,-1.2910499e-08,-0.3975892,5
426410473,426410272,0.95123994,0.0061417166,-0.019934736,0.3077459,0.9175635,1.1366246e-08,-1.2910499e-08,-0.3975892,5
426910510,426910310,0.951303,0.0038159697,-0.026652524,0.3070795,0.9175635,1.1366246e-08,-1.2910499e-08,-0.3975892,5
427410547,427410349,0.95184225,0.0019422156,-0.025275854,0.30553856,0.9175635,1.1366246e-08,-1.2910499e-08,-0.3975892,5
427910590,427910387,0.9524157,0.0021312304,-0.025118932,0.30375785,0.9175635,1.1366246e-08,-1.2910499e-08,-0.3975892,5
428410635,428410426,0.95344377,0.00048942806,-0.021010576,0.3008379,0.9175635,1.1366246e-08,-1.2910499e-08,-0.3975892,5
428910673,428910464,0.95400876,0.0025733782,-0.021178227,0.29901886,0.9175635,1.1366246e-08,-1.2910499e-08,-0.3975892,5
429410717,429410504,0.95392966,-0.003621732,-0.026486922,0.29883707,0.9175635,1.1366246e-08,-1.2910499e-08,-0.3975892,5
429910750,429910542,0.95483744,-0.0077959755,-0.02971972,0.29553574,0.9175635,1.1366246e-08,-1.2910499e-08,-0.3975892,5
430410788,430410581,0.95535827,0.011762485,-0.018163761,0.29465625,0.9175635,1.1366246e-08,-1.2910499e-08,-0.3975892,5
430910825,430910621,0.9575085,-0.011793667,-0.03471501,0.28606525,0.9175635,1.1366246e-08,-1.2910499e-08,-0.3975892,5
431410861,431410660,0.9609789,-0.011895708,-0.0283261,0.2749103,0.9175635,1.1366246e-08,-1.2910499e-08,-0.3975892,5
431910935,431910699,0.9625546,-0.00203134,-0.017007144,0.2705463,0.9175635,1.1366246e-08,-1.2910499e-08,-0.3975892,5
432410942,432410739,0.9628917,0.0033360359,-0.017115403,0.2693242,0.9175635,1.1366246e-08,-1.2910499e-08,-0.3975892,5
432910984,432910779,0.9627308,-0.012692137,-0.020542243,0.2693813,0.9175635,1.1366246e-08,-1.2910499e-08,-0.3975892,5
433411028,433410819,0.9646954,-0.017430995,-0.014070511,0.2624139,0.9175635,1.1366246e-08,-1.2910499e-08,-0.3975892,5
433906065,433905858,0.96744657,-0.011510058,-0.023616405,0.25170827,0.9175635,1.1366246e-08,-1.2910499e-08,-0.3975892,5
434411120,434410898,0.96894217,-0.008996753,-0.022253353,0.24612014,0.9175635,1.1366246e-08,-1.2910499e-08,-0.3975892,5
434911145,434910939,0.9690781,-0.0046556513,-0.022374993,0.24569388,0.9175635,1.1366246e-08,-1.2910499e-08,-0.3975892,5
435411249,435410979,0.96903086,-0.009814934,-0.019749435,0.24595323,0.9175635,1.1366246e-08,-1.2910499e-08,-0.3975892,5
435911226,435911020,0.96913534,-0.01478771,-0.023434555,0.2449672,0.9175635,1.1366246e-08,-1.2910499e-08,-0.3975892,5
436411386,436411061,0.96935475,0.00087197527,-0.026068432,0.24427687,0.9175635,1.1366246e-08,-1.2910499e-08,-0.3975892,5
436911312,436911101,0.96718776,-0.006085333,-0.029948818,0.2522182,0.9175635,1.1366246e-08,-1.2910499e-08,-0.3975892,5
437406355,437406141,0.9655802,0.0056238538,-0.020560164,0.25923088,0.9175635,1.1366246e-08,-1.2910499e-08,-0.3975892,5
437906387,437906182,0.9638046,0.01004458,-0.020477686,0.2656324,0.9175635,1.1366246e-08,-1.2910499e-08,-0.3975892,5
438411433,438411224,0.96493167,0.0028200094,-0.018088743,0.26186213,0.9175635,1.1366246e-08,-1.2910499e-08,-0.3975892,5
438911470,438911265,0.9646669,0.017899122,-0.010672467,0.2626473,0.9175635,1.1366246e-08,-1.2910499e-08,-0.3975892,5
439411517,439411307,0.9649844,0.0064458167,-0.016854875,0.2616859,0.9175635,1.1366246e-08,-1.2910499e-08,-0.3975892,5
439911552,439911348,0.9663378,0.0037834782,-0.01392091,0.25687206,0.9175635,1.1366246e-08,-1.2910499e-08,-0.3975892,5
440411603,440411390,0.9658421,0.008619693,-0.017085837,0.2584235,0.9175635,1.1366246e-08,-1.2910499e-08,-0.3975892,5
440906641,440906432,0.96552205,0.011182244,-0.014913515,0.25965315,0.9175635,1.1366246e-08,-1.2910499e-08,-0.3975892,5
441406680,441406474,0.96410626,0.011641965,-0.027940182,0.2637861,0.9175635,1.1366246e-08,-1.2910499e-08,-0.3975892,5
441911721,441911516,0.96301025,0.016181128,-0.020797623,0.26817343,0.9175635,1.1366246e-08,-1.2910499e-08,-0.3975892,5
442411760,442411559,0.96228707,-0.0013256175,-0.02212322,0.27113196,0.9175635,1.1366246e-08,-1.2910499e-08,-0.3975892,5
442911802,442911601,0.96161854,-0.0053592017,-0.024257503,0.2732629,0.9175635,1.1366246e-08,-1.2910499e-08,-0.3975892,5
443411859,443411644,0.9615309,0.004130061,-0.015839921,0.27420902,0.9175635,1.1366246e-08,-1.2910499e-08,-0.3975892,5
443911889,443911687,0.9614015,-0.005356427,-0.02031053,0.2743465,0.9175635,1.1366246e-08,-1.2910499e-08,-0.3975892,5
444406934,444406729,0.9623348,-0.0038839688,-0.019314623,0.27115265,0.9175635,1.1366246e-08,-1.2910499e-08,-0.3975892,5
444906977,444906772,0.9630575,-0.0049763317,-0.021011846,0.26842877,0.9175635,1.1366246e-08,-1.2910499e-08,-0.3975892,5
445407051,445406815,0.9658608,-0.010522311,-0.023107514,0.2578147,0.9175635,1.1366246e-08,-1.2910499e-08,-0.3975892,5
445912077,445911859,0.96925974,-0.011235227,-0.020151697,0.24495542,0.9175635,1.1366246e-08,-1.2910499e-08,-0.3975892,5
446412122,446411902,0.97224724,-0.008864297,-0.018416462,0.23306154,0.9175635,1.1366246e-08,-1.2910499e-08,-0.3975892,5
446912170,446911946,0.9756886,-0.00049608387,-0.025504319,0.21767208,0.9175635,1.1366246e-08,-1.2910499e-08,-0.3975892,5
447412198,447411989,0.9774951,-0.014200319,-0.025890052,0.20888169,0.9175635,1.1366246e-08,-1.2910499e-08,-0.3975892,5
447907240,447907033,0.9791293,-0.01468199,-0.018511297,0.20186037,0.9175635,1.1366246e-08,-1.2910499e-08,-0.3975892,5
448407279,448407077,0.98154104,-0.00412572,-0.013481197,0.19073182,0.9175635,1.1366246e-08,-1.2910499e-08,-0.3975892,5
448907361,448907121,0.9818642,0.0059641893,-0.016240055,0.18879482,0.9175635,1.1366246e-08,-1.2910499e-08,-0.3975892,5
449407369,449407166,0.9799515,0.01384556,-0.012723008,0.19834661,0.9175635,1.1366246e-08,-1.2910499e-08,-0.3975892,5
449912422,449912210,0.97739714,0.018036012,-0.013962771,0.21017738,0.9175635,1.1366246e-08,-1.2910499e-08,-0.3975892,5
450412458,450412255,0.9740517,0.024319787,-0.019931512,0.22413115,0.9175635,1.1366246e-08,-1.2910499e-08,-0.3975892,5
450912553,450912300,0.9719257,0.010058401,-0.015216801,0.23458023,0.9175635,1.1366246e-08,-1.2910499e-08,-0.3975892,5
451407548,451407344,0.9689537,0.010499433,-0.016613891,0.24645995,0.9175635,1.1366246e-08,-1.2910499e-08,-0.3975892,5
451907589,451907389,0.9663446,0.003249681,-0.008242284,0.2570986,0.9175635,1.1366246e-08,-1.2910499e-08,-0.3975892,5
452407642,452407434,0.9641613,0.006073011,-0.013041621,0.26492667,0.9175635,1.1366246e-08,-1.2910499e-08,-0.3975892,5
452907690,452907480,0.96287954,0.00773835,-0.017843941,0.26922995,0.9175635,1.1366246e-08,-1.2910499e-08,-0.3975892,5
453412780,453412532,0.9621189,0.00027298363,-0.018279845,0.27201635,0.9175635,1.1366246e-08,-1.2910499e-08,-0.3975892,5
453912779,453912571,0.9619311,0.0015619588,-0.02118116,0.27246585,0.9175635,1.1366246e-08,-1.2910499e-08,-0.3975892,5
454412818,454412617,0.96168816,0.019370927,-0.029178921,0.27189922,0.9175635,1.1366246e-08,-1.2910499e-08,-0.3975892,5
454907870,454907662,0.9618863,-0.0023207334,-0.029448235,0.27184975,0.9175635,1.1366246e-08,-1.2910499e-08,-0.3975892,5
455407913,455407709,0.9620964,-0.0120939445,-0.01780561,0.27185887,0.9175635,1.1366246e-08,-1.2910499e-08,-0.3975892,5
455907961,455907755,0.9632464,0.0032275098,-0.019200964,0.26791307,0.9175635,1.1366246e-08,-1.2910499e-08,-0.3975892,5
456408005,456407801,0.9655903,-0.015546991,-0.011745551,0.25933713,0.9175635,1.1366246e-08,-1.2910499e-08,-0.3975892,5
456908082,456907848,0.96705955,-0.0039471835,-0.008318318,0.2543837,0.9175635,1.1366246e-08,-1.2910499e-08,-0.3975892,5
457413096,457412895,0.96599525,-0.0016792002,-0.015946357,0.2580624,0.9175635,1.1366246e-08,-1.2910499e-08,-0.3975892,5
457913142,457912942,0.9655781,0.00035724932,-0.01855512,0.2594507,0.9175635,1.1366246e-08,-1.2910499e-08,-0.3975892,5
458408194,458407988,0.96612644,-0.0029164643,-0.016585529,0.25751925,0.9175635,1.1366246e-08,-1.2910499e-08,-0.3975892,5
458908336,458908035,0.96662676,0.0022070347,-0.021214291,0.25529945,0.9175635,1.1366246e-08,-1.2910499e-08,-0.3975892,5
459408300,459408082,0.9668219,0.0071629197,-0.021930525,0.2544077,0.9175635,1.1366246e-08,-1.2910499e-08,-0.3975892,5
459908491,459908130,0.9663525,0.0024698905,-0.027124958,0.25577527,0.9175635,1.1366246e-08,-1.2910499e-08,-0.3975892,5
460408438,460408177,0.9667039,0.0006536411,-0.024748947,0.25469726,0.9175635,1.1366246e-08,-1.2910499e-08,-0.3975892,5
460908437,460908225,0.9669514,0.004025698,-0.018613495,0.25424868,0.9175635,1.1366246e-08,-1.2910499e-08,-0.3975892,5
461413473,461413273,0.9655613,0.009903453,-0.0144640505,0.25958455,0.9175635,1.1366246e-08,-1.2910499e-08,-0.3975892,5
461908536,461908320,0.9656966,-0.004195291,-0.025929922,0.2583415,0.9175635,1.1366246e-08,-1.2910499e-08,-0.3975892,5
462408572,462408368,0.965855,-0.00013470714,-0.013726628,0.25871933,0.9175635,1.1366246e-08,-1.2910499e-08,-0.3975892,5
462908637,462908417,0.9649346,0.004903792,-0.015477344,0.2619882,0.9175635,1.1366246e-08,-1.2910499e-08,-0.3975892,5
463408675,463408465,0.96469414,-0.0043630614,-0.015985267,0.26285106,0.9175635,1.1366246e-08,-1.2910499e-08,-0.3975892,5
463908736,463908514,0.9653139,-0.015182199,-0.009331512,0.26048318,0.9175635,1.1366246e-08,-1.2910499e-08,-0.3975892,5
464408783,464408562,0.96723896,-0.01327008,-0.006138507,0.2534464,0.9175635,1.1366246e-08,-1.2910499e-08,-0.3975892,5
464913833,464913612,0.96929693,0.0004037845,-0.021785557,0.2449259,0.9175635,1.1366246e-08,-1.2910499e-08,-0.3975892,5
465408863,465408660,0.9708464,-0.0006944934,-0.035923947,0.23699433,0.9175635,1.1366246e-08,-1.2910499e-08,-0.3975892,5
465908916,465908709,0.9730261,-0.016752234,-0.02261728,0.22897197,0.9175635,1.1366246e-08,-1.2910499e-08,-0.3975892,5
466408967,466408758,0.9765667,-0.0061422163,-0.016603976,0.21448557,0.9175635,1.1366246e-08,-1.2910499e-08,-0.3975892,5
466909015,466908808,0.97967196,-0.011219625,-0.03328854,0.19750679,0.9175635,1.1366246e-08,-1.2910499e-08,-0.3975892,5
467409101,467408857,0.982374,-0.019324161,-0.016381709,0.18520132,0.9175635,1.1366246e-08,-1.2910499e-08,-0.3975892,5
467909132,467908907,0.9846081,-0.011492751,-0.011747091,0.17400283,0.9175635,1.1366246e-08,-1.2910499e-08,-0.3975892,5
468409165,468408957,0.98467964,-0.016316809,-0.028438546,0.17126308,0.9175635,1.1366246e-08,-1.2910499e-08,-0.3975892,5
468909211,468909007,0.9843607,0.004710139,-0.026270667,0.17413129,0.9175635,1.1366246e-08,-1.2910499e-08,-0.3975892,5
469409265,469409057,0.9841453,0.009054392,-0.013757626,0.17659815,0.9175635,1.1366246e-08,-1.2910499e-08,-0.3975892,5
469909316,469909107,0.9828548,0.009753588,-0.016855828,0.18335038,0.9175635,1.1366246e-08,-1.2910499e-08,-0.3975892,5
470409365,470409158,0.98159534,0.003295622,-0.023479074,0.18949538,0.9175635,1.1366246e-08,-1.2910499e-08,-0.3975892,5
470909419,470909208,0.9802908,0.0036864681,-0.016221844,0.19685882,0.9175635,1.1366246e-08,-1.2910499e-08,-0.3975892,5
471409469,471409259,0.98014754,0.0012989794,-0.020503335,0.19720225,0.9175635,1.1366246e-08,-1.2910499e-08,-0.3975892,5
471909515,471909310,0.9796612,0.0037876794,-0.014506012,0.20009795,0.9175635,1.1366246e-08,-1.2910499e-08,-0.3975892,5
472409569,472409361,0.9720134,-0.00023649177,0.053538434,0.22874321,0.9175635,1.1366246e-08,-1.2910499e-08,-0.3975892,5
472909623,472909412,0.95841193,-0.03607016,0.13556008,0.24853382,0.9175635,1.1366246e-08,-1.2910499e-08,-0.3975892,5
473409676,473409463,0.95898473,-0.017879205,0.13740656,0.24728172,0.9175635,1.1366246e-08,-1.2910499e-08,-0.3975892,5
473909722,473909515,0.9564526,-0.020407183,0.1521674,0.24824825,0.9175635,1.1366246e-08,-1.2910499e-08,-0.3975892,5
474409813,474409567,0.9563989,-0.027334657,0.1545721,0.24629553,0.9175635,1.1366246e-08,-1.2910499e-08,-0.3975892,5
474909828,474909618,0.9565121,-0.026041435,0.15434714,0.24613741,0.9175635,1.1366246e-08,-1.2910499e-08,-0.3975892,5
475409880,475409671,0.9566188,-0.025973395,0.15391411,0.24600084,0.9175635,1.1366246e-08,-1.2910499e-08,-0.3975892,5
475909929,475909723,0.9567444,-0.025793985,0.15346806,0.2458098,0.9175635,1.1366246e-08,-1.2910499e-08,-0.3975892,5
476409986,476409775,0.9568698,-0.025545513,0.15300462,0.24563646,0.9175635,1.1366246e-08,-1.2910499e-08,-0.3975892,5
476909987,476909827,0.9569676,-0.025368318,0.15265578,0.24549088,0.9175635,1.1366246e-08,-1.2910499e-08,-0.3975892,5
477410085,477409880,0.9570496,-0.025406599,0.15246086,0.24528825,0.9175635,1.1366246e-08,-1.2910499e-08,-0.3975892,5
477910152,477909933,0.9572022,-0.025062699,0.15185471,0.24510434,0.9175635,1.1366246e-08,-1.2910499e-08,-0.3975892,5
478410224,478409985,0.9573096,-0.0249317,0.15140162,0.24497809,0.9175635,1.1366246e-08,-1.2910499e-08,-0.3975892,5
478910248,478910038,0.957428,-0.024751592,0.15093051,0.24482454,0.9175635,1.1366246e-08,-1.2910499e-08,-0.3975892,5
479410295,479410092,0.9575275,-0.024786312,0.150583,0.24464568,0.9175635,1.1366246e-08,-1.2910499e-08,-0.3975892,5
479910348,479910145,0.95762604,-0.024519563,0.1503001,0.24446099,0.9175635,1.1366246e-08,-1.2910499e-08,-0.3975892,5
480410428,480410198,0.95770365,-0.024409406,0.14999747,0.244354,0.9175635,1.1366246e-08,-1.2910499e-08,-0.3975892,5
480910455,480910252,0.9578062,-0.024298482,0.1495253,0.24425219,0.9175635,1.1366246e-08,-1.2910499e-08,-0.3975892,5
481410594,481410306,0.9579155,-0.023994656,0.14914562,0.2440859,0.9175635,1.1366246e-08,-1.2910499e-08,-0.3975892,5
481910564,481910359,0.9580197,-0.02375788,0.14878784,0.24391843,0.9175635,1.1366246e-08,-1.2910499e-08,-0.3975892,5
482410769,482410414,0.9581289,-0.023534656,0.14846206,0.24370953,0.9175635,1.1366246e-08,-1.2910499e-08,-0.3975892,5
482910673,482910468,0.9582013,-0.0237005,0.14824599,0.24353993,0.9175635,1.1366246e-08,-1.2910499e-08,-0.3975892,5
483410748,483410522,0.9582902,-0.023573527,0.14786999,0.24343078,0.9175635,1.1366246e-08,-1.2910499e-08,-0.3975892,5
483910783,483910576,0.95836323,-0.023562005,0.14762595,0.24329267,0.9175635,1.1366246e-08,-1.2910499e-08,-0.3975892,5
484410842,484410631,0.9583754,-0.024294129,0.14779189,0.24307215,0.9175635,1.1366246e-08,-1.2910499e-08,-0.3975892,5
484910891,484910686,0.96517456,-0.0032214783,0.12771742,0.22828913,0.9175635,1.1366246e-08,-1.2910499e-08,-0.3975892,5
485410957,485410741,0.98581135,0.044348463,0.03962012,0.1569698,0.9175635,1.1366246e-08,-1.2910499e-08,-0.3975892,5
485911030,485910796,0.98013335,-0.012371554,0.020665979,0.19687207,0.9175635,1.1366246e-08,-1.2910499e-08,-0.3975892,5
486406055,486405851,0.94481665,-0.15866864,-0.09389888,0.27079305,0.9175635,1.1366246e-08,-1.2910499e-08,-0.3975892,5
486911149,486910907,0.8152017,-0.37515104,-0.18441835,0.40087137,0.9175635,1.1366246e-08,-1.2910499e-08,-0.3975892,5
487411168,487410962,0.69772136,-0.4280951,-0.32697412,0.4722367,0.9175635,1.1366246e-08,-1.2910499e-08,-0.3975892,5
487911223,487911018,0.64138246,-0.43711776,-0.40715125,0.48144013,0.9175635,1.1366246e-08,-1.2910499e-08,-0.3975892,5
488411276,488411074,0.5607197,-0.41908264,-0.48845118,0.52094024,0.9175635,1.1366246e-08,-1.2910499e-08,-0.3975892,5
488911354,488911130,0.5011446,-0.35783988,-0.54634565,0.5677246,0.9175635,1.1366246e-08,-1.2910499e-08,-0.3975892,5
489411389,489411186,0.50170034,-0.36196393,-0.56235164,0.54867077,0.9175635,1.1366246e-08,-1.2910499e-08,-0.3975892,5
489906480,489906242,0.5428442,-0.37195408,-0.5504075,0.5138306,0.9175635,1.1366246e-08,-1.2910499e-08,-0.3975892,5
490406500,490406298,0.5352386,-0.40856466,-0.5698745,0.47099644,0.9175635,1.1366246e-08,-1.2910499e-08,-0.3975892,5
490911563,490911355,0.53202015,-0.3942235,-0.5843753,0.46909273,0.9175635,1.1366246e-08,-1.2910499e-08,-0.3975892,5
491411656,491411412,0.5410519,-0.39732113,-0.5768409,0.46546054,0.9175635,1.1366246e-08,-1.2910499e-08,-0.3975892,5
491911680,491911469,0.52443635,-0.38435498,-0.60026085,0.46575177,0.9175635,1.1366246e-08,-1.2910499e-08,-0.3975892,5
492411732,492411526,0.53063875,-0.41486463,-0.5917259,0.44291133,0.9175635,1.1366246e-08,-1.2910499e-08,-0.3975892,5
492911804,492911583,0.5088193,-0.4111573,-0.59848166,0.4624635,0.9175635,1.1366246e-08,-1.2910499e-08,-0.3975892,5
493406843,493406640,0.50869167,-0.4060568,-0.60155493,0.46312234,0.9175635,1.1366246e-08,-1.2910499e-08,-0.3975892,5
493906900,493906697,0.49335814,-0.40669462,-0.6124665,0.4648463,0.9175635,1.1366246e-08,-1.2910499e-08,-0.3975892,5
494406955,494406755,0.44884634,-0.35637027,-0.6434954,0.50739616,0.9175635,1.1366246e-08,-1.2910499e-08,-0.3975892,5
494912050,494911813,0.41467717,-0.3132241,-0.6679244,0.53273875,0.9175635,1.1366246e-08,-1.2910499e-08,-0.3975892,5
495412075,495411871,0.3406195,-0.21595576,-0.6948819,0.5953827,0.9175635,1.1366246e-08,-1.2910499e-08,-0.3975892,5
495912132,495911929,0.32464665,-0.17520648,-0.70527613,0.60538656,0.9175635,1.1366246e-08,-1.2910499e-08,-0.3975892,5
496412194,496411987,0.33840385,-0.20729963,-0.69764775,0.5964876,0.9175635,1.1366246e-08,-1.2910499e-08,-0.3975892,5
496907258,496907045,0.35024962,-0.21800998,-0.6771396,0.60932654,0.9175635,1.1366246e-08,-1.2910499e-08,-0.3975892,5
497407312,497407103,0.34792632,-0.19224283,-0.6744019,0.6222316,0.9175635,1.1366246e-08,-1.2910499e-08,-0.3975892,5
497907366,497907162,0.4489871,-0.18287672,-0.65730673,0.57698756,0.9175635,1.1366246e-08,-1.2910499e-08,-0.3975892,5
498407449,498407220,0.62236106,-0.09567346,-0.5503352,0.5483105,0.9175635,1.1366246e-08,-1.2910499e-08,-0.3975892,5
498912491,498912280,0.72504914,0.052754425,-0.41428673,0.5476197,0.9175635,1.1366246e-08,-1.2910499e-08,-0.3975892,5
499412563,499412339,0.80781144,0.053056825,-0.20859659,0.54873776,0.9175635,1.1366246e-08,-1.2910499e-08,-0.3975892,5
499912645,499912398,0.8440573,0.0528259,-0.05358665,0.5309476,0.9175635,1.1366246e-08,-1.2910499e-08,-0.3975892,5
500407663,500407457,0.8487707,0.045692693,0.013060965,0.5266213,0.9175635,1.1366246e-08,-1.2910499e-08,-0.3975892,5
500907745,500907516,0.83791345,0.0063703205,0.0021440987,0.5457618,0.9175635,1.1366246e-08,-1.2910499e-08,-0.3975892,5
501407781,501407576,0.8397295,0.0070141535,0.0025539661,0.54295367,0.9175635,1.1366246e-08,-1.2910499e-08,-0.3975892,5
501907917,501907636,0.83934987,0.0076257917,0.002266262,0.5435335,0.9175635,1.1366246e-08,-1.2910499e-08,-0.3975892,5
502407897,502407695,0.8396554,0.007318292,0.0011612341,0.54306895,0.9175635,1.1366246e-08,-1.2910499e-08,-0.3975892,5
502913040,502912756,0.8395436,0.0076483046,0.00058272295,0.54323834,0.9175635,1.1366246e-08,-1.2910499e-08,-0.3975892,5
503413026,503412817,0.8396954,0.007805297,0.0002975504,0.54300153,0.9175635,1.1366246e-08,-1.2910499e-08,-0.3975892,5
503908092,503907876,0.8397272,0.008315621,0.00033168236,0.5429448,0.9175635,1.1366246e-08,-1.2910499e-08,-0.3975892,5
504408140,504407937,0.83943415,0.008215816,0.00014424471,0.5433994,0.9175635,1.1366246e-08,-1.2910499e-08,-0.3975892,5
504908213,504907997,0.83855647,0.010503241,0.0042603416,0.5446969,0.9175635,1.1366246e-08,-1.2910499e-08,-0.3975892,5
505408270,505408062,0.8379357,0.008667811,0.0011181479,0.545699,0.9175635,1.1366246e-08,-1.2910499e-08,-0.3975892,5
505908329,505908119,0.83792233,0.009779183,0.0040604356,0.5456869,0.9175635,1.1366246e-08,-1.2910499e-08,-0.3975892,5
506408388,506408180,0.8385502,0.008365343,0.0017390423,0.5447573,0.9175635,1.1366246e-08,-1.2910499e-08,-0.3975892,5
506913459,506913242,0.8338824,0.0042236587,0.017022394,0.55166346,0.9175635,1.1366246e-08,-1.2910499e-08,-0.3975892,5
507408509,507408303,0.8519462,0.009273314,0.0005226935,0.523547,0.9175635,1.1366246e-08,-1.2910499e-08,-0.3975892,5
507908569,507908364,0.8480391,0.00787063,0.0153975515,0.5296514,0.9175635,1.1366246e-08,-1.2910499e-08,-0.3975892,5
508408636,508408426,0.84120905,0.0117697455,0.008325554,0.5405178,0.9175635,1.1366246e-08,-1.2910499e-08,-0.3975892,5
508908697,508908488,0.8447934,0.012126889,0.0032544842,0.53494537,0.9175635,1.1366246e-08,-1.2910499e-08,-0.3975892,5
509408780,509408550,0.8453748,0.012704439,0.0027984567,0.53401536,0.9175635,1.1366246e-08,-1.2910499e-08,-0.3975892,5
509908819,509908612,0.84481674,0.0115377,0.002007247,0.53492755,0.9175635,1.1366246e-08,-1.2910499e-08,-0.3975892,5
510408884,510408674,0.84457844,0.011283853,0.0016987786,0.53531027,0.9175635,1.1366246e-08,-1.2910499e-08,-0.3975892,5
510908947,510908737,0.8447342,0.012267592,0.0025021755,0.5350397,0.9175635,1.1366246e-08,-1.2910499e-08,-0.3975892,5
