timestamp,timestamp_sample,yaw_composite,yaw_variance,yaw[0],yaw[1],yaw[2],yaw[3],yaw[4],innov_vn[0],innov_vn[1],innov_vn[2],innov_vn[3],innov_vn[4],innov_ve[0],innov_ve[1],innov_ve[2],innov_ve[3],innov_ve[4],weight[0],weight[1],weight[2],weight[3],weight[4]
219279078,219178399,3.0079389,3.7977512,-2.5132742,-1.2566371,0.0,1.2566371,2.5132742,0.0,0.0,0.0,0.0,0.0,0.0,0.0,0.0,0.0,0.0,0.2,0.2,0.2,0.2,0.2
219328921,219228403,-2.806809,3.6393547,-2.513054,-1.2564169,0.00022016621,1.2568573,2.5134945,0.0,0.0,0.0,0.0,0.0,0.0,0.0,0.0,0.0,0.0,0.2,0.2,0.2,0.2,0.2
220328971,220228486,1.6220331,3.6842737,-2.511534,-1.2547445,0.0019944455,1.258543,2.5150228,0.056897923,0.056977987,0.0302546,0.013661573,0.030128483,-0.020647883,0.0074750315,0.016240872,-0.0064661466,-0.02926252,0.19996162,0.19993241,0.19999662,0.20006548,0.20004393
221329048,221228569,-0.3040479,3.6456041,-2.505012,-1.2483727,0.007535602,1.2637205,2.5208066,0.012850011,0.009364398,-0.022881836,-0.039348632,-0.017271519,-0.05657149,-0.023782648,-0.016961109,-0.04551582,-0.070013374,0.1998048,0.20019393,0.20031516,0.20000063,0.1996855
222329204,222228653,0.9438795,3.674585,-2.4685957,-1.211041,0.04555258,1.3012457,2.557342,0.08226235,0.095431894,0.056289203,0.01893964,0.03496547,-0.04886289,-0.0034121214,0.023140242,-0.005859173,-0.050360553,0.1995919,0.19976595,0.20026362,0.20039698,0.19998156
223329216,223228737,0.8327198,3.7988012,-2.4133945,-1.1529528,0.10276328,1.3550346,2.609885,0.0051283035,-0.107563354,-0.081911445,0.04636471,0.1003006,0.24579123,0.18222168,0.055563413,0.040699027,0.15813744,0.19811389,0.1992265,0.20141222,0.20164561,0.19960178
224329319,224228822,1.408051,3.3633754,-2.4528122,-1.1647545,0.103643335,1.3362509,2.56647,0.34554017,0.26724732,0.03969305,-0.019182548,0.1643668,-0.02578558,0.1906105,0.17891902,-0.036330074,-0.16239107,0.1895293,0.18837366,0.20314136,0.21385308,0.20510256
225329387,225228907,1.3205957,3.1519206,-2.464535,-1.1431826,0.1314471,1.3358973,2.5421708,0.19403134,0.32220978,0.1642249,-0.04247585,-0.031921893,-0.32029516,-0.11528322,0.059237935,-0.029897213,-0.25486344,0.17680053,0.1772992,0.20876963,0.22924356,0.207887
226329522,226228992,1.1359441,2.9295917,-2.4854703,-1.1248459,0.14330027,1.3068963,2.4929988,0.21911924,0.31326577,0.15507403,-0.012720823,0.01200372,-0.38379782,-0.18626386,-0.052130282,-0.14778301,-0.34207255,0.15794626,0.16716248,0.22199623,0.24861167,0.20428342
227329547,227229078,1.1424478,2.8966358,-2.4861298,-1.1201806,0.14935637,1.3079133,2.490892,-0.050765775,-0.09601913,-0.0031272098,0.08584044,0.06604624,0.09570844,-0.018259905,-0.0862724,-0.027847022,0.07862408,0.15597944,0.1653338,0.22281991,0.25121996,0.20464693
228329633,228229165,1.3446516,2.7958953,-2.446424,-1.0638498,0.22287422,1.3781459,2.5424213,-0.18158942,-0.27829215,-0.1884338,-0.0612183,-0.04766728,-0.025726631,-0.14799523,-0.26330099,-0.22288604,-0.08880219,0.15452033,0.15660894,0.21734308,0.25837463,0.21315296
229329822,229229252,1.4994731,2.702417,-2.390782,-0.9906999,0.3094634,1.4582416,2.6046398,-0.068222426,-0.22529389,-0.22861196,-0.10225943,-0.0060775727,0.15345848,0.121324934,-0.029077396,-0.07808955,0.01704032,0.1513576,0.14839801,0.21391582,0.26638624,0.21994233
230329947,230229340,1.6129202,2.5771122,-2.394232,-0.9700705,0.35035405,1.4901475,2.611157,0.029399082,-0.15572098,-0.25609398,-0.15535516,0.0033033937,0.34550273,0.4161046,0.2596345,0.1293621,0.16522044,0.14686963,0.13678715,0.20847215,0.2778503,0.23002076
231330065,231229427,1.6072708,2.423092,-2.395454,-0.94389504,0.38247767,1.5027403,2.6047492,0.53147125,0.42319673,0.10365476,0.044671327,0.26239675,-0.050353505,0.27671623,0.23503107,-0.039457016,-0.20917773,0.13750497,0.12776299,0.21066539,0.29146388,0.23260272
232330048,232229515,1.6315252,2.193527,-2.418266,-0.9241467,0.42030597,1.5142665,2.5825748,0.26049733,0.25571644,0.029565722,-0.05973445,0.045186184,-0.051444232,0.19714403,0.22818378,0.059371375,-0.09596336,0.12466427,0.111813396,0.20918728,0.3135176,0.24081738
233330168,233229604,1.639603,2.113572,-2.480156,-0.9723747,0.38959616,1.4791892,2.531428,0.03005813,0.22946775,0.09063925,-0.106058985,-0.15475401,-0.19335555,-0.013854869,0.1906518,0.14008403,-0.0512307,0.12270188,0.10417984,0.20258434,0.3208041,0.24972984
234330211,234229693,1.5603127,1.9497432,-2.5314002,-0.9893517,0.37270948,1.437256,2.4710522,-0.18943244,0.15954867,0.16944537,-0.069321334,-0.26600572,-0.38039315,-0.34867796,-0.03022249,0.066550195,-0.08921957,0.11086395,0.09553788,0.2069576,0.33784524,0.24879539
235330296,235229783,1.4737179,1.7988818,-2.5507967,-0.9737822,0.37656385,1.4124763,2.4327474,-0.16879286,0.054580826,0.11731243,-0.0052907187,-0.15452333,-0.19714007,-0.24465755,-0.05297029,0.04925231,-0.0028780997,0.09729478,0.089257546,0.21733904,0.35535526,0.24075338
236330383,236229873,1.4735261,1.7350128,-2.556656,-0.96316326,0.3889746,1.4148977,2.4262328,-0.17852445,-0.24859983,-0.101933084,-0.0029527321,-0.023667045,0.17760047,0.0020325128,-0.074225165,0.010398099,0.13718206,0.092993245,0.08512272,0.21766743,0.36288974,0.24132685
237330524,237229964,1.5362644,1.6937776,-2.5142698,-0.90998626,0.4471166,1.468414,2.4721923,0.12748934,-0.06505081,-0.11993692,-0.016902003,0.10921467,0.16200277,0.20710744,0.043304652,-0.044016913,-0.0034511387,0.091094084,0.08183261,0.21551797,0.36752307,0.2440323
238330572,238230055,1.558908,1.6439927,-2.4939473,-0.8767949,0.4809761,1.4947652,2.4911153,0.17218709,0.07259975,-0.03810125,-0.014399007,0.08237729,0.0007284619,0.120020695,0.042600654,-0.059288435,-0.09338104,0.08771779,0.07881194,0.21595496,0.37342054,0.24409474
239330772,239230146,1.5788789,1.6300521,-2.4740052,-0.85353553,0.50429267,1.5160426,2.510535,0.15026507,0.09211705,-0.04146012,-0.05194337,0.031216353,0.027875252,0.17751247,0.13812938,0.031053621,-0.03439527,0.08679847,0.07803796,0.21614632,0.37500232,0.2440149
240330704,240230238,1.6137319,1.6007597,-2.4423535,-0.81425774,0.54456407,1.5519072,2.541794,0.09495714,0.15462956,0.054859,-0.016413912,-0.010100879,-0.112380154,0.007930839,0.06756597,0.013860166,-0.07381963,0.08483728,0.07613863,0.21613766,0.37861744,0.24426895
241330798,241230332,1.6261126,1.5715848,-2.4186978,-0.7826123,0.57329565,1.5746111,2.5613565,-0.0922698,0.0488336,0.036557082,-0.053813364,-0.124924704,-0.17045645,-0.14559709,-0.022853404,0.0042688623,-0.055960245,0.082171306,0.07487184,0.21831761,0.38242048,0.24221876
242330892,242230422,1.6175134,1.5517981,-2.4049294,-0.7628943,0.5868536,1.5824152,2.5684578,-0.049343042,-0.0706066,-0.06581384,-0.051240593,-0.041689705,-0.008710325,-0.01602716,-0.034559526,-0.036695667,-0.02579521,0.07962298,0.0746296,0.22211595,0.38519543,0.23843603
243331014,243230515,1.6292899,1.5226471,-2.4158063,-0.7658518,0.58970654,1.582747,2.5624006,0.2103655,-0.0032838099,-0.099987894,-0.0042708665,0.14639479,0.21777512,0.3158207,0.13948289,0.019723885,0.033745445,0.078637436,0.071954794,0.21914591,0.3886623,0.24159956
244331074,244230609,1.6073104,1.3917038,-2.444823,-0.7561766,0.60009706,1.5703931,2.5288155,0.2994749,0.16453809,-0.0007326901,0.022671074,0.15303594,0.08417085,0.27394956,0.16882586,0.024691626,-0.03725493,0.06926723,0.06379129,0.22042288,0.40622792,0.24029069
245331181,245230702,1.6291814,1.3213309,-2.4434533,-0.73329675,0.6281067,1.5870814,2.5324893,0.16833544,0.35461104,0.17264825,0.009331703,-0.023118302,-0.30594823,-0.08095729,0.08205249,0.006926447,-0.16767618,0.06509711,0.05880563,0.2181081,0.41574684,0.24224234
246331325,246230795,1.6363757,1.2163565,-2.442655,-0.69684976,0.663755,1.602402,2.5298615,-0.16589418,0.15533629,0.13747422,-0.042563327,-0.20053223,-0.34196603,-0.31367844,-0.048498303,0.017514005,-0.087326825,0.057603445,0.052470062,0.21894154,0.4309167,0.24006832
247331422,247230889,1.6172026,1.1020865,-2.4671135,-0.6772449,0.6800701,1.5939581,2.5005646,-0.46672162,-0.28504252,-0.09789257,-0.13649826,-0.28860956,-0.14057228,-0.37160668,-0.22509645,-0.061605826,0.0067012906,0.0491823,0.04564012,0.22037984,0.44875464,0.23604313
248331479,248230983,1.6158097,0.97269106,-2.4994855,-0.6515542,0.7075149,1.5929031,2.4705622,-0.24576311,-0.46644208,-0.24849205,-0.07926737,-0.038953885,0.42227393,0.15249436,-0.016498774,0.06836961,0.25192216,0.04060373,0.037169762,0.21725711,0.4703438,0.23462564
249331665,249231077,1.6502128,0.81922424,-2.5237286,-0.59446186,0.77160203,1.6199751,2.4567778,0.30181414,-0.21908027,-0.26086855,-0.033554986,0.22098568,0.45576182,0.5448934,0.13885428,-0.0044803917,0.07123086,0.031257454,0.027038962,0.20843935,0.49803087,0.23523338
250331641,250231171,1.6790289,0.6648127,-2.5300765,-0.49854022,0.85889494,1.6584345,2.450688,0.61295325,0.27702156,-0.037698597,0.02817282,0.25920072,0.19489649,0.6580969,0.37198457,0.11346778,-0.017553002,0.021024385,0.018424539,0.20470975,0.5302243,0.22561705
251331779,251231265,1.7303665,0.5718353,-2.529363,-0.4213504,0.9381889,1.7048045,2.4632735,0.3460471,0.49758202,0.061849415,-0.08597714,-0.042789757,-0.44770277,0.13415396,0.17691007,-0.038569067,-0.29454815,0.015897106,0.013118628,0.19534077,0.55169135,0.22395213
252331887,252231360,1.74945,0.28350687,-2.6376877,-0.10026611,1.1752117,1.763054,2.358645,1.5565407,0.19210905,-0.17370951,0.15097797,0.67968285,0.5322781,1.5514886,0.52458525,0.073444664,-0.1163609,0.0015571826,0.0018491463,0.1849633,0.65099365,0.16063668
253331931,253231454,1.803106,0.22561295,-2.7171974,-0.0031380206,1.2765423,1.7959455,2.3226523,-0.048785806,1.0546722,0.28783396,-0.052365363,-0.28805912,-0.9034966,-0.01617327,0.39344886,0.25017378,-0.08089147,0.00065091666,0.00052866567,0.15310195,0.6811695,0.16454896
254331911,254231549,1.5309526,0.0698694,2.7656393,0.39521524,1.2910287,1.5462391,1.8014455,-3.797192,1.2222067,0.47383463,-0.19730067,-1.0462822,-0.33529747,-2.9423277,-0.32578647,0.22575188,0.54952145,0.00015542192,0.00015542192,0.13648134,0.78686994,0.07633791
255331974,255231645,1.3841422,0.0317494,2.1918662,0.6342212,1.2723565,1.3913995,1.4994277,-2.2858853,-0.3306408,-0.50290966,-0.56419826,-0.6551943,1.6688029,-2.2216105,-0.5558745,-0.2662922,0.13624275,0.00015273718,0.00015273718,0.112427786,0.83070076,0.056565978
256334599,256231740,1.2678621,0.025941303,1.9533527,0.5978234,1.1847618,1.2716769,1.3388463,-0.4350145,-1.0837872,-0.85289705,-0.7634909,-0.66643345,0.66766435,-0.40912,-0.29968658,-0.30815282,-0.17722633,0.0001658551,0.00015667456,0.09582696,0.8368217,0.06702884
257332167,257231836,1.1576743,0.019402537,1.700468,0.5599528,1.0913194,1.1601652,1.2107093,1.0419118,-0.71015865,-0.2587479,-0.12887715,0.0027817562,-0.27531314,0.7961465,-0.14105487,-0.28294396,-0.2847712,0.00013954542,0.00013954542,0.09095716,0.83406204,0.07470174
258332293,258231932,1.0854915,0.017030526,1.5716898,0.5254447,1.0243803,1.0875638,1.1357626,-0.27162367,0.42742944,-0.026853383,-0.057507336,-0.05819118,0.6411909,0.6560414,0.6047237,0.54961944,0.57994735,0.00014271776,0.00014271776,0.088058434,0.83904994,0.072606236
259332425,259232028,1.0985519,0.016008511,1.5672325,0.5676772,1.0441712,1.1010897,1.1460173,-1.4364011,0.36424088,-0.5108162,-0.6098627,-0.6743984,0.3246886,-0.15208209,0.20721477,0.19726986,0.2400865,0.00014859659,0.00016090827,0.09524645,0.83995897,0.064485155
260332529,260232125,1.1123909,0.015484372,1.5750458,0.60767794,1.064306,1.1151196,1.1573148,-0.93948036,0.09956694,-0.41777015,-0.46825862,-0.49784613,0.19915468,-0.100161016,0.09562433,0.086197495,0.118707895,0.0001429318,0.00021382814,0.10297707,0.83638674,0.060279418
261332551,261232222,1.1579374,0.015171191,1.612657,0.65898037,1.112798,1.1608144,1.1997659,-0.16342568,-0.25802624,-0.38727897,-0.3776182,-0.3576568,-0.7842782,0.23649752,-0.31533825,-0.3872564,-0.41351056,0.00014582026,0.00026998756,0.10680822,0.83329177,0.05948422
262332724,262232319,1.2350547,0.014391634,1.6746576,0.760164,1.19368,1.2377884,1.2755687,0.34054592,0.10614063,0.101327136,0.11660536,0.13819769,-0.33047587,0.36090013,-0.038458735,-0.085688084,-0.10024193,0.00013628509,0.00026283335,0.11038428,0.8310422,0.058174506
263332786,263232416,1.2866786,0.014182066,1.7113407,0.81436837,1.2464857,1.2894872,1.3247641,0.2492914,0.2759929,0.19313593,0.19442756,0.20156664,-0.21622214,0.18154752,-0.036650725,-0.06541938,-0.0717478,0.00013730559,0.0002417288,0.111347206,0.83063704,0.05763678
264332854,264232517,1.3294264,0.01385032,1.7431693,0.8626218,1.2892765,1.3320946,1.3671508,-0.6522542,1.0597267,0.2459535,0.16211483,0.093137056,0.4172963,0.27041352,0.51311815,0.5131564,0.5230112,0.00014750849,0.00015976442,0.10948195,0.83223546,0.057975415
265332943,265232612,1.3267252,0.008777298,1.5894547,0.98591906,1.3006185,1.3287721,1.3501616,-1.8178129,1.627361,-0.021718979,-0.18709815,-0.3238033,0.39222956,-0.71671534,0.108309746,0.1517067,0.19152975,0.00014555117,0.00014555117,0.11333694,0.83235985,0.05401206
266333046,266232710,1.1923226,0.004843699,1.3251712,0.99358237,1.1794292,1.193606,1.2032642,-1.5769839,0.9366908,-0.369452,-0.47705936,-0.56265545,0.3301344,-1.008091,-0.26664543,-0.21709251,-0.17428684,0.00015143614,0.00015143614,0.12304837,0.82785356,0.04879511
267333148,267232809,1.1131837,0.0030783257,1.1759948,1.0006748,1.1070256,1.1139047,1.1177287,-1.4954457,-0.099360466,-0.90012026,-0.9523258,-0.9924817,-0.6367521,-1.6016235,-1.1657686,-1.132556,-1.1049204,0.00023248588,0.00023248588,0.12892634,0.8241325,0.046476267
268333289,268232907,1.1304533,0.0024155602,1.155407,1.0653868,1.1278784,1.130843,1.1314808,-1.8477354,-1.1487174,-1.6063671,-1.627325,-1.642487,-1.8902931,-2.3974876,-2.2361345,-2.220831,-2.2075338,0.0008105989,0.0008105989,0.13022241,0.82191545,0.046240997
269333353,269233007,1.1327946,0.002251895,1.1398716,1.0995499,1.1322916,1.1330247,1.1331409,-2.064211,-1.8489451,-2.0304108,-2.032569,-2.0329185,-3.1817064,-3.396227,-3.404601,-3.399109,-3.3914728,0.0053753564,0.0053753564,0.12614432,0.8154302,0.04767474
270333400,270233106,1.5835011,0.0020447713,1.5795857,1.5750504,1.5859689,1.5841893,1.5828711,-3.1201606,-3.0602603,-3.1574454,-3.1501908,-3.142951,-3.7254944,-3.8491402,-4.0311537,-4.01243,-3.9767752,0.06693608,0.0537287,0.100561894,0.7272445,0.05152882
271333531,271233206,1.4510802,0.0015682942,1.4509612,1.4508419,1.4533185,1.4510771,1.4500185,-1.4106694,-1.4371105,-1.4637297,-1.4542054,-1.4441935,-2.3272152,-2.593275,-2.6289024,-2.5979977,-2.5587416,0.3856718,0.05560014,0.049073935,0.46326897,0.04638511
272333650,272233305,1.2077794,0.0015149388,1.2079371,1.2085063,1.2096157,1.2072198,1.2059851,-1.448907,-1.4821628,-1.4951081,-1.4886098,-1.480465,-2.963253,-3.1844664,-3.166933,-3.1482124,-3.1264515,0.7225997,0.022083232,0.018723087,0.21067025,0.025923666
273333724,273233405,1.1206712,0.0015907722,1.1204866,1.1260116,1.1250042,1.122226,1.1205561,-1.9782257,-2.001319,-2.01151,-2.0098433,-2.0050144,-3.5733337,-3.7447977,-3.7162943,-3.7057362,-3.6939602,0.9088888,0.00644002,0.00644002,0.068484314,0.009746862
274333885,274233504,1.0840597,0.001673581,1.0835599,1.0950174,1.0953774,1.0920852,1.0887604,-2.3514843,-2.3550296,-2.3687537,-2.3706627,-2.3687437,-3.6451569,-3.7730198,-3.7510738,-3.7434034,-3.734826,0.9448158,0.010123212,0.010123212,0.024814537,0.010123212
275334008,275233604,1.1078994,0.0017444417,1.1074246,1.1226275,1.1213694,1.1178378,1.1142558,-2.411503,-2.39735,-2.4151657,-2.419577,-2.4198675,-3.590292,-3.6935415,-3.677597,-3.6698751,-3.6611538,0.95890135,0.009886993,0.009886993,0.011437852,0.009886993
276324043,276223702,0.660048,0.0017480393,0.65751886,0.6764884,0.6720861,0.66858864,0.66537464,-1.6228123,-1.5341415,-1.5828428,-1.6006947,-1.6089602,-4.945611,-4.9344463,-4.929991,-4.941904,-4.9549503,0.8071587,0.048210315,0.048210315,0.048210315,0.048210315
277334168,277233802,-0.047504246,0.07308689,-2.6919122,-0.6575478,-0.11165857,0.14279592,1.0955727,-4.378849,-5.8655357,-0.7354088,2.624628,4.614443,10.51281,1.6334438,-0.25309086,0.9766817,7.4212604,0.00041283702,0.00060556753,0.74513054,0.25343814,0.00041283702
278334246,278233901,-0.923024,0.0053371936,3.0340314,-1.0038071,-0.92403835,-0.9128531,-0.85662335,-3.5268345,-2.189065,-0.054338455,0.44619942,4.945421,32.15215,-1.5340061,-1.0730944,-1.3857698,-2.6858597,0.00023432814,0.00023432814,0.8931167,0.106180325,0.00023432814
279334391,279233999,-1.6674345,0.0023227476,2.419762,-1.7046884,-1.6667523,-1.6729465,-1.774418,11.986908,-1.1921015,-0.1779001,-0.10178617,0.5794235,49.91445,-1.2603455,-1.248003,-1.3571987,-1.4392548,0.00022575576,0.00022575576,0.9240757,0.07524707,0.00022575576
280334582,280234098,-1.8571165,0.0018748336,2.3059783,-1.8846989,-1.8561717,-1.8656898,-1.9694722,21.759968,-0.47808743,0.060139656,0.078107834,0.53022194,51.85543,-1.4096069,-1.4869652,-1.4933567,-0.9479008,0.00024275864,0.00024275864,0.92837316,0.0706252,0.0005160865
281334504,281234195,-1.4858449,0.0016524025,2.730232,-1.5093365,-1.4848443,-1.4957159,-1.6023027,10.854527,0.40112567,0.7932358,0.7744732,0.8389747,48.158997,-1.0288143,-0.93047905,-0.986784,-1.152401,0.00020704865,0.00032908563,0.9315224,0.06726867,0.00067284406
282334606,282234293,-1.1773546,0.0014694579,3.083385,-1.1989019,-1.1765516,-1.1868832,-1.2906181,0.49651146,-0.33820844,-0.07895231,-0.08703256,-0.023180246,39.22972,-0.6657467,-0.45920372,-0.5616474,-1.2939396,0.00015737876,0.00026280805,0.93826395,0.06110347,0.00021233254
283324721,283224389,-0.8864867,0.0015859241,-2.866165,-0.905878,-0.8857825,-0.89464533,-0.9857924,-4.978973,-1.0483189,-0.9030247,-0.88754845,-0.64473724,29.300179,-0.49998856,-0.26851082,-0.377388,-1.28162,0.00018324531,0.0001876911,0.9414626,0.05798326,0.00018324531
284335013,284234487,-0.679157,0.0017626253,-2.6264696,-0.69689167,-0.6785223,-0.68580216,-0.763049,-6.177648,-1.3190794,-1.2394791,-1.2153311,-0.901844,22.168776,-0.7682018,-0.5722828,-0.65752983,-1.3975716,0.00022593084,0.00022593084,0.9441945,0.055127725,0.00022593084
285334929,285234585,-0.5695629,0.0019496427,-2.50021,-0.58629775,-0.56897414,-0.575055,-0.6423802,-5.6317067,-1.35324,-1.2999544,-1.2798824,-1.0173464,18.336365,-1.1258297,-0.9832945,-1.0407085,-1.5422268,0.0002652906,0.0002652906,0.94719994,0.05200423,0.0002652906
286334989,286234679,-0.54059404,0.0020415825,-2.4590142,-0.55699486,-0.54006004,-0.54535097,-0.6069213,-4.885727,-0.99627876,-0.9517698,-0.93844414,-0.75803566,15.919453,-1.474287,-1.3726625,-1.4109383,-1.7462997,0.00027231502,0.00027231502,0.95099795,0.04818511,0.00027231502
287325069,287224773,-0.5316839,0.0021533954,-2.438134,-0.5480438,-0.5311817,-0.5359646,-0.59453934,-4.446171,-0.66444397,-0.6196356,-0.61292267,-0.5165262,14.339871,-1.6756077,-1.6042614,-1.6298351,-1.8529396,0.0002817409,0.0002817409,0.9545202,0.044634562,0.0002817409
288335166,288234869,-0.5220827,0.002098958,-2.4129,-0.5384997,-0.52164364,-0.5261126,-0.5831555,-4.107189,-0.3138132,-0.27371025,-0.27021122,-0.21917057,12.316463,-1.531826,-1.4766865,-1.49547,-1.6633778,0.00024442864,0.0002451726,0.957253,0.04201306,0.00024442864
289335290,289234963,-0.4841579,0.0020906022,-2.3530774,-0.50071096,-0.48375636,-0.48806491,-0.54451644,-3.6767597,0.008146286,0.043395996,0.04484749,0.0660162,10.2194195,-1.3636007,-1.31956,-1.3339319,-1.4663763,0.00022056629,0.00022278592,0.95908296,0.04025311,0.00022056629
290325394,290225055,-0.44146273,0.0020938506,-2.2915912,-0.4580401,-0.4410924,-0.44528675,-0.50130665,-2.925312,0.18835258,0.2152729,0.21633911,0.2306261,7.9142632,-1.1117544,-1.0766535,-1.0877333,-1.1929855,0.00019833162,0.00021341447,0.96027535,0.039114673,0.00019833162
291325438,291225149,-0.3183053,0.0020696977,-2.1639965,-0.3349227,-0.31797493,-0.3220928,-0.37772918,-1.8425398,-0.1168766,-0.115927696,-0.11038017,-0.036831856,4.3914356,-0.53652954,-0.50353813,-0.51333046,-0.6152754,0.00016406148,0.00020341547,0.9609509,0.038507335,0.00017431093
292335538,292235242,-0.18796994,0.0021355841,-2.0381694,-0.20449612,-0.18765117,-0.19169758,-0.2465923,-0.7679367,-0.08391571,-0.10107803,-0.092659,0.019906044,1.7320509,-0.23639488,-0.20603943,-0.2146473,-0.31042004,0.00015665054,0.00019965527,0.961135,0.038345695,0.00016293945
293335629,293235335,-0.18663962,0.002213289,-2.0376978,-0.20294961,-0.18632428,-0.19029805,-0.24417153,-0.6032896,-0.006641388,-0.02739048,-0.019230843,0.089502335,0.5474758,0.1499567,0.1798706,0.17174816,0.07644653,0.00015622478,0.00020006801,0.9611041,0.03837853,0.00016113906
294325720,294225425,-0.14715269,0.002307238,-1.9968604,-0.16329634,-0.14683503,-0.15076077,-0.20393685,-0.3765812,0.15030861,0.13123894,0.13817692,0.23037815,0.07437706,0.31055832,0.3367443,0.32977104,0.24609089,0.00016044661,0.00020128214,0.9610571,0.038419664,0.00016152144
295325810,295225516,-0.12854053,0.0024464857,-1.9775233,-0.14455664,-0.12820902,-0.13209899,-0.18479185,0.038819313,0.48432732,0.47027016,0.4754057,0.5434685,0.039733887,0.2517929,0.27189827,0.26656437,0.20244503,0.0001760906,0.00020175375,0.96104026,0.03841577,0.00016618433
296335972,296235608,-0.07122583,0.0028011773,-1.9212214,-0.08711736,-0.070820555,-0.07469044,-0.12715425,0.30757713,0.56044006,0.54396534,0.5492296,0.61897755,-0.2947073,0.5526018,0.5712147,0.56639004,0.50656796,0.00025311866,0.00020193728,0.9609844,0.0383823,0.00017825954
297326039,297225697,-0.05453303,0.0033472935,-1.9050815,-0.07024404,-0.053998794,-0.057854977,-0.110117204,0.4253378,0.5335722,0.5168495,0.52183723,0.5879507,-0.40273094,0.7271986,0.74349403,0.73932934,0.68667793,0.00038722475,0.00020291467,0.9608281,0.038394455,0.00018727034
298326082,298225786,-0.017020725,0.004051426,-1.8681387,-0.032521904,-0.016312638,-0.02016262,-0.07229843,0.7195034,0.39810848,0.37797642,0.38351917,0.45737648,-0.54026985,0.9647455,0.97770596,0.9744139,0.93202686,0.0005673464,0.00020425627,0.9605953,0.038432766,0.00020026803
299326172,299225875,-0.005688447,0.0038143797,-1.8573265,-0.021239052,-0.0050708777,-0.008911105,-0.06089,1.078906,0.42394638,0.40242863,0.40811253,0.4840641,-0.62188053,1.0128384,1.0222702,1.0198774,0.98855686,0.00047341624,0.0002050913,0.96065104,0.038466655,0.00020382706
300336257,300235964,0.057849232,0.0035013265,-1.7953106,0.042203337,0.058353454,0.05452237,0.0026305434,1.0855341,0.41275215,0.39276218,0.39793968,0.46711254,-0.56387806,1.0185966,1.0263424,1.024394,0.9984913,0.00035625178,0.0002049963,0.9607757,0.03846125,0.00020175983
301326340,301226052,0.0969887,0.0031196082,-1.7557311,0.08127758,0.0973662,0.09355061,0.041877784,1.5351067,0.036309242,0.005747795,0.01331234,0.11505604,-1.0517664,1.3644438,1.3696985,1.3683949,1.3496428,0.00022339988,0.00022339988,0.960845,0.038484804,0.00022339988
302326431,302226139,0.3941229,0.44042522,-1.0143287,0.64112186,0.6554492,0.6514881,0.60335726,6.2983227,-5.725601,-5.871688,-5.8340254,-5.349922,-6.5124507,2.846201,2.8162704,2.8241553,2.9123728,0.19668846,0.19668846,0.21324617,0.19668846,0.19668846
303326519,303226226,0.52948767,0.18493533,-1.8503008,-0.12416952,0.44754693,0.8473066,2.0003579,3.2118359,2.5946732,0.47196007,-1.0418873,-1.483572,-4.4139624,-0.4745555,-0.1906023,-0.9052048,-4.1772776,0.00026507935,0.04590335,0.6853377,0.26807243,0.00042146002
304326641,304226313,0.7792063,0.026496401,-0.90135807,0.6961573,0.7684912,0.8222925,1.3749875,6.9102945,0.97746754,0.23661232,-0.2428093,-3.047575,-3.3117828,0.5765152,-0.15466976,-0.13552475,-2.6162148,0.00017687389,0.0053633926,0.7865208,0.20776202,0.00017687389
305326741,305226398,0.8786871,0.013399543,-0.48084402,0.8968338,0.877199,0.88340044,1.157295,6.479007,0.827631,0.68131256,0.53005886,-1.5134764,-1.4255037,-0.037472725,-0.51250935,-0.4408188,-1.3606205,0.00017698664,0.003887235,0.7481334,0.24762538,0.00017698664
306326849,306226484,1.2681423,0.008088299,0.26678452,1.3142517,1.2687304,1.2662263,1.4023107,7.9590282,-0.38372326,-0.3013525,-0.3558054,-1.983666,2.6057682,0.19232082,0.07623291,0.15219402,-0.86919975,0.00016108247,0.0042428398,0.7291178,0.26631716,0.00016108247
307336896,307236569,1.9931854,0.0020532557,1.7969594,2.0123892,1.9927326,1.9942648,2.019595,4.2723436,0.44476748,0.47706985,0.408381,-0.7652297,6.4291134,-1.1077805,-0.93800926,-0.89686775,-1.3632774,0.00019834434,0.0031257567,0.719372,0.2771056,0.00019834434
308326965,308226653,2.5793307,0.00093722413,2.6565824,2.5885115,2.5784242,2.581165,2.5965981,1.8544216,1.4536867,1.3942442,1.3510017,0.53835964,2.255991,-0.6743088,-0.59211063,-0.5865345,-0.76648045,0.00024655004,0.0022505068,0.6851541,0.3118049,0.00054397935
309327037,309226737,3.107155,0.0006891797,-3.0595818,3.1126878,3.1059988,3.109283,3.1286607,2.5770864,1.4424591,1.3732815,1.3628998,0.8724804,1.368541,0.05340314,0.071511984,0.067543745,-0.09836173,0.00022517586,0.0017426858,0.66981536,0.3261318,0.0020849702
310327206,310226820,-3.1107008,0.00066044385,-3.001247,-3.106631,-3.1119633,-3.1086276,-3.0868478,2.0511923,1.0518341,1.0081654,1.0059128,0.69389725,1.964249,0.9200796,0.91338253,0.91279936,0.79263014,0.0002198563,0.0014948776,0.6650371,0.32779962,0.005448595
311327201,311226903,2.9346955,0.0007292339,3.0448508,2.938166,2.9332848,2.9365847,2.9588377,1.5903578,1.123846,1.1054544,1.0962124,0.82459164,1.8547261,1.0247779,1.0124454,1.0144434,0.939626,0.00023628787,0.0013553519,0.6584261,0.3284836,0.011498697
312327317,312226985,2.79227,0.00082969264,2.9073846,2.7953591,2.790648,2.793877,2.815421,1.0625906,0.9683275,0.9641056,0.95050716,0.70688725,1.739284,1.0557313,1.0413575,1.0456481,1.010087,0.00022454398,0.001263905,0.6478731,0.32939586,0.0212425
313327397,313227068,2.6466246,0.00092633604,2.7609158,2.6490374,2.6449182,2.6478844,2.6669552,0.8945799,0.9818878,0.98373604,0.9700012,0.7672777,1.5943174,1.0126376,0.99794245,1.0035734,0.99398375,0.000222282,0.0012036593,0.63773173,0.3290984,0.03174397
314327465,314227149,2.635638,0.0010200613,2.7507749,2.6379046,2.6338167,2.6367197,2.6550508,0.44500637,0.60717773,0.61153984,0.5992317,0.43666744,1.5487666,1.0759182,1.0629058,1.0683413,1.0695801,0.00020140503,0.0011596534,0.631336,0.32765454,0.039648417
315327528,315227230,2.7018497,0.0011130602,2.8167884,2.7039948,2.6999831,2.7028208,2.7204807,0.25271034,0.40220165,0.40628052,0.39661407,0.27371788,1.4268618,1.0726242,1.0626755,1.0668273,1.0686569,0.00019133923,0.001128281,0.6280038,0.32606298,0.04461363
316327621,316227311,2.7027037,0.0012092884,2.8176987,2.704822,2.7008214,2.703637,2.7210288,0.03903675,0.13084698,0.13320255,0.12656975,0.03944683,1.2222414,0.9816451,0.97515583,0.9776306,0.9753318,0.00017669974,0.0011097897,0.6271623,0.32490492,0.046646226
317327823,317227392,2.7846029,0.0013061506,2.8991618,2.786694,2.782751,2.7855363,2.8026361,0.009504318,0.0834465,0.08536339,0.080368996,0.015776634,0.8794279,0.69435644,0.6892247,0.6912651,0.6909814,0.00017616949,0.0010984031,0.6282201,0.32401448,0.04649091
318327977,318227472,2.7284143,0.0014084347,2.8472369,2.730975,2.7264237,2.7294188,2.7482755,-0.324852,-0.40967178,-0.4129467,-0.41325378,-0.43990898,0.6079321,0.50571585,0.50364494,0.50403976,0.49710178,0.00015390001,0.0010952246,0.6293999,0.32370013,0.04565081
319327892,319227552,-2.8925397,0.0014516747,-2.7823975,-2.890568,-2.89433,-2.8916926,-2.8752105,0.103364944,-0.375844,-0.39244938,-0.38262844,-0.33953,0.4928692,0.50234145,0.50529885,0.5027158,0.48002058,0.00017658414,0.0011038645,0.6263761,0.32474858,0.04759488
320327994,320227632,3.0035667,0.0014977674,3.1123514,3.0059834,3.001606,3.004382,3.0224056,-0.15491295,-0.33621693,-0.34266758,-0.33956337,-0.33287525,1.0100303,0.9931366,0.99394375,0.9929586,0.9816068,0.00017836154,0.0011088033,0.62363636,0.32541823,0.04965822
321328049,321227711,2.3758569,0.0015007567,2.477,2.377939,2.3741155,2.3766334,2.3927176,-0.6339159,-0.031838417,-0.011117935,-0.026613235,-0.13356876,1.1086884,0.9765024,0.9704046,0.9739227,0.9917202,0.00017446565,0.0011034424,0.6252914,0.32499364,0.04843701
322328169,322227791,2.4203463,0.0014127366,2.5087464,2.4223096,2.4188395,2.4211173,2.4355562,-0.65797806,-0.16179371,-0.14426422,-0.15735817,-0.24563026,0.8034954,0.7235489,0.71972084,0.72189903,0.73214436,0.00015971418,0.0010930751,0.62980026,0.32405046,0.04489643
323328177,323227870,2.7395673,0.0014536284,2.8253353,2.7416625,2.7380767,2.740355,2.754859,-0.4066248,-0.23011112,-0.22358608,-0.22874165,-0.26541996,0.36934757,0.49958706,0.5055208,0.5016365,0.47439575,0.0001553592,0.0010909273,0.6311621,0.32375637,0.04383529
324328273,324227949,2.7360873,0.0015288698,2.8180282,2.7377255,2.734733,2.7367811,2.749461,-0.075847626,-0.038570404,-0.03704071,-0.038513184,-0.051115036,0.48353243,0.6232796,0.6297612,0.6256151,0.5974474,0.0001830179,0.0010966359,0.62874246,0.3243865,0.045591477
325328322,325228027,2.812985,0.0016202603,2.8946679,2.8145711,2.811629,2.8136432,2.8261037,-0.105867386,-0.08886337,-0.08816719,-0.08893967,-0.0963459,0.42586184,0.49685144,0.5002227,0.49806118,0.48298645,0.00021049232,0.0011008859,0.6268078,0.3248354,0.047045376
326328417,326228106,2.7620356,0.0017218057,2.8470902,2.764072,2.7605133,2.7627313,2.7768924,-0.09843922,-0.07449722,-0.073625565,-0.07442665,-0.08139706,0.56536484,0.58076906,0.58159447,0.5810261,0.57645273,0.00021940375,0.0011021269,0.6261798,0.3249615,0.04753729
327328509,327228184,2.713271,0.0018203643,2.79829,2.7152872,2.711754,2.7139626,2.7280474,-0.22821045,-0.16871929,-0.16656017,-0.16819382,-0.17972565,0.5743351,0.59498453,0.59591293,0.59529877,0.59061337,0.00021999836,0.001102413,0.62605375,0.32497942,0.04764433
328328552,328228262,2.722631,0.001914762,2.8076046,2.7246509,2.7211142,2.7233226,2.737404,-0.38619518,-0.32208347,-0.31972408,-0.32145977,-0.33316898,0.47482538,0.5213752,0.5233917,0.52212095,0.513391,0.00021828059,0.0011026816,0.6260339,0.32497993,0.047665227
329328633,329228340,2.7584457,0.0020033896,2.8401332,2.7600439,2.7570772,2.7590888,2.771542,-0.2957859,-0.2328682,-0.23052788,-0.23222351,-0.24328423,0.3252039,0.37873077,0.38102484,0.37959576,0.36995602,0.00022207243,0.0011036359,0.62571895,0.3250526,0.04790276
330328718,330228419,2.7533536,0.0021019462,2.8381114,2.7553778,2.7518334,2.7540386,2.7681043,-0.22872543,-0.17915154,-0.17734718,-0.1786499,-0.18713188,0.241467,0.25735188,0.25799274,0.2575841,0.25459242,0.00022212052,0.0011038954,0.6256595,0.32506475,0.047949772
331328846,331228496,2.776603,0.0022005746,2.8613343,2.7786376,2.775083,2.7772923,2.791388,-0.32689667,-0.31289005,-0.31239033,-0.3127737,-0.31546116,0.15039778,0.13948345,0.13899565,0.1392827,0.14085627,0.00021761855,0.0011035095,0.62587076,0.32501563,0.047792453
332328867,332228574,2.8151734,0.0022986599,2.8998616,2.8172202,2.8136501,2.815863,2.8299923,-0.29208183,-0.31372738,-0.31453037,-0.31400204,-0.3109827,0.029803753,-0.0007882118,-0.0020813942,-0.0012974739,0.0035672188,0.0002182716,0.0011036112,0.625841,0.32502818,0.047808878
333328943,333228651,2.8117356,0.0023953489,2.8962355,2.813775,2.8102138,2.8124197,2.8265085,-0.58702564,-0.6104126,-0.6112547,-0.610693,-0.6073351,0.02062416,0.0007686615,-5.340576e-05,0.00044202805,0.0035185814,0.00022289083,0.0011040857,0.6256201,0.32508782,0.047965102
334329025,334228728,2.813967,0.0024946476,2.8984683,2.8160064,2.812444,2.8146489,2.8287346,-0.62368584,-0.6287174,-0.6288624,-0.6287775,-0.62829113,-0.15186834,-0.13779783,-0.1371646,-0.13755846,-0.14017439,0.00022617247,0.0011043915,0.62548983,0.32512233,0.048057247
335329130,335228805,2.8120265,0.0025878046,2.8965087,2.814067,2.810506,2.812711,2.8267984,-0.7142973,-0.7138758,-0.71373844,-0.71384907,-0.7144308,-0.3046465,-0.22943354,-0.22611904,-0.22815275,-0.24127007,0.00022263192,0.0011039648,0.62568927,0.3250774,0.047906686
336329244,336228882,2.8258612,0.0026472644,2.9061096,2.827413,2.8245325,2.8265052,2.8386855,-0.5196228,-0.510643,-0.5101204,-0.51049614,-0.5126648,-0.38247728,-0.24402142,-0.23793316,-0.241673,-0.2657075,0.00020276343,0.0011019036,0.62660867,0.32487094,0.047215726
337329255,337228959,2.7202277,0.002700037,2.8021412,2.7222013,2.7187824,2.7209287,2.7345896,-0.4417591,-0.34829903,-0.3448143,-0.3472576,-0.36214638,-0.12446499,-0.020142555,-0.015714645,-0.018446922,-0.03609848,0.00017565089,0.0010988788,0.6279624,0.32455257,0.046210453
338329340,338229036,2.4196072,0.00255258,2.4931614,2.4212904,2.4183388,2.420242,2.4322689,-0.37028694,-0.018608093,-0.0061359406,-0.014875412,-0.06866646,0.112957,0.039188385,0.035222054,0.03766823,0.05274391,0.00014932727,0.0010976628,0.6286246,0.32445157,0.04567687
339329406,339229112,2.1534538,0.002096469,2.2092288,2.154657,2.1525092,2.153937,2.1628873,-0.28293896,0.078487396,0.0912199,0.08223629,0.026883125,0.00822258,-0.18344498,-0.19306374,-0.18727493,-0.15041542,0.00011789661,0.0010982725,0.6287303,0.32457823,0.04547521
340329552,340229188,1.8650786,0.0015858237,1.9028459,1.865754,1.8644574,1.8653754,1.8710269,-0.020268917,0.24234629,0.25123167,0.24485874,0.20570469,-0.17293549,-0.46232986,-0.47723007,-0.4686184,-0.41256142,0.00013371212,0.0011078211,0.62505054,0.32567012,0.048037823
341329580,341229264,1.6526589,0.0012267655,1.6775507,1.6529572,1.6522804,1.6528351,1.6561166,-0.2388283,-0.09233534,-0.0879308,-0.09131634,-0.1116761,0.03767395,-0.22175026,-0.23558235,-0.22787666,-0.17675781,0.00014629053,0.0011167709,0.62196344,0.32648203,0.050291505
342329639,342229341,1.3067806,0.0010051745,1.3236982,1.3068771,1.3065504,1.306892,1.3087993,-0.21293259,-0.15061736,-0.1490202,-0.1503892,-0.15833807,0.15070534,-0.092494965,-0.10569382,-0.09843254,-0.049993515,0.00014972083,0.0011215393,0.6204056,0.3268879,0.051435232
343329760,343229418,1.1588031,0.0008700488,1.1704501,1.1587796,1.1586695,1.1588753,1.1599141,-0.49306583,-0.47527027,-0.47465086,-0.4750991,-0.47776175,0.17827034,-0.00024795532,-0.009960175,-0.004629135,0.03103447,0.00014605836,0.0011233803,0.6199092,0.3270403,0.051781017
344329834,344229492,0.87277925,0.0008039308,0.8818318,0.8727962,0.8726646,0.872838,0.8737619,-0.4869604,-0.49512768,-0.49430943,-0.49442673,-0.49586582,0.26124287,0.122961044,0.11541653,0.11956215,0.14730644,0.00013970073,0.0011224613,0.62017727,0.32703274,0.05152784
345329863,345229568,0.62734234,0.0007626029,0.6348392,0.6274381,0.62722373,0.6273959,0.6284176,-0.79529953,-0.8155098,-0.81377697,-0.813962,-0.8168497,0.2442255,0.14344215,0.13781261,0.14087868,0.16144085,0.00013736024,0.0011197398,0.6206157,0.32701257,0.051114667
346329938,346229643,0.38078734,0.0007458758,0.38747755,0.3809838,0.38065094,0.38084263,0.38209668,-0.5030689,-0.5253105,-0.52264977,-0.5230427,-0.5280857,0.35932875,0.2882552,0.28403378,0.28626823,0.30138206,0.00013343833,0.0011135684,0.62174594,0.3268866,0.050120406
347330009,347229718,0.1617211,0.0007319773,0.16784987,0.16200234,0.16156986,0.16177918,0.16323508,-0.6230488,-0.646019,-0.6425915,-0.64318085,-0.6500778,0.5131761,0.46546733,0.46233213,0.46391428,0.4747895,0.0001323356,0.0011057189,0.6230613,0.32674232,0.048958324
348330082,348229793,-0.03906922,0.00073397026,-0.033398587,-0.038736753,-0.039226618,-0.039009377,-0.037445735,-0.6236229,-0.6433811,-0.64006233,-0.6406765,-0.64751434,0.44568872,0.41567302,0.41350257,0.41455412,0.4218775,0.00013356822,0.00109852,0.6244082,0.3265493,0.047810435
349330192,349229867,-0.30488685,0.00073725515,-0.29988843,-0.30456325,-0.3050324,-0.3048313,-0.30336225,-0.12985802,-0.1480236,-0.1449604,-0.1455307,-0.15184593,0.7000551,0.6848736,0.6838193,0.6843419,0.68792915,0.00012958281,0.001094631,0.6252203,0.3264132,0.047142256
350330251,350229942,-0.5151947,0.000737719,-0.51102126,-0.5149214,-0.51531696,-0.5151478,-0.51391256,0.15648746,0.14086056,0.14339066,0.14292717,0.13775921,0.60891056,0.6055851,0.6057272,0.6057434,0.6055908,0.00013402941,0.0010940923,0.6253957,0.32636997,0.04700625
351330309,351230016,-0.7327752,0.0007406292,-0.7296071,-0.7325978,-0.7328601,-0.7327418,-0.73189753,0.36001778,0.34702873,0.34911156,0.3487301,0.34449387,0.5809927,0.5888214,0.59040546,0.5898552,0.58540344,0.00013439903,0.0010962449,0.62504125,0.3264175,0.047310688
352330386,352230090,-0.9674482,0.00074128207,-0.96545464,-0.967403,-0.9674838,-0.96743125,-0.9671062,0.42487717,0.41515923,0.41696072,0.41661167,0.41284657,0.57486916,0.59300995,0.5961685,0.59502983,0.5860119,0.00013823457,0.0011012483,0.6241492,0.32654527,0.048066124
353330531,353230164,-1.2335014,0.00073708425,-1.2327149,-1.2336009,-1.2334825,-1.2335014,-1.2337414,0.39643383,0.39046335,0.39211798,0.3917551,0.38811016,0.4928627,0.5181942,0.52259636,0.5209999,0.5084305,0.00014346783,0.0011082282,0.62278354,0.32675076,0.049213853
354330561,354230237,-1.4814748,0.0007318054,-1.4815848,-1.4816763,-1.4814154,-1.4814856,-1.4821318,0.5859996,0.5835463,0.58504015,0.58467233,0.5811982,0.3764267,0.40496254,0.4099579,0.40815544,0.39389038,0.00014885036,0.0011155523,0.62135357,0.32695428,0.05042781
355330636,355230311,-1.725838,0.00072375534,-1.7264649,-1.7260882,-1.7257572,-1.7258538,-1.7267041,0.4602499,0.45969725,0.46077442,0.46049595,0.45793724,0.19461823,0.22367859,0.22875977,0.22691727,0.21240807,0.00015340433,0.0011210415,0.6202555,0.3271059,0.051364228
356330722,356230384,-1.9576653,0.00071508804,-1.9584067,-1.9579065,-1.9575856,-1.9576811,-1.9585142,0.60701275,0.6059742,0.6062174,0.6061802,0.6057291,0.0563488,0.082891464,0.087495804,0.085826874,0.07268143,0.00015494981,0.0011232424,0.6198332,0.3271638,0.051724803
357330766,357230457,-2.2145207,0.00070013246,-2.21492,-2.2146845,-2.214468,-2.2145307,-2.2150867,0.4444008,0.440053,0.43886948,0.43927574,0.44258976,-0.31083965,-0.2874899,-0.2834797,-0.284935,-0.2964077,0.00015293843,0.0011217081,0.6201864,0.3271192,0.051419657
358330862,358230529,-2.5740154,0.0006788459,-2.5734134,-2.5740008,-2.574027,-2.5740101,-2.5739074,0.28569794,0.27569008,0.27264214,0.2736473,0.28198814,-0.33540916,-0.3161335,-0.3127699,-0.31398296,-0.32357025,0.0001489806,0.0011179803,0.6209877,0.3270145,0.050730787
359330897,359230602,-2.893754,0.000653113,-2.8923447,-2.893595,-2.893817,-2.8937354,-2.893101,0.12638283,0.11041641,0.105594635,0.10717583,0.12030983,-0.055195093,-0.03981948,-0.036988497,-0.037988663,-0.046025038,0.000145876,0.0011148482,0.6216489,0.3269299,0.050160486
360331108,360230674,3.1031294,0.000630127,3.1049879,3.1033726,3.1030369,3.1031556,3.1040978,0.027986526,0.009462357,0.0039196014,0.005727768,0.020811081,-0.14839983,-0.13715196,-0.13491797,-0.13568497,-0.1419816,0.00014463266,0.0011137864,0.621883,0.3269058,0.049952805
361331056,361230746,2.7719884,0.00061969564,2.7737062,2.7722178,2.771901,2.7720122,2.7729023,-0.2683754,-0.28544617,-0.29055977,-0.28888702,-0.27500153,0.06844139,0.07463741,0.075920105,0.07549763,0.07190323,0.00014638559,0.0011163845,0.6213801,0.3269798,0.050377347
362331114,362230818,2.42623,0.00060856633,2.4271555,2.426341,2.4261856,2.4262416,2.4266884,-0.49748993,-0.51214695,-0.5165796,-0.51513577,-0.5031414,0.26809788,0.26627254,0.2657709,0.26596737,0.26733875,0.00014928337,0.0011204141,0.6205943,0.32708317,0.05105285
363331243,363230890,2.2492156,0.00060537865,2.2496607,2.2492568,2.2491975,2.2492201,2.249402,-0.19702148,-0.20842838,-0.2118702,-0.21074772,-0.20143986,0.33929443,0.33040047,0.328228,0.32900047,0.33499146,0.00015057149,0.0011225019,0.6202057,0.3271286,0.051392667
364331300,364230961,1.8714341,0.0006177714,1.8707279,1.8712982,1.8714818,1.8714222,1.8709365,-0.19680595,-0.20633316,-0.20916033,-0.20823145,-0.20057297,0.5714855,0.5548229,0.55078125,0.5521889,0.56336975,0.00014878258,0.0011208046,0.6205847,0.3270762,0.051069465
365331402,365231032,1.6291192,0.000622958,1.6278934,1.6289046,1.629195,1.6290989,1.6283182,-0.049356222,-0.057752967,-0.06015706,-0.05935967,-0.05280137,0.53800964,0.5168724,0.51174545,0.51353264,0.5277252,0.00014355846,0.001115019,0.62180626,0.326906,0.0500292
366331494,366231103,1.3827285,0.0006382255,1.3813312,1.3824891,1.3828125,1.3827046,1.381832,0.04970193,0.043205976,0.041404486,0.042007923,0.046965122,0.6411934,0.620451,0.6154213,0.6171608,0.6310997,0.00013928462,0.0011101726,0.6228201,0.3267603,0.049170233
367331620,367231174,1.124793,0.0006494725,1.123613,1.1245898,1.1248633,1.1247714,1.1240355,-0.15489435,-0.15819693,-0.15909147,-0.15878582,-0.15628433,0.6879196,0.66835785,0.6636009,0.66523933,0.6783943,0.00013395106,0.0011037452,0.62413716,0.32656157,0.048063554
368331728,368231244,0.9176544,0.0006643858,0.91685665,0.91751426,0.9177024,0.9176385,0.91713464,-0.014559746,-0.013399124,-0.013079643,-0.013187408,-0.01396656,0.59938145,0.58309364,0.57912445,0.5805054,0.59143543,0.00012995339,0.0010987583,0.62515056,0.32639644,0.04722425
369331684,369231314,0.6276349,0.00068458356,0.6277081,0.62763655,0.62763417,0.6276339,0.6276495,-0.11111927,-0.104865074,-0.10320282,-0.10376549,-0.108216286,0.48812962,0.4752016,0.47205734,0.47315788,0.48182392,0.00012659999,0.001094436,0.6260234,0.32624644,0.04650904
370331742,370231385,0.446157,0.00070118526,0.44677225,0.44624808,0.44612658,0.4461659,0.4465055,-0.2475357,-0.23664856,-0.23377228,-0.23474503,-0.24250793,0.50741625,0.49695158,0.4943967,0.4953003,0.5023222,0.00012628721,0.001090444,0.6268217,0.32610235,0.045859333
371331871,371231455,0.20141976,0.00072765007,0.20264952,0.20161164,0.201356,0.20144024,0.20214513,-0.008541107,0.0053195953,0.008968353,0.0077285767,-0.0021419525,0.36381054,0.35544896,0.35340095,0.35413218,0.35975337,0.00012654191,0.0010878049,0.6273505,0.32600433,0.045430835
372332052,372231524,-0.03363107,0.00074224704,-0.032048173,-0.03338101,-0.033713814,-0.033603728,-0.03268837,0.03878212,0.054739,0.058921814,0.057497025,0.046138763,0.38677508,0.3800969,0.37845463,0.3790539,0.38355112,0.00012704649,0.0010860186,0.62771434,0.32593507,0.04513749
373331901,373231593,-0.20276265,0.0007543011,-0.20105329,-0.20249131,-0.20285235,-0.20273253,-0.20174102,0.14446259,0.15962791,0.16361046,0.16225243,0.1514492,0.49449968,0.49003744,0.4889393,0.4893632,0.49235535,0.00012644459,0.0010853633,0.6278658,0.32590175,0.045020614
374331955,374231663,-0.42583644,0.00076875376,-0.4243412,-0.4255991,-0.42591494,-0.4258103,-0.42494333,0.16670132,0.1804905,0.1841011,0.18287277,0.17304993,0.61544704,0.6141329,0.6138239,0.6139927,0.6148071,0.00013163332,0.0010858454,0.62779814,0.32590097,0.045083415
375332060,375231732,-0.65545934,0.0007787843,-0.65447944,-0.6553049,-0.6555106,-0.6554424,-0.6548782,0.16181087,0.17383957,0.17700195,0.17592907,0.16734791,0.45940876,0.46230602,0.46306515,0.46288013,0.46077347,0.00013644753,0.0010876735,0.6274739,0.32594424,0.045357723
376332252,376231800,-0.88765055,0.000782365,-0.88738394,-0.88761115,-0.8876637,-0.8876464,-0.887501,0.3994627,0.4096737,0.41235447,0.41144657,0.4041624,0.5728502,0.58065796,0.58267784,0.5820694,0.5765333,0.00013924536,0.0010913708,0.6267919,0.32605067,0.045926865
377332196,377231869,-1.1112884,0.00077997847,-1.111767,-1.1113683,-1.1112612,-1.1112968,-1.1115901,0.36935663,0.37815523,0.38046312,0.37968445,0.37341118,0.4670334,0.4798336,0.48314095,0.48208618,0.47307396,0.00014332226,0.0010965933,0.6258074,0.326207,0.0467456
378332232,378231937,-1.3555624,0.0007798882,-1.3567352,-1.3557532,-1.3554966,-1.3555815,-1.3562841,0.4432956,0.450868,0.45285404,0.45218897,0.44679773,0.3374653,0.35305977,0.35707283,0.35577774,0.34482193,0.00014816459,0.0011026189,0.6246551,0.3263882,0.047705896
379332331,379232006,-1.5794628,0.00077332434,-1.5810684,-1.5797224,-1.5793723,-1.5794879,-1.580446,0.550617,0.55675817,0.5583658,0.5578313,0.5534699,0.2709999,0.28856468,0.29309654,0.29162025,0.27929115,0.00015209719,0.0011074076,0.6237321,0.32653007,0.048478354
380332388,380232078,-1.8264035,0.000766525,-1.8280971,-1.8266773,-1.8263077,-1.8264292,-1.8274395,0.578742,0.5824375,0.58340883,0.583086,0.58046913,0.20269775,0.21966171,0.22402763,0.22260094,0.21068954,0.00015455813,0.0011103828,0.6231566,0.32661846,0.048960056
381332433,381232142,-2.1118877,0.00075554126,-2.113158,-2.112094,-2.111816,-2.1119065,-2.1126661,0.22936916,0.22875118,0.22860241,0.22864819,0.22909546,-0.013723373,0.0017700195,0.0057497025,0.0044403076,-0.0064172745,0.000155023,0.0011110068,0.6230389,0.32664028,0.049054727
382332521,382232213,-2.3690627,0.00073650357,-2.3696637,-2.3691623,-2.369029,-2.369071,-2.3694339,0.2658043,0.2592659,0.25758743,0.25813484,0.26277733,-0.32691288,-0.31359005,-0.3101654,-0.3112955,-0.32062626,0.00015294862,0.0011086814,0.62350017,0.326578,0.04866016
383332576,383232277,-2.6866653,0.000704263,-2.6862502,-2.686602,-2.686689,-2.6866567,-2.686418,0.21553802,0.19992447,0.19590187,0.19722557,0.20828247,-0.3152218,-0.3037815,-0.30084515,-0.3018098,-0.3098278,0.00014997512,0.0011052842,0.6241687,0.32648587,0.04809015
384332687,384232344,-2.978704,0.00068986334,-2.977492,-2.9785123,-2.9787717,-2.9786816,-2.9779713,0.5533638,0.53546524,0.5308418,0.5323696,0.5450382,-0.42388368,-0.41645312,-0.414531,-0.4151404,-0.42038774,0.00014513012,0.0010995773,0.6252823,0.32632512,0.04714791
385332828,385232411,-2.3317134,0.0007600928,-2.3322477,-2.3318021,-2.3316846,-2.3317218,-2.3320422,1.9902945,1.9863291,1.9852991,1.9856472,1.9884624,-0.50892687,-0.50957966,-0.50971603,-0.50961685,-0.5092349,0.00036144085,0.0010926612,0.62641543,0.32605916,0.046071213
386332826,386232478,-1.5079683,0.00075344555,-1.5103732,-1.5083557,-1.5078351,-1.5080088,-1.5094326,2.3583055,2.3595793,2.359894,2.3597949,2.358916,1.9267969,1.915247,1.9123249,1.9133759,1.9213638,0.00144796,0.0014616544,0.6264864,0.3253671,0.045236874
387332891,387232545,-1.0033083,0.00065427076,-1.0049663,-1.0035769,-1.0032194,-1.0033389,-1.0043181,1.0317588,1.0254462,1.0238075,1.0243602,1.0288296,2.0242944,2.0124302,2.00942,2.010489,2.0187116,0.0015127063,0.0016139954,0.629554,0.3246226,0.04269672
388332974,388232612,-0.9329936,0.0006522939,-0.9334206,-0.9330641,-0.9329708,-0.93300223,-0.9332567,0.13098955,0.11414158,0.109796524,0.11125815,0.12314081,1.2655313,1.2600176,1.25862,1.259135,1.2629313,0.0014341926,0.0016003953,0.6313682,0.32425228,0.04134493
389333083,389232679,-0.46482322,0.0006979415,-0.4667322,-0.46513557,-0.4647235,-0.46486253,-0.46598852,1.1610131,1.1454375,1.1414187,1.14277,1.153755,0.3632843,0.35819775,0.3569047,0.35738343,0.36088443,0.0013880164,0.0015920654,0.63245195,0.32403228,0.040535662
390333074,390232745,0.7638387,0.0007747772,0.7631671,0.76372874,0.7638734,0.7638247,0.7634283,2.0472825,2.0373366,2.0347693,2.0356321,2.0426488,0.41149592,0.40790796,0.40699387,0.40734684,0.40979898,0.0013463435,0.0015841895,0.63344455,0.3238341,0.039790813
391333156,391232812,1.0420846,0.0008458793,1.0424225,1.0421398,1.0420679,1.0420916,1.0422888,1.9599657,1.9532864,1.9515617,1.9521384,1.9568586,0.028277755,0.022814512,0.021412492,0.021928787,0.02570033,0.0012819114,0.0015715093,0.63502806,0.32350028,0.038618278
392333211,392232878,1.3336587,0.0009088151,1.3313763,1.3332813,1.3337722,1.3336067,1.3322648,2.2976289,2.2901793,2.288258,2.2889018,2.2941637,-0.019373596,-0.025547847,-0.027137235,-0.026556805,-0.02228503,0.0012166442,0.0015580624,0.6366939,0.3231251,0.03740638
393333333,393232945,1.0753367,0.0009701229,1.0736506,1.0750566,1.0754198,1.075297,1.0743058,2.3021767,2.2986157,2.2976954,2.298001,2.3005207,0.19000602,0.18383116,0.1822393,0.1828242,0.18709314,0.0011736997,0.0015488386,0.6378237,0.3228591,0.03659475
394333405,394233011,0.56131685,0.0010286823,0.5599016,0.561082,0.5613858,0.561283,0.5604532,2.1836357,2.1815248,2.1809783,2.1811585,2.1826525,0.3773899,0.37223506,0.37090325,0.3714012,0.37495494,0.0011459525,0.0015427078,0.6385741,0.32267228,0.036064915
395333476,395233078,0.31638372,0.0011014434,0.31422624,0.31602526,0.316488,0.31633168,0.31506714,1.8259897,1.8233275,1.8226414,1.8228688,1.8247433,0.5350046,0.53084743,0.52976924,0.5301827,0.5330366,0.0011226404,0.0015374466,0.63921857,0.32250446,0.035616852
396333537,396233144,0.28334722,0.0011810163,0.2811034,0.28297386,0.28345495,0.28329235,0.28197783,1.5067365,1.5039346,1.5032175,1.5034549,1.5054276,0.38951486,0.38611966,0.38523585,0.38558358,0.38790417,0.0011006027,0.0015324014,0.63983566,0.3223414,0.03519
397333619,397233211,0.31896305,0.0012661451,0.31679043,0.31860122,0.3190669,0.3189093,0.31763726,1.6542885,1.652425,1.6519492,1.6521037,1.6534164,0.38460898,0.3819353,0.38123655,0.38152212,0.38333702,0.0010853307,0.0015288609,0.6402676,0.3222258,0.034892354
398333684,398233278,0.3343399,0.0013566504,0.33220088,0.33398324,0.33444163,0.33428666,0.33303452,1.4188967,1.4168954,1.4163823,1.4165492,1.4179559,0.3612399,0.35906988,0.35850072,0.35874027,0.36020458,0.0010731404,0.0015259945,0.64061713,0.32212988,0.034653798
399333832,399233345,0.28706858,0.0014471496,0.2848209,0.28669333,0.2871751,0.28701243,0.2856968,1.2528505,1.2506952,1.2501392,1.250318,1.2518392,0.35682628,0.35492808,0.35442838,0.35464412,0.3559188,0.001061759,0.0015232802,0.6409448,0.32204005,0.034430128
400333818,400233412,0.22771764,0.0015386586,0.22535259,0.22732244,0.22782938,0.22765827,0.22627413,1.2130713,1.2117109,1.2113619,1.2114716,1.2124348,0.4320038,0.43028694,0.42983353,0.43003392,0.43118125,0.0010528609,0.0015211347,0.6412054,0.3219661,0.034254577
401333850,401233480,0.15793781,0.0016310053,0.15546463,0.15752421,0.15805446,0.15787536,0.15642811,1.0296247,1.0283978,1.0280869,1.0281851,1.0290477,0.36884564,0.36733258,0.3669312,0.36711437,0.36811888,0.0010455612,0.0015193756,0.6414231,0.3219014,0.03411052
402333981,402233547,0.1270625,0.0017234675,0.12455079,0.1266422,0.12718076,0.12699887,0.12552892,0.95982146,0.95875716,0.95849156,0.95857406,0.95932317,0.5105978,0.50919706,0.50882393,0.5089986,0.5099237,0.0010400891,0.0015180621,0.6415898,0.32184938,0.0340026
403333981,403233615,0.116009906,0.001816298,0.11348447,0.115587205,0.116128564,0.11594575,0.11446787,0.8417196,0.84050465,0.8402004,0.8402991,0.8411522,0.5233694,0.5221515,0.5218248,0.5219842,0.5227809,0.0010343929,0.0015166943,0.6417672,0.32179177,0.033890016
404334081,404233682,0.101233356,0.0019099697,0.098692566,0.10080787,0.10135256,0.1011686,0.09968185,0.69134974,0.6901114,0.68979716,0.68990016,0.6907718,0.5239365,0.5229598,0.5226938,0.5228342,0.5234609,0.0010293368,0.0015154673,0.64192915,0.32173622,0.033789854
405334145,405233750,0.12804432,0.0020049317,0.12552954,0.12762316,0.12816213,0.12798008,0.12650862,0.5719979,0.5705068,0.5701287,0.57024884,0.5713022,0.5787963,0.578036,0.57782507,0.57794744,0.5784224,0.001024866,0.001514375,0.64207524,0.32168433,0.0337012
406334224,406233819,0.13279502,0.0021001017,0.13028525,0.1323746,0.13291244,0.13273077,0.13126233,0.5737183,0.57223105,0.5718539,0.5719702,0.573025,0.62288046,0.6222469,0.62206817,0.62217975,0.62256604,0.0010209562,0.0015134155,0.6422038,0.32163826,0.03362365
407334287,407233887,0.12750608,0.0021931308,0.12499282,0.12708502,0.12762348,0.12744176,0.1259712,0.759346,0.75768256,0.75725913,0.75739217,0.75856924,0.52959335,0.52989304,0.5299524,0.52998585,0.5297166,0.0010182523,0.0015127508,0.6422977,0.3216012,0.033570096
408334358,408233956,0.16316697,0.002275463,0.16420755,0.16334072,0.16311927,0.16319203,0.16380104,0.75069094,0.74915457,0.74876285,0.74888444,0.7499716,0.31757635,0.31831396,0.31848508,0.3184812,0.31790555,0.0010153168,0.0015120223,0.6423918,0.32156938,0.033511557
409324425,409224025,0.3669488,0.002359128,0.36487916,0.36660224,0.36704493,0.36689633,0.36568487,1.0724123,1.0713872,1.071127,1.0712042,1.0719323,0.17138657,0.17184642,0.1719467,0.1719659,0.17158562,0.0010117169,0.0015111241,0.64250195,0.32153574,0.03343945
410334471,410234095,0.2922165,0.002442605,0.29301038,0.29234916,0.2921798,0.29223642,0.2926998,1.736543,1.7377969,1.7381246,1.7380042,1.7371275,0.24928808,0.25019026,0.25040424,0.25038493,0.2496947,0.0010143515,0.0015117872,0.64242226,0.32155845,0.03349315
411334570,411234164,0.33050755,0.002500498,0.3283697,0.3301502,0.33060718,0.33045518,0.329202,2.2422442,2.2457001,2.246593,2.2462854,2.2438564,0.8235307,0.8236079,0.82361126,0.8236625,0.8235512,0.0010373968,0.001517499,0.64175063,0.32173717,0.033957336
412334667,412234235,0.27555114,0.0025867177,0.2733122,0.27517706,0.27565542,0.275497,0.2741837,1.861008,1.8600874,1.8598537,1.8599226,1.8605735,1.215823,1.2150912,1.2148871,1.2150064,1.2154652,0.0010428805,0.0015188494,0.6416171,0.32175162,0.034069553
413324739,413224304,0.3169114,0.0026430204,0.31476897,0.31655288,0.3170104,0.31685922,0.3156026,1.5852323,1.5817537,1.580862,1.5811491,1.5836022,1.2576252,1.2562833,1.255923,1.256095,1.2569816,0.0010231393,0.0015140094,0.64221925,0.32156658,0.033676945
414334824,414234376,0.44173023,0.0026551993,0.4399436,0.44143096,0.44181213,0.44168615,0.4406385,1.1446855,1.1404111,1.1393137,1.1396681,1.1426833,1.017228,1.0157413,1.015345,1.0155283,1.0165179,0.0009992038,0.0015080245,0.64295095,0.3213458,0.033195976
415334869,415234447,0.4625002,0.002675989,0.4629749,0.4625797,0.46247798,0.46251336,0.46278867,0.91439044,0.91187996,0.911235,0.9114386,0.9132106,0.4528498,0.45174766,0.45145097,0.45159948,0.4523211,0.000982081,0.0015036605,0.6434791,0.32118618,0.03284904
416324952,416224518,0.39237267,0.0027500894,0.39306954,0.39248967,0.39234006,0.39239183,0.3927971,1.4108438,1.4128398,1.4133519,1.4131713,1.4117675,0.6104288,0.6096883,0.60948515,0.60960245,0.61007094,0.0009843069,0.0015042211,0.6434184,0.32119703,0.032896094
417335088,417234591,0.30571273,0.0028312432,0.30664125,0.3058685,0.3056695,0.30573782,0.30627865,1.0251358,1.0235183,1.0231025,1.0232285,1.0243695,1.1108179,1.1100477,1.1098375,1.1099575,1.1104488,0.000984038,0.0015041506,0.64345014,0.32116884,0.032892853
418335229,418234664,0.49365708,0.002847543,0.4921209,0.49339923,0.4937267,0.49361876,0.49271813,0.56457394,0.5603919,0.5593177,0.5596603,0.56260884,0.7560649,0.7549083,0.7546006,0.7547534,0.7555156,0.0009712121,0.0015008535,0.64386034,0.32103533,0.032632116
419335201,419234737,0.6054263,0.0028417467,0.60431576,0.60523987,0.6054765,0.60539854,0.60474735,0.3892295,0.38558307,0.3846467,0.38494307,0.38751438,0.41221845,0.41095054,0.41061547,0.41077712,0.4116169,0.00096162513,0.0014983678,0.64416546,0.32093817,0.032436296
420325248,420224809,0.6730562,0.002876074,0.6722206,0.6729156,0.6730938,0.6730351,0.6725449,0.364346,0.36180985,0.36115843,0.36136022,0.36314902,0.17012082,0.16907176,0.16879396,0.1689354,0.16962193,0.00095646305,0.0014970187,0.6443275,0.32088843,0.032330636
421335359,421234883,0.7092644,0.002944031,0.7085798,0.7091495,0.7092953,0.7092471,0.7088455,0.3988211,0.39695174,0.39647174,0.3966169,0.39793596,-0.10808334,-0.10890743,-0.10912651,-0.10900678,-0.108476475,0.0009538674,0.001496332,0.64440453,0.3208678,0.032277435
422335404,422234958,0.70767707,0.003029584,0.70749855,0.70764697,0.70768505,0.70767283,0.7075664,0.26090476,0.26003027,0.25980565,0.25986508,0.26048443,-0.12847096,-0.12919861,-0.12939231,-0.12928116,-0.12881878,0.0009522108,0.0014958828,0.6444464,0.320862,0.032243486
423325463,423225031,0.70473796,0.0031203057,0.7040435,0.70462143,0.7047694,0.7047202,0.7043132,0.41448477,0.41402724,0.41391027,0.41393355,0.4142594,-0.038341485,-0.039029293,-0.039212413,-0.039104424,-0.038670503,0.00095155573,0.0014957024,0.64446175,0.32086074,0.032230254
424325499,424225107,0.6747217,0.0032154177,0.6739149,0.674586,0.6747584,0.67470056,0.6742283,0.16025278,0.1598433,0.1597391,0.15975809,0.16004965,0.029301487,0.02881302,0.028681148,0.028772395,0.029066194,0.00095115724,0.0014955942,0.6444723,0.32085866,0.03222228
425335590,425235183,0.68487823,0.003313934,0.68410933,0.684749,0.68491316,0.68485814,0.68440795,0.16959214,0.16915888,0.1690489,0.16906995,0.16937786,-0.050040025,-0.050327644,-0.0504079,-0.050333288,-0.050180953,0.0009508745,0.0014955181,0.6444801,0.320857,0.03221662
426335662,426235259,0.6921698,0.0034126607,0.6914284,0.69204503,0.6922035,0.6921503,0.6917163,0.043073162,0.04274048,0.042656586,0.042669177,0.04290608,0.07787855,0.077681154,0.07762408,0.077690944,0.07778001,0.0009506586,0.0014954604,0.6444863,0.32085517,0.03221233
427325773,427225335,0.69178647,0.0035102393,0.69104403,0.69166166,0.69182026,0.69176704,0.69133204,0.1276031,0.12718326,0.12707734,0.12709749,0.12739554,0.16468717,0.16446134,0.16439705,0.16446692,0.1645753,0.0009503396,0.0014953775,0.644498,0.32085043,0.032206018
428325823,428225413,0.68861574,0.003607802,0.6878619,0.6884887,0.68865013,0.68859583,0.6881542,0.026761364,0.026262995,0.02613734,0.026164342,0.026517455,0.15680173,0.15654974,0.15647867,0.15655112,0.15667766,0.0009500611,0.0014953072,0.6445096,0.32084447,0.03220049
429335888,429235490,0.68486893,0.0037060066,0.6841022,0.68473965,0.68490386,0.6848486,0.6843997,0.22980791,0.22933498,0.22921635,0.22924143,0.22957623,0.18405184,0.18384625,0.18378705,0.18385573,0.18394947,0.00094964495,0.0014952011,0.6445254,0.32083756,0.032192204
430325953,430225567,0.68151855,0.0038020592,0.6807398,0.6813873,0.6815541,0.68149775,0.68104213,0.24685377,0.24644491,0.24634328,0.24636295,0.24665275,0.18300866,0.18265814,0.18256156,0.18264256,0.1828381,0.0009490556,0.0014950491,0.6445464,0.32082912,0.032180443
431326035,431225646,0.65527195,0.0038967899,0.65439725,0.6551249,0.6553119,0.6552486,0.6547369,0.19236286,0.19183928,0.19170864,0.191738,0.19210844,0.2594162,0.25899443,0.25887948,0.25896677,0.2592124,0.0009483523,0.0014948692,0.644573,0.3208175,0.032166313
432326097,432225724,0.6397785,0.003990265,0.6388469,0.63962185,0.6398211,0.6397536,0.63920873,0.18411985,0.18364212,0.18352373,0.18354884,0.18388672,0.27070007,0.27029884,0.27018914,0.27027485,0.27050635,0.0009476693,0.0014946965,0.6446007,0.3208043,0.03215256
433336194,433235804,0.63834447,0.0040862975,0.63740706,0.6381869,0.6383873,0.6383193,0.6377713,0.11980299,0.11922444,0.11908033,0.11911415,0.11952231,0.27388078,0.27361807,0.27354413,0.27361846,0.2737523,0.0009471577,0.0014945713,0.64462477,0.32079118,0.032142337
434326303,434225884,0.60632837,0.0041814414,0.605276,0.60615176,0.60637647,0.60630023,0.6056852,0.1872628,0.18678112,0.18666215,0.18668729,0.1870271,0.31594548,0.31569734,0.3156272,0.3157001,0.3158238,0.0009466289,0.0014944414,0.6446491,0.32077807,0.032131802
435326385,435225964,0.6057439,0.00427662,0.6046889,0.6055666,0.605792,0.60571563,0.6050992,0.17429534,0.17367232,0.17351729,0.17355457,0.17399324,0.33508,0.33484337,0.33477607,0.33484793,0.3349637,0.0009460699,0.0014943056,0.6446761,0.3207628,0.03212068
436336451,436236046,0.6065059,0.0043717558,0.60545325,0.60632914,0.60655385,0.6064777,0.6058629,0.20379087,0.20325156,0.20311838,0.20314835,0.20352775,0.27510133,0.2748306,0.2747547,0.2748295,0.27496904,0.00094547647,0.0014941596,0.64470327,0.32074827,0.032108843
437326514,437226127,0.6368723,0.0044632684,0.63592744,0.63671345,0.6369154,0.6368469,0.6362952,0.14710231,0.14644128,0.14627701,0.14631777,0.14678244,0.45707017,0.45669317,0.45659024,0.45667392,0.45688766,0.0009444717,0.0014939099,0.64474624,0.32072663,0.032088693
438326684,438226210,0.6513534,0.004551507,0.6504605,0.6512034,0.6513941,0.65132934,0.6508081,0.057727285,0.056854963,0.056636564,0.05669578,0.057308853,0.39009327,0.38981447,0.38973674,0.38981193,0.3899566,0.00094373594,0.0014937306,0.64478195,0.32070667,0.032073937
439326698,439226292,0.65246344,0.004640058,0.6515755,0.6523148,0.6525041,0.65243924,0.65192103,-0.044964,-0.045814026,-0.046026375,-0.04596926,-0.045371726,0.28827912,0.28814578,0.28810543,0.28816783,0.28821027,0.0009433645,0.001493646,0.64480495,0.3206914,0.032066654
440336791,440236376,0.648512,0.0047335476,0.6476103,0.6483613,0.6485533,0.64848757,0.64796096,0.07829104,0.07772088,0.0775803,0.07761283,0.078014284,0.31523108,0.31508547,0.31504208,0.31510562,0.31515646,0.0009429755,0.0014935549,0.6448265,0.3206779,0.032059006
441326863,441226459,0.6615213,0.0048256465,0.66066706,0.66137815,0.6615603,0.6614982,0.6609991,0.074268416,0.07359348,0.07342594,0.073467545,0.07394248,0.2913905,0.29122674,0.2911789,0.29124406,0.29130715,0.0009423648,0.0014934075,0.64485526,0.32066208,0.032046903
442326973,442226543,0.6803171,0.004913048,0.67953247,0.6801858,0.68035287,0.68029606,0.6798373,0.31291717,0.31201345,0.31178686,0.31184882,0.31248432,0.43308818,0.43280366,0.43272477,0.4328002,0.4329483,0.0009414381,0.0014931757,0.64489424,0.3206429,0.032028276
443327029,443226628,0.69080186,0.004996634,0.6900571,0.6906769,0.6908359,0.69078165,0.6903464,0.34319466,0.3424045,0.34220672,0.3422591,0.3428148,0.38713267,0.38674542,0.38663986,0.38672426,0.38694447,0.0009404942,0.0014929381,0.64493346,0.32062384,0.032009233
444327084,444226713,0.69223416,0.0050830273,0.6914948,0.6921103,0.69226795,0.6922141,0.69178206,0.14705655,0.14634423,0.14616609,0.14621185,0.14671323,0.3334339,0.33303982,0.33293197,0.3330174,0.3332423,0.0009394205,0.0014926657,0.644977,0.32060343,0.03198756
445327189,445226799,0.6548594,0.005168298,0.6548767,0.65486246,0.65485895,0.6548594,0.6548689,0.36131507,0.36056757,0.36038,0.36042923,0.36095548,0.418469,0.4181284,0.41803426,0.41811472,0.41830236,0.00093832216,0.0014923862,0.6450216,0.32058227,0.03196536
446327296,446226886,0.6345641,0.005253643,0.63361156,0.6344042,0.63460755,0.63453805,0.63398284,0.13057274,0.1298117,0.12962022,0.12967071,0.13020709,0.36946246,0.36907336,0.3689667,0.36905172,0.3692727,0.0009373406,0.0014921386,0.6450638,0.3205612,0.031945564
447327389,447226973,0.547176,0.005336179,0.5475705,0.5472414,0.5471584,0.54718596,0.54741675,0.3700664,0.36922553,0.36901316,0.3690706,0.3696637,0.47040668,0.4700225,0.46991694,0.47000155,0.4702189,0.0009360987,0.0014918201,0.64511406,0.3205376,0.03192042
448327471,448227061,0.55849063,0.0054194485,0.5572683,0.5582852,0.5585463,0.55845726,0.55774474,0.21843995,0.21778645,0.2176222,0.21766303,0.21812509,0.5154891,0.5150418,0.51491994,0.5150103,0.51527137,0.00093510025,0.001491566,0.6451571,0.32051593,0.031900242
449327565,449227149,0.51531017,0.005507668,0.51580733,0.515393,0.515288,0.51532286,0.5156135,0.37555405,0.37496924,0.3748229,0.3748574,0.37527153,0.4347198,0.43437237,0.4342757,0.4343577,0.43454838,0.00093418587,0.0014913338,0.6451968,0.3204958,0.031881824
450327685,450227238,0.57693535,0.0055926344,0.5772246,0.57698333,0.57692266,0.5769423,0.57711124,-0.047175676,-0.047974795,-0.04817605,-0.04812336,-0.04755844,0.34293783,0.3426373,0.34255233,0.34263057,0.34278813,0.0009332402,0.001491093,0.6452384,0.32047445,0.031862784
451327745,451227328,0.66071934,0.005669413,0.65986043,0.6605752,0.6607586,0.66069555,0.660195,0.10893438,0.10799671,0.1077599,0.10782433,0.108486734,0.3028899,0.30258024,0.30249277,0.3025723,0.30273584,0.0009324199,0.0014908846,0.6452752,0.3204552,0.031846263
452327839,452227418,0.70376927,0.0057504335,0.7030711,0.703652,0.7038014,0.7037495,0.7033428,0.23898211,0.23825046,0.23806648,0.23811246,0.23863095,0.2957968,0.29553378,0.29545826,0.29553387,0.29566428,0.0009315383,0.0014906576,0.64531213,0.32043725,0.031828456
453327949,453227509,0.7215026,0.0058370177,0.7208712,0.72139627,0.7215318,0.7214844,0.7211168,0.25062162,0.24995449,0.24978688,0.24982695,0.25030082,0.36965728,0.36936706,0.36928442,0.3693624,0.3695118,0.00093070744,0.0014904431,0.6453469,0.32042027,0.031811707
454327994,454227600,0.72895664,0.005922456,0.7283534,0.728855,0.72898453,0.7289394,0.7285876,0.3006637,0.300003,0.29983702,0.29987624,0.30034605,0.33164304,0.3312384,0.33112675,0.33121464,0.33144394,0.00092949014,0.0014901244,0.6453938,0.32039952,0.031787045
455328081,455227694,0.7329863,0.005993346,0.7323988,0.7328872,0.73301345,0.7329694,0.7326267,0.22316715,0.22222465,0.22198635,0.22204992,0.22271773,0.42345092,0.4229522,0.42281646,0.42291245,0.4232078,0.0009281287,0.0014897682,0.6454464,0.32037643,0.031759307
456328216,456227785,0.7023453,0.0060654534,0.7021869,0.7023174,0.70235336,0.70233953,0.70224667,0.19627026,0.19547045,0.19526851,0.1953193,0.19588754,0.39401898,0.3935683,0.39344457,0.39353663,0.39379853,0.0009271231,0.0014895067,0.6454876,0.32035688,0.03173887
457328267,457227877,0.7108267,0.00614995,0.71015483,0.7107135,0.71085775,0.7108073,0.7104156,0.18836951,0.18781206,0.18767208,0.18770143,0.18810004,0.3440817,0.3437446,0.34364963,0.34373227,0.34391475,0.00092621276,0.0014892699,0.6455259,0.32033816,0.03172044
458328364,458227971,0.71637654,0.0062357243,0.7157254,0.716267,0.71640664,0.71635765,0.71597826,0.27283904,0.27218443,0.27201915,0.27205697,0.2725239,0.3809047,0.38058704,0.3804972,0.38057834,0.3807469,0.0009252768,0.0014890259,0.64556503,0.3203192,0.031701516
459328529,459228065,0.71090716,0.0063175815,0.71023476,0.7107939,0.7109382,0.7108876,0.71049595,0.28016514,0.27943632,0.27925175,0.27929592,0.2798156,0.39889926,0.3985577,0.39846167,0.39854535,0.39873043,0.0009242389,0.0014887553,0.64560896,0.32029757,0.031680465
460328550,460228160,0.7189246,0.006394782,0.7182823,0.71881634,0.71895444,0.71890557,0.71853155,0.22601679,0.22515136,0.22493163,0.2249876,0.22560358,0.44849423,0.44813478,0.44803423,0.44811982,0.44831708,0.0009231818,0.0014884792,0.64565325,0.3202762,0.03165898
461328664,461228255,0.727261,0.0064666164,0.7266501,0.7271578,0.72728944,0.7272429,0.72688705,0.10144003,0.10064225,0.10044035,0.10049005,0.101058915,0.27658632,0.27619085,0.27608126,0.2761699,0.2763925,0.00092220464,0.0014882244,0.6456945,0.32025605,0.03163907
462328775,462228351,0.7306637,0.0065417085,0.7300656,0.7305625,0.7306916,0.73064584,0.73029727,0.16671862,0.16593724,0.16574034,0.16578804,0.16634536,0.36422455,0.36383682,0.3637292,0.3638179,0.36403468,0.00092117756,0.0014879564,0.6457375,0.32023522,0.03161814
463328929,463228447,0.74199766,0.006619816,0.7414431,0.74190384,0.7420237,0.7419808,0.74165773,-0.00991255,-0.010612428,-0.010788053,-0.010747865,-0.010247439,0.25766256,0.25734735,0.25725785,0.257341,0.25750676,0.0009205146,0.0014877849,0.64576656,0.32022047,0.031604663
464329110,464228545,0.7355967,0.006705771,0.7350184,0.7354989,0.7356236,0.73557943,0.73524237,0.33633566,0.33586335,0.33574647,0.3357662,0.33610728,0.3108948,0.31061062,0.31052908,0.3106097,0.3107535,0.0009198512,0.0014876117,0.6457939,0.3202074,0.03159119
465329110,465228642,0.7055897,0.006795379,0.7048989,0.70547307,0.7056216,0.7055697,0.70516676,0.43350086,0.4330001,0.4328761,0.43289822,0.43325937,0.35161343,0.351319,0.35123494,0.35131648,0.35146725,0.000918994,0.0014873868,0.64582837,0.3201914,0.03157381
466329196,466228741,0.6755786,0.0068717985,0.67477536,0.6754431,0.67561555,0.67555535,0.6750872,0.30937913,0.30865666,0.30847618,0.30851728,0.3090341,0.38205478,0.38159266,0.38146636,0.3815621,0.38182992,0.0009179426,0.0014871114,0.6458713,0.32017136,0.031552337
467329274,467228840,0.5854895,0.0069370675,0.58575124,0.5855317,0.5854788,0.58549476,0.5856472,0.22997695,0.22916526,0.22896269,0.22901154,0.22959054,0.3717718,0.37131152,0.3711855,0.37128124,0.3715481,0.0009168993,0.0014868388,0.645914,0.32015124,0.031530958
468329377,468228939,0.5893011,0.007011855,0.5881861,0.5891128,0.5893522,0.5892694,0.5886192,0.23154101,0.23090841,0.23075254,0.23078556,0.2312384,0.3805528,0.38016498,0.38005742,0.38014722,0.38036326,0.0009157777,0.0014865472,0.64596045,0.3201292,0.03150803
469329475,469229039,0.6000075,0.0070877504,0.5989282,0.59982514,0.6000569,0.59997666,0.599347,0.266501,0.26588544,0.26573458,0.26576567,0.26620656,0.36777997,0.3673452,0.36722577,0.36731958,0.36756855,0.0009147735,0.0014862865,0.64600205,0.3201094,0.03148749
470329545,470229140,0.62592626,0.0071614967,0.62494004,0.62575996,0.6259713,0.6258982,0.62532276,0.07560034,0.07482149,0.07462902,0.07467447,0.075229645,0.3343921,0.3341,0.33401674,0.3340981,0.3342475,0.0009139267,0.0014860672,0.64603806,0.32009175,0.031470183
471329651,471229241,0.6475638,0.0072345436,0.6466577,0.6474109,0.64760524,0.64753777,0.64700913,0.19128433,0.19058608,0.19041462,0.19045272,0.19095139,0.2120822,0.21175742,0.21166581,0.21175006,0.21192202,0.0009131324,0.0014858608,0.6460703,0.3200769,0.03145392
472329782,472229343,0.66651964,0.0073121707,0.6656829,0.66637844,0.66655785,0.66649574,0.6660073,0.3229062,0.32247964,0.32237852,0.32239234,0.32270053,0.3166014,0.31610858,0.31597406,0.31607288,0.31636226,0.00091213366,0.0014855984,0.64610773,0.32006103,0.03143346
473329848,473229445,0.7517883,0.0073817405,0.7512712,0.75170094,0.7518122,0.7517731,0.75147104,0.30904627,0.308332,0.30815667,0.30819532,0.30870643,0.289839,0.28934035,0.28920487,0.28930458,0.2895974,0.0009112392,0.0014853667,0.64614445,0.32004383,0.031415176
473739921,473639487,0.7525314,0.0074083614,0.75201714,0.75244457,0.7525552,0.75251627,0.75221586,0.3770046,0.3763133,0.37614372,0.37618038,0.37667584,0.26917863,0.2686888,0.2685558,0.26865467,0.26894158,0.000910716,0.0014852285,0.64616364,0.32003593,0.031404376
475450065,475349664,3.0079389,3.7977512,-2.5132742,-1.2566371,0.0,1.2566371,2.5132742,0.0,0.0,0.0,0.0,0.0,0.0,0.0,0.0,0.0,0.0,0.2,0.2,0.2,0.2,0.2
476330163,476229756,0.78547925,3.7694604,-2.514245,-1.2569461,-0.000424463,1.2554795,2.511779,-0.013892469,0.033307217,0.048943333,0.011449477,-0.027397644,-0.05774621,-0.0588613,-0.014336233,0.014303705,-0.012501005,0.199684,0.19985434,0.20022608,0.2002854,0.1999501
477330290,477229861,-3.1092958,3.8891861,-2.5160546,-1.2602434,-0.0016948545,1.2569482,2.5129154,-0.009777334,0.073202334,0.09906614,0.03182571,-0.03534507,-0.07275704,-0.0729489,0.0060417783,0.054965667,0.006138688,0.20086944,0.19970928,0.19895245,0.19964154,0.20082726
478330376,478229966,-0.8363739,3.709591,-2.5132525,-1.2580162,-0.0041406914,1.252192,2.5114043,-0.092846096,0.0071753375,0.03860924,-0.04199309,-0.12339525,-0.054045483,-0.05447191,0.040440116,0.099802494,0.04134883,0.1998652,0.20112446,0.20082818,0.1993875,0.19879466
479330471,479230072,-0.271846,3.5971265,-2.5144358,-1.2576507,-0.0040773577,1.2505192,2.5089607,-0.020061105,0.086820774,0.121080086,0.035857137,-0.05174819,-0.0538387,-0.055072002,0.045838967,0.10992924,0.048513927,0.19910014,0.20079163,0.20139076,0.20006447,0.19865307
480330574,480230179,-0.22279721,3.5663013,-2.5149193,-1.2579277,-0.0047481363,1.2493975,2.5079548,-0.03949074,0.06132991,0.096907124,0.018487992,-0.066163965,-0.07128801,-0.07585871,0.018290503,0.08152766,0.026311435,0.19889447,0.20084542,0.20163062,0.20015734,0.1984722
481330685,481230286,-0.5565573,3.8194733,-2.5152726,-1.2594705,-0.0063864384,1.2488892,2.5082436,-0.039828014,0.05297233,0.08604037,0.013913425,-0.064193174,-0.0536405,-0.05812443,0.028502189,0.086997345,0.036269303,0.1993962,0.2012052,0.20134816,0.19962506,0.19842553
482330814,482230394,-0.45320252,3.716839,-2.5168586,-1.2606163,-0.0069252294,1.2482879,2.5069945,-0.03121392,0.051381793,0.078378044,0.012648161,-0.055318326,-0.055014644,-0.056464195,0.021454051,0.07141779,0.0241809,0.19936812,0.20091566,0.20119807,0.19982144,0.19869669
483330916,483230502,-0.47776303,3.7273648,-2.5164008,-1.2604614,-0.008243166,1.2463567,2.5061617,-0.052070063,0.017539617,0.039875787,-0.015830256,-0.07293472,-0.09819925,-0.098896205,-0.033092193,0.008735843,-0.031552706,0.19908969,0.20141438,0.20178464,0.19968249,0.19802889
484330992,484230612,-0.37823403,3.6352284,-2.5158799,-1.2595735,-0.008418512,1.245152,2.5053868,-0.10354779,-0.04774493,-0.0336117,-0.08049452,-0.12393333,-0.0172369,-0.013880931,0.040047526,0.07035368,0.0349728,0.19862027,0.20161091,0.20237786,0.19984768,0.19754317
485331096,485230721,-0.17532972,3.4663744,-2.6442833,-1.3848509,-0.13691624,1.1115158,2.3717818,-0.27134126,-0.14829493,-0.063368514,-0.13302866,-0.26173478,-0.0063195974,-0.055914454,0.04538685,0.15762888,0.12616765,0.19623138,0.20163965,0.20481278,0.20129074,0.19602539
486331242,486230831,0.64570487,3.0453246,-2.5137906,-1.1617664,0.059321802,1.201355,2.418615,0.8106619,0.60340935,0.023631543,-0.1469791,0.30563986,-0.26256981,0.31427044,0.28477845,-0.24806957,-0.6088805,0.14421989,0.17868997,0.24762005,0.24898927,0.18048088
487331446,487230942,1.2307212,0.5254923,-1.8878794,-0.16674443,0.87403077,1.6190172,2.667732,2.267615,1.2341244,0.04516852,-0.054152846,0.887033,-0.60192674,0.8075396,0.21793675,-0.8019066,-1.6129891,0.0046976223,0.04781739,0.46416795,0.44038278,0.042934213
488331459,488231054,1.6677988,0.14410682,-1.5495206,0.5271919,1.4121866,1.8972133,2.7435684,2.4137297,0.36213434,-0.32799208,-0.2350657,0.63149047,0.43308645,1.5997869,0.4837195,-0.23931631,-1.14057,0.00010430917,0.001059102,0.4736005,0.523311,0.0019250314
489331561,489231166,2.1492834,0.095768265,-1.2777985,0.9562904,1.8398339,2.2895083,3.0368028,1.6983308,-0.24013829,-1.1658996,-1.2176315,-0.7423756,-0.31525785,1.6784935,0.65543914,-0.015870526,-1.1047137,0.00016137741,0.00016137741,0.3151896,0.6838228,0.00066486676
490331680,490231278,2.0690038,0.06951995,-1.4622024,0.8244164,1.7048311,2.1605577,2.8782408,1.8125817,-0.30697095,-1.2206833,-1.2403748,-0.6989763,-0.26969138,1.734407,0.65399444,-0.069599986,-1.1056737,0.00016098664,0.00016098664,0.20444506,0.794909,0.00032398675
491331822,491231391,2.126224,0.052667916,-1.4758565,0.8196206,1.7141771,2.1850646,2.9006088,1.6041318,-0.43420732,-1.3073739,-1.3126355,-0.7610816,-0.31767258,1.5889071,0.55191576,-0.16301593,-1.1069977,0.00016951779,0.00016951779,0.12823947,0.8711073,0.00031415714
492331916,492231505,2.149471,0.044658236,-1.4824598,0.79380393,1.705673,2.1932554,2.9203827,1.1754781,-0.4886955,-1.3762025,-1.4410828,-0.99290884,-0.44496554,1.4417354,0.584578,-0.077821255,-0.96493614,0.00031705844,0.00020254952,0.092940606,0.9061185,0.0004212368
493332031,493231620,2.1993353,0.058882236,-1.4289178,0.80925804,1.7367702,2.2410355,2.9875445,0.9568691,-0.68739665,-1.4862796,-1.5104231,-1.0124172,-0.42811275,1.2152656,0.37024337,-0.27145272,-1.0716565,0.002575602,0.00039344467,0.087679446,0.9087523,0.0005991834
494332229,494231735,2.330846,0.24921684,-1.2917261,0.9083782,1.8479478,2.3659387,3.1309173,0.8291074,-0.6448331,-1.4582268,-1.5144459,-1.0533314,-0.4030433,1.2104739,0.45217127,-0.17096186,-0.959968,0.02910163,0.0010508413,0.09409022,0.87496626,0.0007910574
495332305,495231850,2.7795517,1.1159757,-0.9161118,1.2601182,2.2072244,2.734314,-2.7725275,0.98524153,-0.41048586,-1.2306999,-1.2983837,-0.84524,-0.63448936,0.9543282,0.23312214,-0.3842098,-1.164457,0.15886982,0.0020393012,0.089094065,0.749133,0.00086382375
496212347,496111952,-1.1054131,2.0165803,-0.743132,1.3998522,2.3541722,2.8913493,-2.6005626,0.15537429,-0.778015,-1.4839895,-1.5949743,-1.3056713,-0.5787041,0.76381105,0.28425404,-0.19266975,-0.8450376,0.6583504,0.0032037916,0.045904327,0.29212785,0.0004136474
498062640,497962168,3.0079389,3.7977512,-2.5132742,-1.2566371,0.0,1.2566371,2.5132742,0.0,0.0,0.0,0.0,0.0,0.0,0.0,0.0,0.0,0.0,0.2,0.2,0.2,0.2,0.2
498332613,498232200,-3.1243591,3.7071095,-2.7216437,-1.4655678,-0.20791559,1.0499117,2.3062675,0.008190736,0.038451746,-0.003764391,-0.060136586,-0.05274144,0.1410586,0.1952844,0.24083069,0.21475017,0.15307617,0.20058253,0.19997159,0.19940044,0.19965734,0.20038812
499332722,499232318,0.20700188,3.2649848,2.7634861,-2.2192261,-0.9515153,0.2685022,1.4908906,0.22618575,-0.21102709,-0.24576733,0.15439296,0.44169998,0.5747028,0.47976342,0.03742654,-0.12863465,0.19178794,0.182878,0.18437985,0.2073456,0.2206889,0.20470768
500332898,500232436,0.2187567,2.5964005,2.6922693,-2.1979496,-0.9075685,0.23989967,1.3918861,-0.13437577,-0.9673214,-0.8094963,-0.01917293,0.42801076,0.89475465,0.4985907,-0.35154155,-0.49300665,0.19671571,0.14338766,0.14485888,0.21987645,0.27503496,0.21684201
501333018,501232555,0.38587907,1.898829,2.6641133,-2.1576967,-0.83099866,0.27937213,1.369712,0.13970435,-1.0246763,-0.4685418,0.65633535,1.0651269,1.1442531,0.32724428,-0.8693709,-0.7644488,0.25943735,0.106241584,0.094280735,0.2081047,0.34598053,0.24539244
502333089,502232675,0.55397713,1.4833373,2.6405518,-2.1645951,-0.8089196,0.30202276,1.3695085,-0.10003078,-1.4449453,-0.56737286,0.79200494,1.1539195,1.2217503,0.039354883,-1.3592852,-1.0623723,0.2432476,0.08963303,0.060200877,0.16991597,0.39112985,0.2891202
503333222,503232795,0.5215582,1.2000356,2.6395993,-2.1550264,-0.8022245,0.29896122,1.362534,-0.043307673,-1.4365392,-0.3962555,1.0533274,1.3527236,1.5510978,0.20389584,-1.2640972,-0.8492599,0.5751034,0.067225926,0.04334487,0.16243717,0.43712458,0.28986752
504333310,504232916,0.5257016,1.1501354,2.6451044,-2.1558266,-0.80613244,0.29843074,1.3675202,-0.11227,-1.4598923,-0.3842413,1.0576859,1.3219782,1.4846193,0.094796464,-1.3402163,-0.89306724,0.54952294,0.06433856,0.0407066,0.15898469,0.4440843,0.29188588
505333527,505233037,0.41215706,1.0574551,2.654059,-2.143062,-0.80254185,0.2952011,1.3666573,0.0054493695,-1.2234961,-0.2003205,1.123635,1.3552082,1.4131801,0.09286055,-1.2130991,-0.78161585,0.55901045,0.049962107,0.03871812,0.18205766,0.47405988,0.2552022
506333573,506233159,0.47367004,0.9390985,2.6470437,-2.145711,-0.79795957,0.29944873,1.3651543,-0.09555862,-1.2502224,-0.30321127,0.92939895,1.1514729,1.2731752,0.05292952,-1.1693213,-0.7735413,0.46954268,0.044673927,0.029161371,0.15764159,0.4935485,0.2749746
507333802,507233281,0.36022952,0.85977334,2.5981982,-2.1900413,-0.8457306,0.24685097,1.3115932,-0.2383391,-1.2984755,-0.38373297,0.76554304,0.9563972,1.160063,-0.01749399,-1.1427904,-0.751593,0.42362332,0.03532877,0.026043458,0.16866566,0.5203896,0.24957252
507913842,507813353,0.43257114,0.78125435,2.5966353,-2.1866024,-0.83554715,0.2534268,1.3130023,-0.31722862,-1.2466211,-0.4385792,0.5630624,0.72618604,0.83809066,-0.19596425,-1.1788844,-0.83049214,0.19416866,0.033119667,0.01968464,0.14125556,0.5311775,0.27476263
