timestamp,timestamp_sample,baro_device_id,baro_alt_meter,baro_temp_celcius,baro_pressure_pa,rho,calibration_count
217459040,217436756,4028193,10.495293,40.239998,101199.0,1.1533802,0
217502333,217487289,4028193,10.384316,40.239998,101200.336,1.1533953,0
217621572,217602861,4028193,10.495293,40.239998,101199.0,1.1533802,0
217853749,217820094,4028193,10.545497,40.25,101198.4,1.1533732,0
217994318,217979226,4028193,10.495293,40.25,101199.0,1.1533802,0
218225134,218202872,4028193,10.474155,40.26,101199.25,1.1533829,0
218442156,218419702,4028193,10.28655,40.265,101201.5,1.1534085,0
218585998,218585308,4028193,10.410739,40.27,101200.0,1.1533915,0
218803223,218797214,4028193,10.53757,40.27,101198.5,1.1533744,0
219020787,219020177,4028193,10.495293,40.28,101199.0,1.1533802,0
219237111,219236502,4028193,10.410739,40.28,101200.0,1.1533915,0
219453592,219452915,4028193,10.743671,40.29,101196.0,1.1533458,0
219658992,219618767,4028193,10.439805,40.295002,101199.664,1.1533877,0
219781148,219780539,4028193,10.91278,40.3,101194.0,1.153323,0
220001968,220001343,4028193,10.495293,40.3,101199.0,1.1533802,0
220218348,220217740,4028193,10.743671,40.309998,101196.0,1.1533458,0
220434425,220433815,4028193,10.495293,40.32,101199.0,1.1533802,0
220628693,220606476,4028193,10.53757,40.3,101198.5,1.1533744,0
220827280,220807735,4028193,10.579848,40.3125,101198.0,1.1533687,0
221043727,221016123,4028193,10.64062,40.32,101197.25,1.1533601,0
221206373,221187761,4028193,10.743671,40.329998,101196.0,1.1533458,0
221433009,221414398,4028193,10.466228,40.329998,101199.336,1.1533839,0
221649614,221630933,4028193,10.632694,40.34,101197.336,1.1533611,0
221822674,221789589,4028193,10.762167,40.346,101195.8,1.1533436,0
222038804,222005697,4028193,10.611555,40.35,101197.6,1.1533641,0
222244143,222225526,4028193,11.05018,40.34,101192.336,1.1533041,0
222460476,222441791,4028193,10.466228,40.353333,101199.336,1.1533839,0
222630000,222603434,4028193,10.595701,40.36,101197.8,1.1533663,0
222782280,222770847,4028193,10.619483,40.37,101197.5,1.153363,0
222998576,222987168,4028193,11.412179,40.37,101188.0,1.1532546,0
223214745,223203267,4028193,11.620921,40.379997,101185.5,1.1532263,0
223430822,223419412,4028193,10.743671,40.379997,101196.0,1.1533458,0
223647279,223635817,4028193,11.079246,40.39,101192.0,1.1529317,0
223819812,223794095,4028193,11.356689,40.37,101188.664,1.1528937,0
224036162,224013908,4028193,11.327623,40.379997,101189.0,1.1528975,0
224252312,224230051,4028193,10.891641,40.394997,101194.25,1.1529573,0
224414499,224395891,4028193,11.412179,40.399998,101188.0,1.152886,0
224630659,224611996,4028193,11.607709,40.41,101185.664,1.1528594,0
224846930,224828322,4028193,11.634132,40.41,101185.336,1.1528558,0
225008758,224990120,4028193,10.965627,40.399998,101193.336,1.1529468,0
225214075,225198953,4028193,11.301201,40.399998,101189.336,1.1529013,0
225429930,225418509,4028193,11.7451105,40.41,101184.0,1.1528405,0
225646618,225635122,4028193,11.911576,40.425,101182.0,1.1528177,0
225830421,225793810,4028193,12.022554,40.425,101180.664,1.1528025,0
226057289,226013286,4028193,12.0067005,40.427143,101180.86,1.1528047,0
226176165,226175556,4028193,11.829664,40.44,101183.0,1.1528292,0
226392291,226391682,4028193,12.24451,40.44,101178.0,1.1527722,0
226608556,226607920,4028193,12.49553,40.45,101175.0,1.1527379,0
226824463,226823854,4028193,11.660556,40.44,101185.0,1.1528519,0
227040853,227040244,4028193,13.496968,40.45,101163.0,1.1526012,0
227257341,227256733,4028193,13.9963665,40.46,101157.0,1.1525328,0
227462618,227422399,4028193,13.216883,40.459995,101166.336,1.1526393,0
227660569,227638335,4028193,13.288225,40.46,101165.5,1.1526297,0
227823424,227804773,4028193,13.552458,40.469997,101162.336,1.1525936,0
228040734,228022126,4028193,13.829901,40.48,101159.0,1.1525556,0
228191392,228190783,4028193,14.329299,40.45,101153.0,1.1524874,0
228407670,228407059,4028193,14.828697,40.48,101147.0,1.152419,0
228637813,228637204,4028193,15.412649,40.469997,101140.0,1.1523392,0
228846544,228813476,4028193,15.108783,40.48,101143.664,1.152381,0
228990591,228989983,4028193,14.413854,40.48,101152.0,1.1524758,0
229236100,229235486,4028193,15.246184,40.5,101142.0,1.152362,0
229452954,229452344,4028193,16.081158,40.5,101132.0,1.152248,0
229659572,229615559,4028193,15.211834,40.50714,101142.43,1.1523669,0
229792563,229791953,4028193,15.996603,40.5,101133.0,1.1522595,0
230009489,230008796,4028193,15.996603,40.51,101133.0,1.1522595,0
230226550,230225941,4028193,16.329535,40.52,101129.0,1.1522138,0
230442842,230442232,4028193,17.079952,40.53,101120.0,1.1521113,0
230656364,230655755,4028193,17.164509,40.53,101119.0,1.1521,0
230861208,230823037,4028193,15.872414,40.519997,101134.5,1.1522765,0
230991020,230990412,4028193,16.41409,40.52,101128.0,1.1522025,0
231228520,231217111,4028193,16.66511,40.525,101125.0,1.1521683,0
231444621,231433194,4028193,16.913488,40.54,101122.0,1.1521341,0
231628750,231592047,4028193,17.468374,40.543335,101115.336,1.1520582,0
231779788,231779179,4028193,17.74846,40.53,101112.0,1.1520202,0
231996100,231995491,4028193,18.498878,40.55,101103.0,1.1519177,0
232212668,232212059,4028193,18.165947,40.559998,101107.0,1.1519631,0
232428817,232428209,4028193,18.583433,40.57,101102.0,1.1519063,0
232655574,232654956,4028193,17.41553,40.559998,101116.0,1.1520658,0
232850226,232817174,4028193,18.485668,40.570004,101103.164,1.1519195,0
232979970,232979345,4028193,18.414324,40.579998,101104.0,1.151929,0
233196280,233195672,4028193,19.415766,40.579998,101092.0,1.1514242,0
233412624,233412011,4028193,18.414324,40.59,101104.0,1.1515609,0
233628912,233628304,4028193,18.414324,40.59,101104.0,1.1515609,0
233845125,233844515,4028193,18.498878,40.6,101103.0,1.1515496,0
233953281,233952672,4028193,20.33529,40.59,101081.0,1.151299,0
234184355,234183731,4028193,18.665344,40.6,101101.0,1.1515268,0
234400909,234400299,4028193,19.999716,40.61,101085.0,1.1513445,0
234618227,234617619,4028193,20.250736,40.61,101082.0,1.1513103,0
234834610,234834000,4028193,20.417204,40.62,101080.0,1.1512876,0
235050814,235050205,4028193,20.250736,40.62,101082.0,1.1513103,0
235245773,235212628,4028193,20.514969,40.63,101078.836,1.1512743,0
235375776,235375166,4028193,21.167622,40.629997,101071.0,1.1511852,0
235602279,235601671,4028193,22.002594,40.62,101061.0,1.1510712,0
235818647,235818039,4028193,21.334087,40.629997,101069.0,1.1511623,0
236049879,236034574,4028193,22.169062,40.629997,101059.0,1.1510484,0
236237007,236200392,4028193,23.323755,40.64333,101045.164,1.1508908,0
236453407,236416640,4028193,23.878641,40.65333,101038.5,1.1508149,0
236583393,236582786,4028193,24.755892,40.66,101028.0,1.1506953,0
236800119,236799410,4028193,24.005474,40.66,101037.0,1.1507978,0
237026750,237015340,4028193,25.173378,40.655,101023.0,1.1506383,0
237253248,237233638,4028193,26.174816,40.647495,101011.0,1.1505016,0
237458581,237443573,4028193,27.091703,40.666668,101000.0,1.1503764,0
237646803,237609961,4028193,26.663647,40.67,101005.164,1.1504352,0
237861124,237834589,4028193,27.710005,40.67,100992.6,1.1502922,0
238014133,238002682,4028193,27.802486,40.68,100991.5,1.1502796,0
238230471,238219036,4028193,29.3456,40.69,100973.0,1.1500689,0
238446680,238435239,4028193,30.39196,40.69,100960.5,1.1499265,0
238662789,238651380,4028193,29.387878,40.7,100972.5,1.1496959,0
238846759,238810129,4028193,31.853163,40.701664,100943.0,1.1497271,0
238976386,238975778,4028193,30.682615,40.7,100957.0,1.1498866,0
239192822,239192140,4028193,30.933636,40.71,100954.0,1.1494852,0
239409093,239408484,4028193,31.684053,40.719997,100945.0,1.1493828,0
239629139,239628530,4028193,33.272087,40.71,100926.0,1.1491665,0
239845756,239845128,4028193,32.437115,40.719997,100936.0,1.1492803,0
240062896,240062274,4028193,32.939156,40.73,100930.0,1.149212,0
240257907,240224757,4028193,35.623753,40.73,100897.836,1.1488458,0
240387377,240386770,4028193,35.695095,40.719997,100897.0,1.1488363,0
240603774,240603166,4028193,36.194492,40.739998,100891.0,1.148768,0
240820392,240819766,4028193,34.35808,40.739998,100913.0,1.1490184,0
241036893,241036284,4028193,38.6175,40.739998,100862.0,1.1484377,0
241253008,241252369,4028193,36.863,40.75,100883.0,1.1486769,0
241458610,241418337,4028193,37.40732,40.756664,100876.5,1.1486028,0
241588280,241576840,4028193,39.788048,40.76,100848.0,1.1482784,0
241834510,241815634,4028193,39.579308,40.754997,100850.5,1.1483068,0
242050966,242032343,4028193,40.43013,40.766666,100840.336,1.1481911,0
242223962,242190886,4028193,40.490906,40.77,100839.6,1.1481827,0
242440345,242407303,4028193,41.310024,40.774002,100829.8,1.148071,0
242638216,242618517,4028193,41.849056,40.78,100823.336,1.1479975,0
242855368,242833158,4028193,41.66938,40.785,100825.5,1.1480222,0
242990141,242989533,4028193,43.55071,40.78,100803.0,1.1477659,0
243206803,243206176,4028193,41.793568,40.79,100824.0,1.148005,0
243424835,243424227,4028193,43.29969,40.8,100806.0,1.1478001,0
243641530,243640919,4028193,43.717175,40.8,100801.0,1.1477431,0
243857940,243857332,4028193,46.142826,40.809998,100772.0,1.1474129,0
244052549,244019508,4028193,47.131054,40.809998,100760.164,1.1472782,0
244182409,244181800,4028193,49.070515,40.809998,100737.0,1.1466482,0
244398681,244398072,4028193,49.070515,40.82,100737.0,1.1470145,0
244614896,244614275,4028193,46.811337,40.82,100764.0,1.1473218,0
244831315,244830690,4028193,48.063793,40.829998,100749.0,1.1467848,0
245047490,245046868,4028193,47.73086,40.829998,100753.0,1.1468303,0
245257499,245256890,4028193,49.99004,40.84,100726.0,1.1468892,0
245453863,245420510,4028193,49.667683,40.84,100729.836,1.1469328,0
245583578,245582944,4028193,50.576637,40.85,100719.0,1.1464432,0
245799823,245799215,4028193,51.245144,40.85,100711.0,1.1463522,0
246015946,246015279,4028193,52.917736,40.85,100691.0,1.1461245,0
246232501,246231889,4028193,49.739025,40.86,100729.0,1.1465572,0
246448627,246448015,4028193,52.83318,40.86,100692.0,1.146136,0
246654346,246610339,4028193,52.989075,40.860004,100690.14,1.1461147,0
246773281,246772672,4028193,54.090923,40.86,100677.0,1.1459652,0
246989446,246988838,4028193,55.76351,40.87,100657.0,1.1457375,0
247206010,247205375,4028193,54.090923,40.879997,100677.0,1.1459652,0
247422383,247421774,4028193,56.01453,40.879997,100654.0,1.1457033,0
247638612,247637911,4028193,55.929977,40.89,100655.0,1.1457149,0
247836548,247799349,4028193,56.801945,40.89,100644.6,1.1455965,0
248053337,248016670,4028193,56.780804,40.89,100644.836,1.1455991,0
248185020,248184413,4028193,57.771675,40.89,100633.0,1.1454644,0
248401182,248400540,4028193,58.022694,40.899998,100630.0,1.1454302,0
248617847,248617238,4028193,57.940784,40.899998,100631.0,1.1454415,0
248834306,248833697,4028193,58.273716,40.91,100627.0,1.1453961,0
249028794,249006561,4028193,58.400547,40.894997,100625.5,1.1453791,0
249245137,249222879,4028193,58.860313,40.91,100620.0,1.1453164,0
249453321,249452703,4028193,57.940784,40.899998,100631.0,1.1454415,0
249648172,249614811,4028193,58.693848,40.905003,100622.0,1.1453391,0
249778493,249777884,4028193,59.362354,40.92,100614.0,1.145248,0
249995212,249994603,4028193,59.02942,40.93,100618.0,1.1452937,0
250211352,250210671,4028193,58.358273,40.94,100626.0,1.1453848,0
250428018,250427411,4028193,59.697926,40.94,100610.0,1.1452026,0
250644554,250643945,4028193,59.613373,40.94,100611.0,1.145214,0
250860699,250860074,4028193,59.111332,40.94,100617.0,1.1452823,0
250979501,250968064,4028193,59.822117,40.945,100608.5,1.1451855,0
251195319,251194711,4028193,60.199966,40.94,100604.0,1.1451343,0
251411463,251410777,4028193,59.948944,40.95,100607.0,1.1451684,0
251628166,251627557,4028193,59.78248,40.96,100609.0,1.1451912,0
251848580,251847971,4028193,59.78248,40.96,100609.0,1.1451912,0
252043602,252010583,4028193,60.48005,40.965,100600.664,1.1447309,0
252260141,252227124,4028193,60.213177,40.969997,100603.836,1.1447669,0
252389860,252389251,4028193,60.0335,40.98,100606.0,1.1447916,0
252606566,252605914,4028193,60.78656,40.98,100597.0,1.1446892,0
252822885,252822276,4028193,59.948944,40.98,100607.0,1.1448029,0
253039110,253038472,4028193,59.362354,40.989998,100614.0,1.1448826,0
253262050,253198213,4028193,60.63331,40.996666,100598.836,1.1447101,0
253391774,253391165,4028193,61.373158,40.989998,100590.0,1.1446096,0
253608879,253608271,4028193,60.95567,40.989998,100595.0,1.1446664,0
253825285,253824676,4028193,59.613373,41.0,100611.0,1.1448485,0
254041710,254041009,4028193,59.948944,41.01,100607.0,1.1448029,0
254257565,254220826,4028193,60.857903,41.0,100596.164,1.1446797,0
254401517,254400909,4028193,61.624176,41.0,100587.0,1.1445754,0
254630281,254629672,4028193,61.20669,40.989998,100592.0,1.1446322,0
254847141,254846485,4028193,60.95567,41.02,100595.0,1.1446664,0
255055803,255010996,4028193,61.48413,41.024998,100588.664,1.1445943,0
255186523,255185915,4028193,60.0335,41.03,100606.0,1.1447916,0
255404332,255403642,4028193,61.539623,41.03,100588.0,1.1445868,0
255620534,255619925,4028193,61.539623,41.04,100588.0,1.1445868,0
255836764,255836155,4028193,61.79064,41.04,100585.0,1.1445526,0
256056283,256055675,4028193,61.708733,41.04,100586.0,1.144564,0
256175682,256164273,4028193,61.2886,41.045,100591.0,1.1446209,0
256458163,256431385,4028193,61.507915,41.056,100588.4,1.1445913,0
256609448,256597974,4028193,61.164413,41.055,100592.5,1.144638,0
256825724,256814294,4028193,61.2886,41.065,100591.0,1.1446209,0
257041912,257030477,4028193,62.044304,41.07,100582.0,1.1445185,0
257258130,257246715,4028193,62.25305,41.07,100579.5,1.14449,0
257442034,257405257,4028193,61.75101,41.076664,100585.5,1.1445583,0
257658681,257621960,4028193,61.233112,41.079998,100591.664,1.1446285,0
257788723,257788114,4028193,61.2886,41.079998,100591.0,1.1446209,0
258015575,258014967,4028193,61.037582,41.079998,100594.0,1.144655,0
258231298,258230690,4028193,61.2886,41.079998,100591.0,1.1446209,0
258447967,258447357,4028193,59.948944,41.09,100607.0,1.1448029,0
258642994,258609835,4028193,60.93982,41.100002,100595.164,1.1446682,0
258859611,258826507,4028193,61.27539,41.100002,100591.164,1.1446228,0
258989365,258988757,4028193,59.948944,41.1,100607.0,1.1448029,0
259205541,259204931,4028193,63.048386,41.11,100570.0,1.1443819,0
259421705,259421097,4028193,60.95567,41.11,100595.0,1.1446664,0
259638106,259637496,4028193,62.712814,41.11,100574.0,1.1444275,0
259854769,259854103,4028193,59.867035,41.12,100608.0,1.1448144,0
260060604,260016636,4028193,60.96624,41.12,100594.86,1.1446648,0
260179792,260179114,4028193,60.78656,41.129997,100597.0,1.1446892,0
260396098,260395489,4028193,61.624176,41.129997,100587.0,1.1445754,0
260612338,260611672,4028193,61.373158,41.14,100590.0,1.1446096,0
260828982,260828373,4028193,61.624176,41.14,100587.0,1.1445754,0
261045164,261044556,4028193,62.546345,41.149998,100576.0,1.1444502,0
261261369,261260760,4028193,62.461792,41.149998,100577.0,1.1444616,0
261456006,261422987,4028193,60.757496,41.149998,100597.336,1.144693,0
261596144,261595534,4028193,61.20669,41.14,100592.0,1.1446322,0
261812452,261811770,4028193,60.199966,41.149998,100604.0,1.1447688,0
262029100,262028492,4028193,60.28452,41.16,100603.0,1.1447575,0
262245579,262244969,4028193,60.78656,41.17,100597.0,1.1446892,0
262461686,262461077,4028193,59.446903,41.17,100613.0,1.1448712,0
262656428,262623330,4028193,60.93982,41.17,100595.164,1.1446682,0
262786436,262785827,4028193,60.620094,41.17,100599.0,1.144712,0
263002628,263002003,4028193,60.118053,41.18,100605.0,1.1447803,0
263229582,263228973,4028193,61.122135,41.16,100593.0,1.1446437,0
263445928,263445319,4028193,60.450985,41.18,100601.0,1.1447346,0
263651764,263611434,4028193,61.177628,41.18667,100592.336,1.144636,0
263781778,263770327,4028193,62.25305,41.19,100579.5,1.14449,0
263998493,263987027,4028193,61.373158,41.195,100590.0,1.1446096,0
264214793,264203378,4028193,61.95975,41.2,100583.0,1.1445299,0
264431009,264419571,4028193,62.044304,41.205,100582.0,1.1445185,0
264647417,264636008,4028193,62.044304,41.21,100582.0,1.1445185,0
264831090,264794443,4028193,64.12381,41.209995,100557.164,1.1442358,0
265047477,265010772,4028193,60.493263,41.213333,100600.5,1.144729,0
265177281,265176672,4028193,64.97464,41.219997,100547.0,1.1441202,0
265393391,265392782,4028193,61.373158,41.219997,100590.0,1.1446096,0
265609535,265608926,4028193,64.137024,41.23,100557.0,1.144234,0
265825939,265825330,4028193,67.15455,41.23,100521.0,1.1438245,0
266042352,266041744,4028193,61.95975,41.23,100583.0,1.1445299,0
266258708,266258098,4028193,61.373158,41.239998,100590.0,1.1446096,0
266453098,266430888,4028193,62.210773,41.225,100580.0,1.1444957,0
266629558,266601440,4028193,62.601833,41.236664,100575.336,1.1444427,0
266826031,266806227,4028193,63.193718,41.239998,100568.25,1.144362,0
267032391,267010171,4028193,63.949417,41.25,100559.25,1.144625,0
267248826,267226504,4028193,64.78703,41.25,100549.25,1.1445111,0
267411104,267392415,4028193,63.996983,41.256664,100558.664,1.1446182,0
267627397,267608788,4028193,64.27707,41.26,100555.336,1.1445804,0
267843866,267825218,4028193,64.808174,41.263332,100549.0,1.1445082,0
268060280,268041632,4028193,65.73034,41.27,100538.0,1.1443831,0
268233314,268200271,4028193,64.97464,41.27,100547.0,1.1444855,0
268449721,268416609,4028193,64.808174,41.28,100549.0,1.1445082,0
268590630,268575520,4028193,64.137024,41.28,100557.0,1.1445993,0
268807283,268792214,4028193,64.107956,41.28,100557.336,1.1449687,0
269023381,269008340,4028193,63.524006,41.29,100564.336,1.1450485,0
269239560,269224513,4028193,67.432,41.286667,100517.664,1.1445171,0
269383958,269383349,4028193,69.6674,41.29,100491.0,1.1442134,0
269600592,269594568,4028193,68.20091,41.3,100508.5,1.1444128,0
269817208,269816599,4028193,65.896805,41.29,100536.0,1.1447259,0
270047421,270032400,4028193,67.26553,41.3,100519.664,1.1445398,0
270220787,270198536,4028193,65.791115,41.305,100537.25,1.14474,0
270438084,270415632,4028193,65.60351,41.305,100539.5,1.1447656,0
270654155,270631927,4028193,64.366905,41.309998,100554.25,1.1449337,0
270816522,270797898,4028193,62.797367,41.32,100573.0,1.1455129,0
271032757,271014140,4028193,66.874466,41.32,100524.336,1.1449586,0
271248986,271230350,4028193,66.34336,41.32,100530.664,1.1450307,0
271422010,271388952,4028193,65.54538,41.32,100540.2,1.1451393,0
271638381,271605242,4028193,63.61649,41.328,100563.2,1.1454012,0
271854527,271821516,4028193,62.696957,41.329998,100574.2,1.1455266,0
271995018,271979988,4028193,63.410385,41.336666,100565.664,1.1454294,0
272211346,272196302,4028193,62.601833,41.336666,100575.336,1.1455395,0
272427536,272412505,4028193,64.081535,41.34,100557.664,1.1457043,0
272643682,272628672,4028193,61.539623,41.333332,100588.0,1.14605,0
272859752,272844741,4028193,64.248,41.343334,100555.664,1.1456815,0
273032651,273010404,4028193,63.1118,41.35,100569.25,1.1458364,0
273248891,273226607,4028193,63.048386,41.345,100570.0,1.1458448,0
273410972,273392340,4028193,63.49494,41.35,100564.664,1.145784,0
273626980,273608372,4028193,63.103874,41.35,100569.336,1.1458373,0
273857762,273824682,4028193,62.696957,41.351997,100574.2,1.1458927,0
273998987,273983944,4028193,60.424564,41.36,100601.336,1.146202,0
274215563,274200555,4028193,63.24392,41.36,100567.664,1.1458184,0
274431737,274416690,4028193,61.539623,41.366665,100588.0,1.1464164,0
274576476,274575831,4028193,65.47668,41.37,100541.0,1.1458807,0
274794624,274794012,4028193,58.191807,41.37,100628.0,1.1468723,0
275010751,275010141,4028193,62.546345,41.37,100576.0,1.1462797,0
275226948,275226340,4028193,64.05247,41.37,100558.0,1.1460745,0
275443124,275442516,4028193,61.8752,41.379997,100584.0,1.1463708,0
275659209,275658599,4028193,60.53554,41.379997,100600.0,1.1465532,0
275778034,275766615,4028193,61.415436,41.379997,100589.5,1.1464335,0
276004762,275993353,4028193,62.83964,41.379997,100572.5,1.1466062,0
276221024,276209615,4028193,60.28452,41.385,100603.0,1.146954,0
276437183,276425733,4028193,58.73612,41.39,100621.5,1.147165,0
276653198,276641790,4028193,59.53146,41.385,100612.0,1.1470566,0
276837116,276800460,4028193,61.48413,41.39,100588.664,1.1467905,0
277053356,277016735,4028193,61.359943,41.396664,100590.164,1.1468077,0
277183084,277182473,4028193,64.38805,41.399998,100554.0,1.1463953,0
277399192,277398582,4028193,64.808174,41.399998,100549.0,1.146705,0
277615412,277614790,4028193,66.64987,41.399998,100527.0,1.1464542,0
277824081,277823472,4028193,66.39885,41.399998,100530.0,1.1464884,0
278042202,278041585,4028193,58.860313,41.399998,100620.0,1.1475148,0
278259362,278258753,4028193,62.210773,41.41,100580.0,1.1470586,0
278367420,278366811,4028193,66.64987,41.41,100527.0,1.1464542,0
278583681,278583072,4028193,65.56123,41.41,100540.0,1.1466025,0
278799722,278799112,4028193,64.89008,41.42,100548.0,1.1470605,0
279029975,279011341,4028193,63.716896,41.42,100562.0,1.1472203,0
279247507,279228882,4028193,65.3657,41.42,100542.336,1.146996,0
279421414,279388396,4028193,64.38805,41.42,100554.0,1.147129,0
279637582,279604572,4028193,64.60735,41.42,100551.4,1.1470994,0
279853791,279820758,4028193,65.00899,41.427998,100546.6,1.1470447,0
279994225,279979215,4028193,64.27707,41.426666,100555.336,1.1471442,0
280220977,280201455,4028193,63.780308,41.4175,100561.25,1.1472117,0
280426374,280411364,4028193,63.18579,41.43,100568.336,1.1476599,0
280642490,280627478,4028193,63.80145,41.43,100561.0,1.1475762,0
280858818,280843802,4028193,60.48005,41.44,100600.664,1.1480289,0
281031728,281009492,4028193,63.4051,41.44,100565.75,1.1476303,0
281164644,281164034,4028193,60.871117,41.43,100596.0,1.1479756,0
281381281,281380672,4028193,59.948944,41.44,100607.0,1.1481011,0
281598697,281598057,4028193,61.624176,41.44,100587.0,1.1478728,0
281825206,281810196,4028193,59.72699,41.436665,100609.664,1.1481315,0
282041558,282026527,4028193,59.251373,41.446667,100615.336,1.1485639,0
282257789,282242699,4028193,61.344093,41.45,100590.336,1.1482785,0
282431114,282408835,4028193,61.645317,41.45,100586.75,1.1482376,0
282657709,282621086,4028193,59.166817,41.44833,100616.336,1.1485753,0
282787401,282786792,4028193,58.022694,41.45,100630.0,1.1487312,0
283003672,283003063,4028193,63.214855,41.46,100568.0,1.1480235,0
283220120,283219511,4028193,63.80145,41.46,100561.0,1.1479436,0
283436231,283435590,4028193,57.185078,41.46,100640.0,1.1488454,0
283608779,283593769,4028193,59.166817,41.453335,100616.336,1.1489433,0
283828334,283816882,4028193,59.48918,41.46,100612.5,1.1488994,0
284044856,284033411,4028193,62.25305,41.469997,100579.5,1.1485225,0
284229934,284192705,4028193,60.131268,41.469997,100604.836,1.1488119,0
284450444,284417340,4028193,59.17739,41.469997,100616.2,1.1489418,0
284635675,284629662,4028193,60.157692,41.46,100604.5,1.1488081,0
284851906,284851297,4028193,60.620094,41.469997,100599.0,1.1487453,0
285057178,285016946,4028193,58.162735,41.469997,100628.336,1.1490802,0
285186908,285175500,4028193,56.93406,41.469997,100643.0,1.1492476,0
285403067,285391613,4028193,59.15361,41.469997,100616.5,1.1489451,0
285619148,285607741,4028193,63.090664,41.475,100569.5,1.1484084,0
285835208,285823799,4028193,57.10317,41.48,100641.0,1.1492249,0
286051428,286039974,4028193,58.567013,41.48,100623.5,1.1493932,0
286234816,286198165,4028193,58.413757,41.47333,100625.336,1.1494142,0
286367963,286367355,4028193,61.539623,41.469997,100588.0,1.1489878,0
286585966,286585356,4028193,62.87928,41.48,100572.0,1.1488049,0
286802507,286801894,4028193,56.601128,41.48,100647.0,1.1496618,0
287029138,287014128,4028193,60.173546,41.48,100604.336,1.1491743,0
287245499,287230453,4028193,59.111332,41.486668,100617.0,1.1493189,0
287418349,287396139,4028193,58.25258,41.489998,100627.25,1.149436,0
287634400,287612182,4028193,58.818035,41.489998,100620.5,1.1497273,0
287850591,287828371,4028193,59.594875,41.495,100611.25,1.1496216,0
288012647,287994021,4028193,59.166817,41.489998,100616.336,1.1496798,0
288228947,288210278,4028193,58.05176,41.489998,100629.664,1.149832,0
288445028,288426396,4028193,59.475967,41.5,100612.664,1.1496378,0
288618157,288585027,4028193,58.79425,41.5,100620.8,1.1497307,0
288834279,288801260,4028193,58.778397,41.491997,100621.0,1.1497331,0
289050542,289017485,4028193,59.02942,41.5,100618.0,1.1500674,0
289194308,289182868,4028193,55.84807,41.489998,100656.0,1.1505017,0
289401211,289400602,4028193,62.295326,41.489998,100579.0,1.1496216,0
289617912,289617273,4028193,55.678955,41.489998,100658.0,1.1505246,0
289837990,289837379,4028193,61.95975,41.5,100583.0,1.1496674,0
290054519,290048492,4028193,59.362354,41.5,100614.0,1.1500217,0
290260756,290220462,4028193,59.85118,41.501667,100608.164,1.1499549,0
290458952,290436470,4028193,59.676785,41.5,100610.25,1.1499788,0
290621468,290602577,4028193,57.325123,41.506664,100638.336,1.1502999,0
290816857,290805429,4028193,59.753414,41.5,100609.336,1.1503371,0
290982799,290971087,4028193,56.474297,41.5,100648.5,1.150416,0
291199315,291187906,4028193,58.524734,41.51,100624.0,1.1505047,0
291416149,291404739,4028193,61.79064,41.51,100585.0,1.1500589,0
291571286,291556097,4028193,61.31767,41.51,100590.664,1.1501237,0
291791584,291780176,4028193,62.797367,41.504997,100573.0,1.1499218,0
292007747,291996338,4028193,60.157692,41.504997,100604.5,1.1502819,0
292223987,292212578,4028193,60.57782,41.51,100599.5,1.1502247,0
292440164,292428748,4028193,62.673176,41.51,100574.5,1.1499388,0
292656287,292644876,4028193,57.940784,41.515,100631.0,1.1505848,0
292840211,292803527,4028193,59.991222,41.51,100606.5,1.1503047,0
293056340,293019704,4028193,59.58695,41.518337,100611.336,1.15036,0
293189489,293188881,4028193,60.0335,41.51,100606.0,1.150299,0
293406973,293406343,4028193,58.273716,41.51,100627.0,1.1505392,0
293624030,293623421,4028193,61.539623,41.51,100588.0,1.1504623,0
293840127,293839519,4028193,55.597046,41.52,100659.0,1.1512742,0
294056352,294055743,4028193,56.099087,41.52,100653.0,1.1512057,0
294250847,294217790,4028193,60.255455,41.52,100603.336,1.1506376,0
294380586,294379978,4028193,56.601128,41.52,100647.0,1.1511371,0
294596707,294596098,4028193,61.539623,41.52,100588.0,1.1504623,0
294812830,294812222,4028193,57.185078,41.52,100640.0,1.151057,0
295029038,295028396,4028193,62.546345,41.52,100576.0,1.150325,0
295245431,295244793,4028193,63.46587,41.52,100565.0,1.150199,0
295450882,295407015,4028193,59.56581,41.52714,100611.57,1.1507318,0
295569734,295569126,4028193,59.446903,41.52,100613.0,1.1507481,0
295785998,295785368,4028193,57.35419,41.52,100638.0,1.1514034,0
296012598,295997583,4028193,58.638355,41.52,100622.664,1.151228,0
296228764,296213755,4028193,58.60929,41.52,100623.0,1.1512318,0
296444774,296429764,4028193,58.30278,41.52667,100626.664,1.1512737,0
296660893,296645854,4028193,59.02942,41.523335,100618.0,1.1511747,0
296833891,296811616,4028193,59.92781,41.525,100607.25,1.1510516,0
297050032,297027772,4028193,59.719063,41.52,100609.75,1.1510803,0
297212219,297193582,4028193,58.973927,41.53,100618.664,1.1511822,0
297428420,297409811,4028193,58.638355,41.52,100622.664,1.151228,0
297622664,297622055,4028193,55.76351,41.51,100657.0,1.1516209,0
297839122,297838512,4028193,57.940784,41.53,100631.0,1.151693,0
298055344,298054736,4028193,59.280437,41.52,100615.0,1.1515099,0
298260809,298220525,4028193,60.07578,41.525,100605.5,1.1514012,0
298390493,298379080,4028193,60.57782,41.53,100599.5,1.1513325,0
298606569,298595161,4028193,63.96791,41.53,100559.0,1.150869,0
298822627,298811216,4028193,64.51488,41.53,100552.5,1.1507946,0
299038996,299027579,4028193,63.716896,41.52,100562.0,1.1509033,0
299244012,299237997,4028193,60.662373,41.52,100598.5,1.151321,0
299438445,299405421,4028193,61.373158,41.528,100590.0,1.1512238,0
299654785,299621762,4028193,57.99099,41.53,100630.4,1.1516862,0
299795322,299780300,4028193,61.2886,41.523335,100591.0,1.1512352,0
300011531,299996486,4028193,60.506474,41.53,100600.336,1.1513422,0
300227711,300212688,4028193,60.702007,41.53,100598.0,1.1513153,0
300443809,300428759,4028193,59.50239,41.52667,100612.336,1.1514794,0
300660082,300645037,4028193,61.95975,41.53,100583.0,1.1511437,0
300832981,300810752,4028193,60.5144,41.53,100600.25,1.1517109,0
301049171,301026937,4028193,60.429848,41.53,100601.25,1.1517223,0
301211210,301192601,4028193,59.19589,41.53,100616.0,1.1518911,0
301427463,301408833,4028193,60.89754,41.53,100595.664,1.1516583,0
301643639,301625007,4028193,62.82643,41.53,100572.664,1.151395,0
301859770,301841161,4028193,61.764217,41.53,100585.336,1.1515402,0
302032723,301999671,4028193,60.118053,41.53,100605.0,1.1517652,0
302248984,302215946,4028193,60.303017,41.53,100602.8,1.15174,0
302389297,302383275,4028193,63.38396,41.52,100566.0,1.1513188,0
302637527,302604515,4028193,62.546345,41.52,100576.0,1.1514332,0
302777969,302762957,4028193,62.01524,41.52667,100582.336,1.1515057,0
302993877,302982426,4028193,66.356575,41.525,100530.5,1.1509124,0
303210169,303198761,4028193,60.913395,41.53,100595.5,1.1520264,0
303426289,303414845,4028193,65.39477,41.53,100542.0,1.1514137,0
303642402,303630994,4028193,59.322716,41.53,100614.5,1.152244,0
303858704,303847295,4028193,62.673176,41.53,100574.5,1.1517859,0
304042493,304005862,4028193,60.35322,41.53,100602.164,1.1521027,0
304258724,304222108,4028193,61.373158,41.53,100590.0,1.1519634,0
304398996,304398369,4028193,59.613373,41.52,100611.0,1.1522039,0
304615311,304614703,4028193,59.111332,41.53,100617.0,1.1522726,0
304831422,304830812,4028193,59.19589,41.53,100616.0,1.1522611,0
305061665,305061015,4028193,59.53146,41.53,100612.0,1.1522154,0
305181039,305169382,4028193,61.246323,41.53,100591.5,1.1519805,0
305397937,305386507,4028193,60.118053,41.525,100605.0,1.1521351,0
305614990,305603574,4028193,58.567013,41.53,100623.5,1.152347,0
305831197,305819781,4028193,59.53146,41.53,100612.0,1.1525856,0
306047405,306035976,4028193,61.75101,41.53,100585.5,1.152282,0
306231034,306194410,4028193,60.871117,41.53,100596.0,1.1524024,0
306447211,306410556,4028193,60.24224,41.53,100603.5,1.1524884,0
306576840,306576230,4028193,63.550426,41.53,100564.0,1.1520357,0
306793083,306792472,4028193,61.373158,41.53,100590.0,1.1523336,0
307009299,307008691,4028193,58.022694,41.53,100630.0,1.1527919,0
307225376,307224767,4028193,60.0335,41.52,100606.0,1.1525168,0
307441545,307440937,4028193,64.38805,41.53,100554.0,1.1519212,0
307657731,307657121,4028193,64.72362,41.53,100550.0,1.1518754,0
307776356,307775747,4028193,64.05247,41.51,100558.0,1.151967,0
307992577,307991966,4028193,56.01453,41.53,100654.0,1.1530668,0
308208694,308208086,4028193,59.53146,41.52,100612.0,1.1525856,0
308424806,308424197,4028193,57.60521,41.53,100635.0,1.1532196,0
308640987,308640378,4028193,60.199966,41.52,100604.0,1.1528645,0
308857290,308856671,4028193,57.60521,41.53,100635.0,1.1532196,0
308965310,308964701,4028193,58.022694,41.53,100630.0,1.1527919,0
309181495,309180886,4028193,57.940784,41.53,100631.0,1.1531738,0
309397725,309397115,4028193,56.601128,41.53,100647.0,1.1533571,0
309613961,309613353,4028193,55.929977,41.52,100655.0,1.1534488,0
309830077,309829469,4028193,54.843987,41.52,100668.0,1.1535977,0
310046173,310045563,4028193,56.099087,41.52,100653.0,1.1534258,0
310262360,310261751,4028193,54.25739,41.52,100675.0,1.1536779,0
310456811,310423785,4028193,53.781773,41.525,100680.664,1.1537429,0
310586483,310585875,4028193,53.419777,41.52,100685.0,1.1537926,0
310802621,310801987,4028193,52.58216,41.52,100695.0,1.1539072,0
311039962,311017745,4028193,52.206947,41.515,100699.5,1.1539588,0
311256080,311233853,4028193,51.327057,41.52,100710.0,1.1540791,0
311418183,311399559,4028193,51.049614,41.52,100713.336,1.1541173,0
311634292,311615680,4028193,50.322975,41.52,100722.0,1.1542166,0
311850454,311831786,4028193,50.185577,41.52,100723.664,1.1542357,0
312023497,311990423,4028193,49.75488,41.52,100728.8,1.1542945,0
312239779,312206744,4028193,48.985962,41.526,100738.0,1.1544,0
312455618,312420135,4028193,48.48392,41.517498,100744.0,1.1544688,0
312596161,312581149,4028193,47.759926,41.513332,100752.664,1.154568,0
312812383,312797362,4028193,47.284306,41.52,100758.336,1.154633,0
313028583,313013549,4028193,46.782265,41.52,100764.336,1.1547018,0
313244746,313229635,4028193,46.16925,41.523335,100771.664,1.1547858,0
313461028,313446005,4028193,45.500744,41.52667,100779.664,1.1548774,0
313633904,313611691,4028193,44.86659,41.52,100787.25,1.1549643,0
313850280,313828032,4028193,44.491375,41.52,100791.75,1.1550158,0
314012346,313993730,4028193,44.05275,41.52,100797.0,1.1550761,0
314228622,314210006,4028193,43.49522,41.52,100803.664,1.1551524,0
314444714,314426088,4028193,42.826714,41.52,100811.664,1.1552441,0
314660938,314642329,4028193,42.266544,41.52,100818.336,1.1553205,0
314833773,314800761,4028193,41.928326,41.52,100822.4,1.1553671,0
315017365,315011312,4028193,41.291527,41.51,100830.0,1.1554542,0
315236776,315236167,4028193,40.54111,41.51,100839.0,1.1555573,0
315454160,315453552,4028193,39.703495,41.52,100849.0,1.155672,0
315649135,315615888,4028193,39.703495,41.52,100849.0,1.155672,0
315843369,315831958,4028193,39.399628,41.5,100852.664,1.1557139,0
316005569,315990516,4028193,39.03763,41.51,100857.0,1.1557636,0
316221770,316206741,4028193,38.200016,41.51,100867.0,1.1558782,0
316438145,316423122,4028193,37.505085,41.52,100875.336,1.1559738,0
316654286,316639274,4028193,36.78109,41.52,100884.0,1.156073,0
316827120,316804901,4028193,36.50893,41.52,100887.25,1.1561103,0
317043347,317021051,4028193,36.173355,41.52,100891.25,1.1561562,0
317259769,317237513,4028193,35.50485,41.52,100899.25,1.1562477,0
317411038,317410430,4028193,35.35952,41.51,100901.0,1.1562679,0
317627346,317626738,4028193,34.775566,41.51,100908.0,1.1563481,0
317843388,317842779,4028193,33.60502,41.52,100922.0,1.1565084,0
318059282,318058673,4028193,33.272087,41.5,100926.0,1.1565543,0
318167438,318166829,4028193,32.60358,41.51,100934.0,1.156646,0
318383701,318383092,4028193,31.935074,41.52,100942.0,1.1567377,0
318614525,318603116,4028193,31.726332,41.52,100944.5,1.1567664,0
318815681,318815073,4028193,31.351122,41.52,100949.0,1.1568179,0
319033119,319032509,4028193,30.349682,41.5,100961.0,1.1569555,0
319260284,319259675,4028193,30.59806,41.51,100958.0,1.156921,0
319368495,319367886,4028193,30.265127,41.51,100962.0,1.1569669,0
319584764,319584155,4028193,29.263689,41.52,100974.0,1.1571044,0
319800958,319800346,4028193,28.595182,41.52,100982.0,1.157196,0
320017182,320016570,4028193,28.595182,41.52,100982.0,1.157196,0
320226279,320225671,4028193,27.844765,41.52,100991.0,1.1572992,0
320444120,320443510,4028193,33.187534,41.52,100927.0,1.1565658,0
320660212,320659595,4028193,27.593744,41.52,100994.0,1.1573335,0
320768298,320767672,4028193,28.262249,41.52,100986.0,1.1572418,0
320984463,320983855,4028193,28.761648,41.52,100980.0,1.1571732,0
321200680,321200071,4028193,23.92092,41.52,101038.0,1.1578377,0
321416922,321416281,4028193,24.256495,41.52,101034.0,1.157792,0
321633079,321632469,4028193,30.682615,41.52,100957.0,1.1569096,0
321849287,321848678,4028193,28.595182,41.52,100982.0,1.157196,0
322043745,322010724,4028193,25.0624,41.525,101024.336,1.1576812,0
322259976,322226954,4028193,23.017244,41.524998,101048.836,1.157962,0
322389624,322389014,4028193,27.342724,41.52,100997.0,1.157368,0
322620009,322619401,4028193,21.918041,41.51,101062.0,1.1581128,0
322836569,322835961,4028193,20.166183,41.52,101083.0,1.1583534,0
323053966,323053357,4028193,24.005474,41.52,101037.0,1.1578263,0
323259452,323215608,4028193,24.124378,41.52,101035.57,1.15781,0
323378458,323377837,4028193,28.262249,41.52,100986.0,1.1572418,0
323594169,323593560,4028193,21.500555,41.52,101067.0,1.1581701,0
323820804,323809366,4028193,23.336966,41.51,101045.0,1.157918,0
324037026,324025589,4028193,23.004034,41.52,101049.0,1.1579639,0
324253177,324241767,4028193,20.916601,41.52,101074.0,1.1582503,0
324436910,324400280,4028193,24.449385,41.52,101031.664,1.1577652,0
324653117,324616410,4028193,24.504871,41.53,101031.0,1.1577575,0
324782897,324782288,4028193,24.256495,41.52,101034.0,1.157792,0
324999083,324998475,4028193,21.334087,41.53,101069.0,1.158193,0
325215382,325214773,4028193,20.166183,41.53,101083.0,1.1583534,0
325431546,325430938,4028193,21.083067,41.53,101072.0,1.1582274,0
325647824,325647216,4028193,22.91948,41.53,101050.0,1.1579753,0
325846374,325812843,4028193,25.855097,41.53,101014.836,1.1575723,0
325977197,325976588,4028193,25.424398,41.53,101020.0,1.1576315,0
326194151,326193542,4028193,22.753014,41.53,101052.0,1.1579982,0
326410443,326409835,4028193,22.002594,41.53,101061.0,1.1581013,0
326626639,326626028,4028193,22.087149,41.53,101060.0,1.1580899,0
326842847,326842239,4028193,21.418642,41.53,101068.0,1.1581815,0
327059111,327058502,4028193,19.415766,41.53,101092.0,1.1584566,0
327167280,327166672,4028193,18.414324,41.53,101104.0,1.1585941,0
327383467,327382829,4028193,27.678297,41.53,100993.0,1.157322,0
327599735,327599126,4028193,24.589424,41.53,101030.0,1.1577461,0
327844971,327833550,4028193,24.713615,41.53,101028.5,1.1577289,0
328029187,327992523,4028193,23.183712,41.53,101046.836,1.1579391,0
328245366,328208749,4028193,24.15873,41.53,101035.164,1.1581776,0
328461632,328424978,4028193,22.377804,41.53,101056.5,1.1584222,0
328591429,328590821,4028193,20.166183,41.53,101083.0,1.158726,0
328807606,328806995,4028193,26.092907,41.53,101012.0,1.1579121,0
329023978,329023369,4028193,28.177696,41.53,100987.0,1.1576254,0
329240087,329239478,4028193,25.257933,41.54,101022.0,1.1580267,0
329445142,329405785,4028193,21.651167,41.530003,101065.2,1.158522,0
329661345,329624728,4028193,23.741241,41.53,101040.164,1.158235,0
329791053,329790395,4028193,19.333853,41.53,101093.0,1.1588405,0
330007359,330006750,4028193,20.33529,41.54,101081.0,1.1587031,0
330223529,330222904,4028193,19.999716,41.53,101085.0,1.1587489,0
330439722,330439114,4028193,28.761648,41.54,100980.0,1.1575452,0
330655800,330655192,4028193,23.085945,41.53,101048.0,1.1583247,0
330774642,330763219,4028193,22.459717,41.54,101055.5,1.1584107,0
330990845,330979423,4028193,28.595182,41.54,100982.0,1.1575682,0
331207004,331195561,4028193,25.464033,41.54,101019.5,1.1579981,0
331423372,331411963,4028193,26.217094,41.54,101010.5,1.1578948,0
331639465,331628036,4028193,25.297567,41.535,101021.5,1.158021,0
331855518,331844090,4028193,24.504871,41.54,101031.0,1.1581299,0
332039123,332002506,4028193,23.574776,41.540005,101042.164,1.1586304,0
332255281,332218620,4028193,23.241842,41.540005,101046.164,1.1583037,0
332385108,332384500,4028193,27.926676,41.54,100990.0,1.1580323,0
332601281,332600672,4028193,28.095785,41.54,100988.0,1.157637,0
332817399,332816790,4028193,26.674217,41.54,101005.0,1.1582042,0
333033279,333032671,4028193,18.998278,41.53,101097.0,1.1592592,0
333249079,333248470,4028193,27.26081,41.53,100998.0,1.158124,0
333443619,333410590,4028193,18.776323,41.535004,101099.664,1.1592897,0
333659710,333626685,4028193,21.764786,41.540005,101063.836,1.1588789,0
333789605,333788982,4028193,18.831812,41.54,101099.0,1.1592821,0
334005725,334005118,4028193,23.754454,41.54,101040.0,1.1586055,0
334221886,334221278,4028193,24.504871,41.54,101031.0,1.1585023,0
334438084,334437473,4028193,18.749899,41.54,101100.0,1.1592935,0
334654315,334653704,4028193,19.748695,41.54,101088.0,1.159156,0
334859717,334815811,4028193,22.216623,41.54429,101058.43,1.1588169,0
334978554,334977945,4028193,26.008352,41.54,101013.0,1.158296,0
335194740,335194130,4028193,27.844765,41.55,100991.0,1.1580437,0
335410845,335410236,4028193,25.257933,41.55,101022.0,1.1583991,0
335626997,335626389,4028193,26.092907,41.55,101012.0,1.1582845,0
335843010,335842399,4028193,19.249298,41.55,101094.0,1.1592247,0
336059133,336058525,4028193,27.844765,41.55,100991.0,1.1580437,0
336253747,336220682,4028193,22.79529,41.55,101051.5,1.1587374,0
336383419,336382811,4028193,26.259373,41.55,101010.0,1.1582615,0
336599632,336598967,4028193,21.001156,41.55,101073.0,1.158984,0
336815501,336814893,4028193,27.176258,41.54,100999.0,1.1581354,0
337031649,337031041,4028193,22.91948,41.55,101050.0,1.1587203,0
337247821,337247214,4028193,21.252176,41.55,101070.0,1.1589495,0
337442349,337409333,4028193,25.728266,41.55,101016.336,1.1583341,0
337658539,337625513,4028193,25.326633,41.55,101021.164,1.1583896,0
337788183,337787574,4028193,21.751575,41.55,101064.0,1.1588808,0
338004399,338003789,4028193,27.342724,41.55,100997.0,1.1581125,0
338220621,338220010,4028193,29.76573,41.55,100968.0,1.1577799,0
338447351,338446743,4028193,28.344162,41.54,100985.0,1.1579748,0
338652694,338608885,4028193,27.091703,41.55,101000.0,1.1581469,0
338771544,338770936,4028193,30.180574,41.55,100963.0,1.1577226,0
338987880,338987272,4028193,31.51759,41.55,100947.0,1.1579117,0
339203981,339203374,4028193,30.180574,41.55,100963.0,1.1580951,0
339420067,339419458,4028193,27.926676,41.559998,100990.0,1.158405,0
339636125,339635516,4028193,26.092907,41.559998,101012.0,1.1586572,0
339852413,339851805,4028193,30.265127,41.559998,100962.0,1.1580837,0
340057440,340011723,4028193,30.94949,41.553997,100953.8,1.1579896,0
340187243,340175805,4028193,32.479393,41.55,100935.5,1.1577797,0
340403361,340391946,4028193,30.806803,41.555,100955.5,1.1580092,0
340612741,340612131,4028193,34.524548,41.559998,100911.0,1.1574987,0
340829780,340829171,4028193,30.265127,41.559998,100962.0,1.1580837,0
341046392,341045783,4028193,36.194492,41.55,100891.0,1.1572692,0
341251817,341207930,4028193,34.751785,41.552856,100908.29,1.1574676,0
341370790,341370180,4028193,35.695095,41.559998,100897.0,1.1573381,0
341586956,341586273,4028193,32.939156,41.559998,100930.0,1.1577166,0
341803183,341802574,4028193,35.274967,41.559998,100902.0,1.1573955,0
342019385,342018774,4028193,40.374645,41.559998,100841.0,1.1566958,0
342235458,342234847,4028193,39.788048,41.559998,100848.0,1.1567761,0
342451617,342451006,4028193,35.52863,41.559998,100899.0,1.157361,0
342646169,342613143,4028193,39.970367,41.555,100845.836,1.1567513,0
342775997,342775389,4028193,37.700615,41.559998,100873.0,1.1570628,0
342992381,342991754,4028193,41.376083,41.559998,100829.0,1.1565582,0
343208563,343207954,4028193,42.964115,41.559998,100810.0,1.1567123,0
343424689,343424081,4028193,43.80173,41.559998,100800.0,1.1565975,0
343640997,343640385,4028193,42.964115,41.57,100810.0,1.1567123,0
343857172,343856563,4028193,42.29561,41.57,100818.0,1.1568041,0
343979380,343967950,4028193,42.380165,41.559998,100817.0,1.1567925,0
344197170,344185715,4028193,40.498833,41.559998,100839.5,1.1570507,0
344414395,344402960,4028193,43.34197,41.559998,100805.5,1.1566607,0
344630549,344619129,4028193,43.381603,41.559998,100805.0,1.156655,0
344846685,344835277,4028193,43.92592,41.565,100798.5,1.1565803,0
345030487,344993780,4028193,42.826714,41.559998,100811.664,1.1567314,0
345246746,345210112,4028193,43.270626,41.559998,100806.336,1.1566702,0
345376368,345375759,4028193,47.64895,41.559998,100754.0,1.1560698,0
345592555,345591945,4028193,48.568474,41.559998,100743.0,1.1559435,0
345808756,345808147,4028193,47.22882,41.559998,100759.0,1.1561271,0
346024890,346024281,4028193,46.22474,41.57,100771.0,1.1562648,0
346240994,346240383,4028193,45.13875,41.57,100784.0,1.1564139,0
346457210,346456600,4028193,44.803173,41.559998,100788.0,1.1564598,0
346662612,346622396,4028193,46.742634,41.559998,100764.836,1.1561941,0
346792355,346780844,4028193,46.560314,41.559998,100767.0,1.1562189,0
347008641,346997222,4028193,47.313377,41.559998,100758.0,1.1561155,0
347224853,347213423,4028193,48.526196,41.559998,100743.5,1.1559492,0
347441088,347429680,4028193,48.650387,41.559998,100742.0,1.1559321,0
347657460,347645936,4028193,48.819496,41.559998,100740.0,1.1559091,0
347841116,347804492,4028193,50.70083,41.555,100717.5,1.155651,0
347988593,347987984,4028193,53.75535,41.559998,100681.0,1.1552321,0
348205568,348204957,4028193,54.341946,41.559998,100674.0,1.1551517,0
348421753,348421145,4028193,54.172832,41.559998,100676.0,1.1551747,0
348637838,348637216,4028193,51.496162,41.559998,100708.0,1.1555419,0
348853984,348853375,4028193,49.152428,41.559998,100736.0,1.1558632,0
349048231,349015205,4028193,54.2706,41.55,100674.836,1.1551614,0
349177998,349177390,4028193,55.01045,41.559998,100666.0,1.155432,0
349400756,349400116,4028193,52.66671,41.55,100694.0,1.1557534,0
349617453,349616844,4028193,51.998203,41.55,100702.0,1.1558452,0
349833585,349832977,4028193,55.678955,41.559998,100658.0,1.1553401,0
350049788,350049180,4028193,55.76351,41.559998,100657.0,1.1553286,0
350244284,350211222,4028193,56.154575,41.559998,100652.336,1.1552751,0
350374084,350373477,4028193,58.358273,41.559998,100626.0,1.1549729,0
350590285,350589675,4028193,53.419777,41.559998,100685.0,1.15565,0
350806466,350805855,4028193,53.83726,41.559998,100680.0,1.1555927,0
351022657,351021962,4028193,59.02942,41.559998,100618.0,1.154881,0
351238829,351238220,4028193,54.508408,41.559998,100672.0,1.1555008,0
351448287,351447678,4028193,58.44282,41.55,100625.0,1.1549613,0
351643207,351610022,4028193,58.022694,41.55,100630.0,1.1550187,0
351860212,351827168,4028193,58.680634,41.559998,100622.164,1.1549288,0
351990040,351989410,4028193,57.60521,41.55,100635.0,1.1550761,0
352209461,352208838,4028193,58.524734,41.55,100624.0,1.1549498,0
352427793,352421699,4028193,59.19589,41.559998,100616.0,1.154858,0
352644844,352644236,4028193,54.843987,41.559998,100668.0,1.155827,0
352860898,352860289,4028193,59.02942,41.55,100618.0,1.155253,0
352979906,352968485,4028193,61.33088,41.555,100590.5,1.1549373,0
353210653,353199039,4028193,57.438744,41.55,100637.0,1.1554711,0
353427741,353416312,4028193,61.122135,41.55,100593.0,1.1549659,0
353644957,353633538,4028193,56.141365,41.559998,100652.5,1.1556491,0
353861017,353849583,4028193,59.57374,41.559998,100611.5,1.1551784,0
354044846,354008179,4028193,58.371483,41.55,100625.836,1.1553429,0
354260985,354224367,4028193,58.580227,41.55167,100623.336,1.1553143,0
354390640,354390009,4028193,63.048386,41.559998,100570.0,1.1547018,0
354606812,354606202,4028193,61.624176,41.55,100587.0,1.154897,0
354822953,354822289,4028193,63.634983,41.55,100563.0,1.1546215,0
355039151,355038541,4028193,62.044304,41.55,100582.0,1.1548396,0
355255426,355254768,4028193,54.925896,41.55,100667.0,1.1558156,0
355460803,355420572,4028193,58.60929,41.55,100623.0,1.1553104,0
355590558,355579101,4028193,62.87928,41.55,100572.0,1.1547248,0
355799281,355793255,4028193,59.822117,41.54,100608.5,1.1551439,0
356016906,356005484,4028193,59.808903,41.54,100608.664,1.1551458,0
356255148,356222139,4028193,60.503834,41.55,100600.4,1.155423,0
356395598,356380588,4028193,61.066647,41.55,100593.664,1.1553456,0
356647281,356617991,4028193,60.24224,41.535,100603.5,1.1550865,0
356777507,356776899,4028193,64.05247,41.55,100558.0,1.1549361,0
356995310,356994701,4028193,56.265553,41.55,100651.0,1.1556319,0
357211427,357210802,4028193,61.95975,41.55,100583.0,1.1548512,0
357427547,357426939,4028193,56.51657,41.55,100648.0,1.1559697,0
357643989,357643379,4028193,63.048386,41.55,100570.0,1.1550738,0
357860166,357859558,4028193,57.10317,41.54,100641.0,1.1558893,0
358047884,358019183,4028193,59.512966,41.55,100612.2,1.1555586,0
358254102,358229191,4028193,58.524734,41.55,100624.0,1.155694,0
358427499,358394483,4028193,61.2384,41.55,100591.6,1.155322,0
358611018,358610409,4028193,56.35011,41.54,100650.0,1.1559926,0
358827118,358826509,4028193,58.10725,41.54,100629.0,1.1557515,0
359043244,359042553,4028193,62.210773,41.54,100580.0,1.1551887,0
359259378,359258767,4028193,63.96791,41.54,100559.0,1.1549475,0
359367436,359366804,4028193,59.19589,41.55,100616.0,1.1556021,0
359597805,359586394,4028193,64.43032,41.53,100553.5,1.1548843,0
359815184,359803775,4028193,65.85453,41.54,100536.5,1.1546891,0
360031822,360020412,4028193,57.771675,41.54,100633.0,1.1557975,0
360248078,360236662,4028193,58.693848,41.54,100622.0,1.155671,0
360431926,360395300,4028193,63.38396,41.540005,100566.0,1.155028,0
360648363,360611571,4028193,62.979687,41.540005,100570.836,1.1550834,0
360778082,360777473,4028193,60.450985,41.54,100601.0,1.1554298,0
360994229,360993621,4028193,60.702007,41.55,100598.0,1.1553954,0
361210422,361209813,4028193,65.896805,41.54,100536.0,1.1546834,0
361426509,361425901,4028193,58.273716,41.54,100627.0,1.1557285,0
361642768,361642160,4028193,66.483406,41.54,100529.0,1.154603,0
361862782,361862174,4028193,58.524734,41.54,100624.0,1.155694,0
362057884,362024854,4028193,61.09307,41.535004,100593.336,1.1553419,0
362202182,362201564,4028193,57.940784,41.53,100631.0,1.1557744,0
362419746,362419136,4028193,58.10725,41.54,100629.0,1.1557515,0
362636355,362635671,4028193,59.362354,41.54,100614.0,1.1555792,0
362852414,362851806,4028193,59.78248,41.54,100609.0,1.1555218,0
363057698,363013882,4028193,62.68903,41.535713,100574.29,1.1551231,0
363176685,363176074,4028193,67.40557,41.54,100518.0,1.1544765,0
363392960,363392350,4028193,65.812256,41.54,100537.0,1.1546948,0
363609078,363608470,4028193,60.0335,41.53,100606.0,1.1554873,0
363825106,363824497,4028193,60.118053,41.53,100605.0,1.1558483,0
364041292,364040682,4028193,66.14783,41.53,100533.0,1.1546489,0
364257546,364256936,4028193,66.903534,41.54,100524.0,1.1545455,0
364452149,364419139,4028193,62.83964,41.540005,100572.5,1.1554748,0
364581934,364581315,4028193,59.867035,41.54,100608.0,1.1558827,0
364798154,364797544,4028193,58.358273,41.53,100626.0,1.1560895,0
365014280,365013672,4028193,65.05919,41.53,100546.0,1.1551704,0
365230376,365229766,4028193,66.73442,41.53,100526.0,1.1549406,0
365446772,365446162,4028193,62.37724,41.53,100578.0,1.155538,0
365652085,365608231,4028193,62.665253,41.53,100574.57,1.1554986,0
365781536,365780928,4028193,62.712814,41.52,100574.0,1.1554921,0
365997698,365997076,4028193,64.30349,41.53,100555.0,1.1552738,0
366213776,366213157,4028193,65.56123,41.53,100540.0,1.1551014,0
366430011,366429371,4028193,65.812256,41.53,100537.0,1.155067,0
366646279,366645671,4028193,63.96791,41.53,100559.0,1.1553198,0
366851504,366811282,4028193,62.239838,41.53,100579.664,1.1555572,0
366981141,366969726,4028193,59.19589,41.53,100616.0,1.1559746,0
367197228,367185815,4028193,56.93406,41.53,100643.0,1.1562848,0
367413343,367401930,4028193,63.25713,41.53,100567.5,1.1554174,0
367629454,367618004,4028193,57.523296,41.525,100636.0,1.1562045,0
367838177,367832131,4028193,60.411354,41.53,100601.5,1.155808,0
368056197,368044776,4028193,60.199966,41.53,100604.0,1.1558368,0
368218910,368203780,4028193,60.95567,41.523335,100595.0,1.1557335,0
368435033,368420008,4028193,61.930687,41.523335,100583.336,1.1555994,0
368651408,368636316,4028193,62.044304,41.53,100582.0,1.155584,0
368824424,368802198,4028193,60.680866,41.525,100598.25,1.1557707,0
369040603,369018350,4028193,60.598957,41.525,100599.25,1.1557822,0
369173775,369173166,4028193,60.199966,41.52,100604.0,1.1558368,0
369390637,369389997,4028193,64.97464,41.52,100547.0,1.1551819,0
369607833,369607224,4028193,64.137024,41.52,100557.0,1.1556691,0
369824027,369823353,4028193,59.948944,41.52,100607.0,1.1562438,0
370040247,370039638,4028193,64.55715,41.52,100552.0,1.1556118,0
370256523,370255879,4028193,61.8752,41.52,100584.0,1.1559794,0
370451181,370418119,4028193,62.07073,41.52,100581.664,1.1559526,0
370580811,370580203,4028193,63.46587,41.52,100565.0,1.155761,0
370797082,370796473,4028193,57.10317,41.52,100641.0,1.1566346,0
371013179,371012570,4028193,56.683037,41.52,100646.0,1.1566919,0
371229215,371228606,4028193,56.767593,41.52,100645.0,1.1566805,0
371445541,371444932,4028193,56.683037,41.52,100646.0,1.1566919,0
371661679,371661072,4028193,57.185078,41.52,100640.0,1.1566231,0
371769880,371769271,4028193,65.225655,41.52,100544.0,1.1555198,0
371986013,371985404,4028193,58.022694,41.52,100630.0,1.1565081,0
372223395,372222786,4028193,64.97464,41.51,100547.0,1.1555542,0
372439505,372438896,4028193,60.620094,41.52,100599.0,1.1561519,0
372616449,372601418,4028193,62.239838,41.51,100579.664,1.1559296,0
372838303,372826891,4028193,58.022694,41.51,100630.0,1.1565081,0
373056334,373044916,4028193,57.06089,41.504997,100641.5,1.1566403,0
373240905,373204288,4028193,62.364025,41.51166,100578.164,1.1559124,0
373456974,373420352,4028193,60.062565,41.51166,100605.664,1.1562284,0
373586756,373586114,4028193,65.812256,41.51,100537.0,1.1554394,0
373802824,373802215,4028193,62.210773,41.52,100580.0,1.1559334,0
374019083,374018474,4028193,59.111332,41.51,100617.0,1.1563587,0
374256613,374245204,4028193,57.229996,41.5,100639.5,1.1566173,0
374440280,374403630,4028193,61.653244,41.508327,100586.664,1.15601,0
374656551,374619880,4028193,61.470924,41.51,100588.836,1.1560351,0
374800291,374799682,4028193,60.53554,41.5,100600.0,1.1561633,0
375016909,375016271,4028193,64.97464,41.5,100547.0,1.1555542,0
375234280,375233672,4028193,56.43466,41.51,100649.0,1.1567265,0
375450538,375449917,4028193,64.808174,41.51,100549.0,1.1555772,0
375645103,375612040,4028193,60.020287,41.51,100606.164,1.1562343,0
375861184,375828160,4028193,61.94654,41.504997,100583.164,1.1563427,0
375990962,375990354,4028193,57.269634,41.5,100639.0,1.1569846,0
376207215,376206594,4028193,65.812256,41.51,100537.0,1.155812,0
376423427,376422818,4028193,57.185078,41.51,100640.0,1.1569961,0
376639735,376639114,4028193,62.126217,41.5,100581.0,1.1563178,0
376855953,376855317,4028193,60.369076,41.51,100602.0,1.1565592,0
376964019,376963392,4028193,56.93406,41.5,100643.0,1.1570306,0
377180212,377179604,4028193,65.47668,41.51,100541.0,1.1558579,0
377396386,377395777,4028193,57.269634,41.5,100639.0,1.1569846,0
377612682,377612073,4028193,65.56123,41.5,100540.0,1.1558465,0
377828992,377828382,4028193,57.10317,41.5,100641.0,1.1570076,0
378045171,378044482,4028193,65.64579,41.5,100539.0,1.1558349,0
378239626,378206592,4028193,59.711136,41.5,100609.836,1.1566494,0
378455725,378422699,4028193,62.44858,41.5,100577.164,1.1562737,0
378585463,378584854,4028193,59.19589,41.5,100616.0,1.1567202,0
378801548,378800940,4028193,62.295326,41.5,100579.0,1.1562948,0
379017740,379017131,4028193,62.712814,41.5,100574.0,1.1562374,0
379233885,379233276,4028193,58.60929,41.5,100623.0,1.1568006,0
379450180,379449552,4028193,61.373158,41.5,100590.0,1.1564213,0
379655534,379611653,4028193,60.739002,41.49714,100597.57,1.1565083,0
379774400,379773792,4028193,62.37724,41.5,100578.0,1.1562833,0
379990560,379989951,4028193,64.22157,41.5,100556.0,1.1560304,0
380206722,380206114,4028193,57.269634,41.5,100639.0,1.1569846,0
380422880,380422270,4028193,61.708733,41.5,100586.0,1.1563753,0
380639331,380638723,4028193,64.97464,41.5,100547.0,1.155927,0
380826407,380801414,4028193,60.892254,41.48,100595.75,1.1564873,0
381044322,381025700,4028193,61.95975,41.496666,100583.0,1.1563408,0
381217642,381184592,4028193,62.02581,41.489998,100582.2,1.1563317,0
381433894,381400835,4028193,62.59655,41.489998,100575.4,1.1562533,0
381650026,381617015,4028193,61.60568,41.489998,100587.2,1.1563891,0
381790587,381775531,4028193,60.89754,41.489998,100595.664,1.1564864,0
382006736,381991724,4028193,63.048386,41.489998,100570.0,1.1561913,0
382222938,382207912,4028193,60.255455,41.5,100603.336,1.1569476,0
382438978,382423967,4028193,62.852856,41.489998,100572.336,1.1565912,0
382655146,382640104,4028193,60.871117,41.483334,100596.0,1.1568633,0
382828099,382805845,4028193,61.100998,41.495,100593.25,1.1568316,0
383044205,383021993,4028193,61.2886,41.489998,100591.0,1.1568058,0
383260541,383238287,4028193,61.539623,41.485,100588.0,1.1567713,0
383422629,383404017,4028193,59.557884,41.489998,100611.664,1.1570433,0
383639110,383620443,4028193,60.64652,41.489998,100598.664,1.156894,0
383855828,383837145,4028193,59.557884,41.489998,100611.664,1.1570433,0
384043161,384042553,4028193,58.44282,41.489998,100625.0,1.1571968,0
384259527,384258917,4028193,59.280437,41.469997,100615.0,1.1570817,0
384368126,384367517,4028193,58.44282,41.469997,100625.0,1.1571968,0
384585643,384585030,4028193,59.362354,41.48,100614.0,1.1570703,0
384802280,384801671,4028193,59.613373,41.489998,100611.0,1.1570358,0
385019003,385018392,4028193,58.693848,41.48,100622.0,1.1571622,0
385235688,385235080,4028193,58.944862,41.48,100619.0,1.1571277,0
385452280,385451671,4028193,59.19589,41.489998,100616.0,1.1570932,0
385646800,385613779,4028193,59.58695,41.48,100611.336,1.1570396,0
385787078,385786470,4028193,60.199966,41.469997,100604.0,1.1569552,0
386003484,386002874,4028193,60.620094,41.48,100599.0,1.1568978,0
386235163,386223665,4028193,59.948944,41.475,100607.0,1.1569897,0
386453291,386441827,4028193,59.53146,41.48,100612.0,1.1570473,0
386637454,386600717,4028193,59.19589,41.48,100616.0,1.1570932,0
386853898,386817264,4028193,59.41784,41.48,100613.336,1.1570625,0
386983539,386982930,4028193,59.78248,41.48,100609.0,1.1566397,0
387200237,387199552,4028193,59.78248,41.48,100609.0,1.1566397,0
387416843,387416234,4028193,59.613373,41.48,100611.0,1.1570358,0
387633466,387632854,4028193,59.53146,41.48,100612.0,1.1570473,0
387849811,387849169,4028193,60.0335,41.469997,100606.0,1.1566052,0
388055124,388014879,4028193,59.85118,41.475,100608.164,1.15663,0
388184985,388173558,4028193,60.450985,41.475,100601.0,1.1569207,0
388411942,388400534,4028193,59.23816,41.464996,100615.5,1.1570874,0
388628016,388616606,4028193,60.24224,41.469997,100603.5,1.1565765,0
388844399,388832971,4028193,59.15361,41.48,100616.5,1.1567259,0
389060762,389049341,4028193,57.145447,41.469997,100640.5,1.1570019,0
389244443,389207804,4028193,57.158653,41.47333,100640.336,1.157,0
389374481,389373873,4028193,57.10317,41.48,100641.0,1.1570076,0
389591202,389590593,4028193,57.438744,41.469997,100637.0,1.1569616,0
389807903,389807236,4028193,56.51657,41.469997,100648.0,1.157088,0
390024525,390023916,4028193,55.176914,41.469997,100664.0,1.157272,0
390241098,390240490,4028193,54.341946,41.48,100674.0,1.1573869,0
390457371,390456761,4028193,53.921814,41.469997,100679.0,1.1574445,0
390576279,390564830,4028193,52.58216,41.469997,100695.0,1.1576284,0
390792651,390781227,4028193,52.500244,41.475,100696.0,1.1576399,0
391008824,390997409,4028193,53.75535,41.475,100681.0,1.1574675,0
391225495,391214003,4028193,50.616276,41.469997,100718.5,1.1578985,0
391441787,391430380,4028193,51.871376,41.469997,100703.5,1.157726,0
391658019,391646531,4028193,51.57808,41.469997,100707.0,1.1577663,0
391841965,391805330,4028193,50.854084,41.469997,100715.664,1.1578659,0
392058143,392021503,4028193,49.960976,41.475,100726.336,1.1579885,0
392188047,392187363,4028193,50.322975,41.48,100722.0,1.1579388,0
392404722,392404114,4028193,47.47984,41.48,100756.0,1.1583296,0
392621375,392620766,4028193,49.152428,41.469997,100736.0,1.1580997,0
392837567,392836960,4028193,49.152428,41.469997,100736.0,1.1580997,0
393053988,393053379,4028193,49.236984,41.469997,100735.0,1.1580882,0
393259721,393219426,4028193,49.5567,41.478333,100731.164,1.1580442,0
393389516,393378060,4028193,49.44573,41.48,100732.5,1.1580595,0
393605641,393594169,4028193,50.28334,41.475,100722.5,1.1579446,0
393822078,393810611,4028193,49.194706,41.469997,100735.5,1.1580939,0
394038788,394027325,4028193,50.95185,41.475,100714.5,1.1578526,0
394254830,394239778,4028193,51.57808,41.469997,100707.0,1.1577663,0
394428205,394405899,4028193,50.40753,41.469997,100721.0,1.1579273,0
394644608,394622355,4028193,52.05898,41.469997,100701.25,1.1577002,0
394860764,394838553,4028193,51.765682,41.469997,100704.75,1.1573672,0
395023019,395004408,4028193,52.637646,41.469997,100694.336,1.1576208,0
395239351,395220739,4028193,53.337864,41.469997,100686.0,1.157525,0
395455768,395437025,4028193,53.781773,41.47333,100680.664,1.1570904,0
395628866,395595737,4028193,53.65494,41.471996,100682.2,1.1571081,0
395845405,395812367,4028193,54.25739,41.469997,100675.0,1.1570252,0
396061622,396028523,4028193,54.9761,41.478,100666.4,1.1569265,0
396202408,396187372,4028193,54.925896,41.47333,100667.0,1.1569333,0
396429176,396409612,4028193,56.120224,41.4675,100652.75,1.1567696,0
396634772,396619753,4028193,57.74525,41.469997,100633.336,1.1565465,0
396850998,396835974,4028193,56.992188,41.469997,100642.336,1.1566498,0
397024086,397001848,4028193,56.83101,41.469997,100644.25,1.1566719,0
397240403,397218179,4028193,58.524734,41.475,100624.0,1.1564391,0
397456724,397434450,4028193,58.588154,41.475,100623.25,1.1564306,0
397619254,397600556,4028193,58.83389,41.48,100620.336,1.156397,0
397835921,397817200,4028193,59.697926,41.48,100610.0,1.1562784,0
397991087,397975699,4028193,59.39142,41.48,100613.664,1.1563205,0
398208081,398193058,4028193,60.620094,41.48,100599.0,1.1561519,0
398425095,398410041,4028193,60.64652,41.476665,100598.664,1.156148,0
398641803,398626719,4028193,60.08899,41.48,100605.336,1.1562246,0
398857981,398842971,4028193,59.867035,41.48,100608.0,1.1562552,0
399031006,399008716,4028193,61.01644,41.48,100594.25,1.1560973,0
399257795,399230339,4028193,60.95567,41.475,100595.0,1.1561059,0
399420146,399401485,4028193,60.871117,41.47333,100596.0,1.1561174,0
399636469,399617840,4028193,60.64652,41.47333,100598.664,1.156148,0
399852706,399834009,4028193,61.066647,41.48,100593.664,1.1560905,0
400058089,400057480,4028193,60.53554,41.46,100600.0,1.1561633,0
400176908,400165501,4028193,61.2886,41.469997,100591.0,1.1560599,0
400393595,400382111,4028193,61.373158,41.475,100590.0,1.1560484,0
400610281,400598793,4028193,61.624176,41.485,100587.0,1.1560138,0
400815566,400809557,4028193,62.295326,41.469997,100579.0,1.1559219,0
401053653,401034920,4028193,61.59511,41.48,100587.336,1.1556454,0
401226962,401193846,4028193,61.188194,41.48,100592.2,1.1560737,0
401443668,401410496,4028193,61.489418,41.486,100588.6,1.1560323,0
401584281,401569200,4028193,61.177628,41.48,100592.336,1.1557027,0
401800329,401788872,4028193,62.083942,41.48,100581.5,1.1555783,0
402016787,402005327,4028193,61.49999,41.48,100588.5,1.1560313,0
402232850,402221415,4028193,61.79064,41.489998,100585.0,1.1556184,0
402449221,402437812,4028193,61.246323,41.489998,100591.5,1.1556932,0
402632950,402596336,4028193,61.75101,41.484997,100585.5,1.1556242,0
402849346,402812602,4028193,61.33088,41.489994,100590.5,1.1556816,0
402979022,402978412,4028193,62.461792,41.48,100577.0,1.1555265,0
403195389,403194780,4028193,61.2886,41.489998,100591.0,1.1556875,0
403411789,403411180,4028193,60.28452,41.489998,100603.0,1.1558253,0
403627929,403627320,4028193,62.210773,41.489998,100580.0,1.155561,0
403844677,403844067,4028193,60.78656,41.5,100597.0,1.1557564,0
404061341,404060691,4028193,61.95975,41.489998,100583.0,1.1555955,0
404180480,404169030,4028193,61.666454,41.495,100586.5,1.1556357,0
404396957,404385510,4028193,60.913395,41.5,100595.5,1.1557392,0
404613167,404601760,4028193,61.79064,41.5,100585.0,1.1556184,0
404829389,404817970,4028193,62.083942,41.5,100581.5,1.1555783,0
405045594,405034172,4028193,61.917477,41.5,100583.5,1.1556013,0
405261718,405250302,4028193,62.37724,41.5,100578.0,1.155538,0
405445538,405408861,4028193,62.083942,41.5,100581.5,1.1555783,0
405661881,405625227,4028193,61.555477,41.5,100587.836,1.1556511,0
405791603,405790994,4028193,61.45771,41.5,100589.0,1.1556644,0
406007888,406007279,4028193,60.53554,41.5,100600.0,1.1557908,0
406224165,406223554,4028193,63.214855,41.51,100568.0,1.1554232,0
406440291,406439683,4028193,60.620094,41.51,100599.0,1.1557794,0
406656520,406655842,4028193,63.46587,41.51,100565.0,1.1553886,0
406861923,406821704,4028193,62.083942,41.51,100581.5,1.1555783,0
406991549,406980120,4028193,62.797367,41.51,100573.0,1.1554806,0
407207745,407196337,4028193,62.295326,41.51,100579.0,1.1555495,0
407424075,407412585,4028193,62.3376,41.51,100578.5,1.1555438,0
407640282,407628871,4028193,62.712814,41.51,100574.0,1.1554921,0
407856598,407845125,4028193,62.673176,41.515,100574.5,1.1554979,0
408040521,408003832,4028193,62.350815,41.516666,100578.336,1.1555419,0
408256724,408220049,4028193,62.657326,41.515,100574.664,1.1554997,0
408386640,408385963,4028193,61.708733,41.52,100586.0,1.1556299,0
408603280,408602672,4028193,63.38396,41.51,100566.0,1.1554002,0
408820005,408819394,4028193,63.886,41.52,100560.0,1.1553313,0
409036389,409035779,4028193,63.80145,41.52,100561.0,1.1553427,0
409252607,409251998,4028193,62.712814,41.52,100574.0,1.1554921,0
409458106,409417815,4028193,62.126217,41.52,100581.0,1.1555725,0
409587734,409576326,4028193,61.95975,41.52,100583.0,1.1555955,0
409803963,409792545,4028193,62.3376,41.53,100578.5,1.1555438,0
410020162,410008746,4028193,61.539623,41.525,100588.0,1.155653,0
410236465,410225054,4028193,61.45771,41.53,100589.0,1.1556644,0
410452585,410441169,4028193,62.295326,41.53,100579.0,1.1555495,0
410636496,410599844,4028193,62.18171,41.53,100580.336,1.1555649,0
410852650,410815989,4028193,62.49086,41.53,100576.664,1.1551504,0
410982637,410982025,4028193,62.546345,41.53,100576.0,1.1551428,0
411199362,411198673,4028193,62.126217,41.53,100581.0,1.1555725,0
411415979,411415371,4028193,62.797367,41.53,100573.0,1.1551083,0
411632566,411631957,4028193,63.214855,41.54,100568.0,1.1550509,0
411848966,411848359,4028193,62.712814,41.54,100574.0,1.1551198,0
412054414,412014097,4028193,62.9929,41.536667,100570.664,1.1550815,0
412184138,412172727,4028193,62.295326,41.54,100579.0,1.1551771,0
412400235,412388813,4028193,62.673176,41.54,100574.5,1.1551255,0
412616623,412605214,4028193,62.168495,41.54,100580.5,1.1551945,0
412832778,412821319,4028193,63.006107,41.545,100570.5,1.1550796,0
413049157,413037746,4028193,62.92156,41.55,100571.5,1.155091,0
413232838,413196202,4028193,62.01524,41.55,100582.336,1.1552155,0
413449488,413412720,4028193,62.14207,41.546665,100580.836,1.1551983,0
413579375,413578746,4028193,60.620094,41.55,100599.0,1.155407,0
413795599,413794992,4028193,61.624176,41.55,100587.0,1.155269,0
414012032,414011347,4028193,63.886,41.55,100560.0,1.154959,0
414228658,414228049,4028193,63.048386,41.559998,100570.0,1.1550738,0
414445152,414444544,4028193,61.45771,41.559998,100589.0,1.155292,0
414650762,414610554,4028193,61.97296,41.559998,100582.836,1.1552212,0
414780400,414768980,4028193,62.295326,41.555,100579.0,1.1551771,0
414996900,414985482,4028193,62.797367,41.559998,100573.0,1.1551083,0
415213304,415201852,4028193,61.20669,41.565,100592.0,1.1553265,0
415429635,415418137,4028193,61.246323,41.57,100591.5,1.1553208,0
415646081,415634626,4028193,62.755093,41.57,100573.5,1.155114,0
415829804,415793166,4028193,62.14207,41.570004,100580.836,1.1551983,0
416056323,416023304,4028193,61.975605,41.559998,100582.8,1.1552209,0
416196963,416181951,4028193,62.49086,41.566666,100576.664,1.1551504,0
416413027,416398012,4028193,62.26626,41.57,100579.336,1.155181,0
416629419,416614395,4028193,61.8752,41.57,100584.0,1.1552346,0
416845605,416830567,4028193,62.601833,41.57,100575.336,1.1551352,0
417018680,416996462,4028193,62.461792,41.579998,100577.0,1.1551542,0
417235086,417212856,4028193,61.8752,41.579998,100584.0,1.1552346,0
417451402,417429142,4028193,62.37724,41.579998,100578.0,1.1551657,0
417613901,417595236,4028193,62.49086,41.579998,100576.664,1.1551504,0
417830629,417811954,4028193,61.5132,41.579998,100588.336,1.1552844,0
418046880,418028256,4028193,61.48413,41.586666,100588.664,1.1549162,0
418219834,418186740,4028193,62.044304,41.584,100582.0,1.1548396,0
418436467,418403380,4028193,62.009956,41.59,100582.4,1.1548442,0
418653192,418620049,4028193,61.840847,41.596,100584.4,1.1548673,0
418794001,418778929,4028193,62.546345,41.59,100576.0,1.1547707,0
419010383,418995374,4028193,62.099792,41.59,100581.336,1.154832,0
419226571,419211553,4028193,62.099792,41.59667,100581.336,1.154832,0
419443253,419428167,4028193,61.653244,41.59667,100586.664,1.1548932,0
419659939,419644827,4028193,61.904263,41.6,100583.664,1.1548588,0
419833283,419810968,4028193,61.49999,41.6,100588.5,1.1549144,0
420049651,420027428,4028193,61.83292,41.6,100584.5,1.1548684,0
420211748,420193134,4028193,61.81971,41.6,100584.664,1.1548703,0
420428084,420409461,4028193,62.18171,41.6,100580.336,1.1548206,0
420644198,420625573,4028193,61.81971,41.603333,100584.664,1.1548703,0
420860568,420841905,4028193,61.846134,41.61,100584.336,1.1548665,0
421033363,421000326,4028193,61.64267,41.61,100586.8,1.1548947,0
421249750,421216739,4028193,62.14471,41.612,100580.8,1.1548258,0
421390652,421375556,4028193,61.40222,41.616665,100589.664,1.1549276,0
421606967,421591958,4028193,61.177628,41.616665,100592.336,1.1549582,0
421823205,421808174,4028193,61.233112,41.62,100591.664,1.1549506,0
422039498,422024490,4028193,61.233112,41.62,100591.664,1.1549506,0
422212607,422190266,4028193,60.849976,41.62,100596.25,1.1550033,0
422439281,422406236,4028193,60.519688,41.617996,100600.2,1.1550486,0
422655977,422622847,4028193,60.38493,41.628,100601.8,1.155067,0
422796788,422781755,4028193,60.144478,41.629997,100604.664,1.1551,0
423016804,423000585,4028193,59.50239,41.629997,100612.336,1.154816,0
423233538,423211292,4028193,59.280437,41.635,100615.0,1.1548465,0
423451137,423428904,4028193,59.111332,41.635,100617.0,1.1548694,0
423613560,423594877,4028193,59.53146,41.64,100612.0,1.1548121,0
423829973,423811364,4028193,59.166817,41.64,100616.336,1.1548619,0
424046412,424027789,4028193,58.860313,41.64,100620.0,1.154904,0
424219389,424186322,4028193,58.543236,41.642,100623.8,1.1549475,0
424435886,424402841,4028193,58.508884,41.647995,100624.2,1.1549523,0
424652100,424619077,4028193,58.191807,41.649998,100628.0,1.1549958,0
424792810,424777666,4028193,58.05176,41.649998,100629.664,1.1550149,0
425008898,424993865,4028193,58.078186,41.65333,100629.336,1.155011,0
425225372,425210244,4028193,57.49423,41.66,100636.336,1.1550914,0
425441988,425426941,4028193,57.438744,41.66,100637.0,1.155099,0
425658704,425643642,4028193,57.018612,41.66,100642.0,1.1551565,0
425832049,425809765,4028193,56.664543,41.66,100646.25,1.1552052,0
426048728,426026456,4028193,57.039753,41.66,100641.75,1.1551535,0
426211020,426192351,4028193,56.23649,41.66,100651.336,1.1552635,0
426427298,426408682,4028193,56.461082,41.67,100648.664,1.1552329,0
426643761,426625103,4028193,56.656616,41.67,100646.336,1.1552063,0
426859879,426841272,4028193,56.43466,41.676666,100649.0,1.1552368,0
427032990,426999844,4028193,55.6129,41.674,100658.8,1.1553493,0
427249623,427216544,4028193,55.22712,41.68,100663.4,1.1554021,0
427390519,427375403,4028193,55.176914,41.68,100664.0,1.155409,0
427607167,427592127,4028193,55.427937,41.676666,100661.0,1.1553745,0
427823684,427808675,4028193,55.150494,41.686665,100664.336,1.1550409,0
428039764,428024743,4028193,54.925896,41.68,100667.0,1.1550715,0
428256177,428241154,4028193,54.75943,41.69,100669.0,1.1550944,0
428428994,428406784,4028193,54.780567,41.69,100668.75,1.1550915,0
428645391,428623179,4028193,54.38158,41.69,100673.5,1.155146,0
428807756,428789119,4028193,53.726284,41.696667,100681.336,1.1552359,0
429023973,429005297,4028193,53.810837,41.7,100680.336,1.1552244,0
429240181,429221572,4028193,53.892754,41.7,100679.336,1.155213,0
429456497,429437813,4028193,53.113266,41.706665,100688.664,1.15532,0
429629839,429596712,4028193,53.419777,41.708,100685.0,1.1552781,0
429846530,429813407,4028193,53.253307,41.708,100687.0,1.155301,0
429987354,429972299,4028193,52.862247,41.71,100691.664,1.1553545,0
430203820,430188751,4028193,52.722202,41.71,100693.336,1.1553737,0
430419886,430404874,4028193,52.78033,41.71333,100692.664,1.155366,0
430636400,430621390,4028193,52.500244,41.719997,100696.0,1.1554042,0
430852586,430837571,4028193,52.44476,41.719997,100696.664,1.1554118,0
431025554,431003313,4028193,52.143536,41.725,100700.25,1.155453,0
431241778,431219528,4028193,52.249226,41.725,100699.0,1.1554385,0
431458168,431435915,4028193,51.496162,41.73,100708.0,1.1555419,0
431620458,431601825,4028193,51.607143,41.73,100706.664,1.1555265,0
431836554,431817935,4028193,51.440678,41.73,100708.664,1.1555495,0
432052626,432033992,4028193,51.411613,41.73,100709.0,1.1555535,0
432225891,432192744,4028193,51.025833,41.736,100713.6,1.1556062,0
432376498,432375889,4028193,50.071957,41.719997,100725.0,1.1557369,0
432592620,432592007,4028193,51.662632,41.739998,100706.0,1.1555189,0
432809212,432808602,4028193,49.65447,41.739998,100730.0,1.1557944,0
433025479,433024871,4028193,49.65447,41.75,100730.0,1.1554226,0
433241810,433241201,4028193,50.909573,41.75,100715.0,1.1552505,0
433458492,433457841,4028193,50.82766,41.75,100716.0,1.1556337,0
433653513,433620362,4028193,49.16564,41.754997,100735.836,1.1554894,0
433783534,433782834,4028193,49.236984,41.75,100735.0,1.1554798,0
434000163,433999555,4028193,47.81542,41.76,100752.0,1.1556749,0
434216793,434216184,4028193,48.15099,41.77,100748.0,1.155629,0
434432989,434432365,4028193,47.897327,41.76,100751.0,1.1556634,0
434649281,434648673,4028193,47.395287,41.77,100757.0,1.1557322,0
434854215,434810388,4028193,48.304245,41.76,100746.14,1.1556077,0
434973200,434972591,4028193,48.31746,41.77,100746.0,1.155606,0
435189462,435188818,4028193,48.819496,41.78,100740.0,1.1555372,0
435405678,435405070,4028193,48.15099,41.78,100748.0,1.155629,0
435621879,435621270,4028193,47.73086,41.78,100753.0,1.1556864,0
435837969,435837361,4028193,46.895885,41.78,100763.0,1.155801,0
436054381,436053772,4028193,46.560314,41.79,100767.0,1.155847,0
436248968,436215893,4028193,46.811337,41.790005,100764.0,1.1558125,0
436378728,436378045,4028193,47.395287,41.79,100757.0,1.1557322,0
436595374,436594765,4028193,46.811337,41.8,100764.0,1.1558125,0
436812114,436811481,4028193,46.644867,41.79,100766.0,1.1558355,0
437028779,437028087,4028193,46.22474,41.8,100771.0,1.1558928,0
437245281,437244672,4028193,45.807255,41.8,100776.0,1.1559502,0
437461373,437460747,4028193,46.142826,41.8,100772.0,1.1555324,0
437569421,437568812,4028193,45.891804,41.809998,100775.0,1.1555668,0
437785571,437784962,4028193,44.887722,41.809998,100787.0,1.1557044,0
438002174,438001565,4028193,45.13875,41.809998,100784.0,1.15567,0
438218083,438217474,4028193,44.97228,41.809998,100786.0,1.1556929,0
438434761,438434154,4028193,44.301132,41.82,100794.0,1.1557847,0
438651293,438650672,4028193,45.13875,41.82,100784.0,1.15567,0
438856845,438812980,4028193,44.327557,41.820004,100793.71,1.1557814,0
438975736,438975120,4028193,44.470238,41.82,100792.0,1.1557617,0
439192282,439191672,4028193,43.80173,41.829998,100800.0,1.1558535,0
439408662,439408053,4028193,43.968197,41.829998,100798.0,1.1558306,0
439624823,439624213,4028193,44.219215,41.829998,100795.0,1.1557962,0
439841517,439840829,4028193,42.546627,41.84,100815.0,1.1560255,0
440058080,440057472,4028193,43.80173,41.84,100800.0,1.1558535,0
440252593,440219566,4028193,42.55984,41.844997,100814.836,1.1560236,0
440382378,440381769,4028193,42.044586,41.84,100821.0,1.1560943,0
440599080,440598407,4028193,42.2137,41.85,100819.0,1.1560714,0
440815398,440814789,4028193,41.6271,41.85,100826.0,1.1561517,0
441031591,441030951,4028193,41.878124,41.86,100823.0,1.1561172,0
441247764,441247155,4028193,42.2137,41.85,100819.0,1.1560714,0
441453281,441409341,4028193,41.616535,41.860004,100826.14,1.1557816,0
441572500,441571873,4028193,41.12506,41.86,100832.0,1.1562204,0
441789177,441788505,4028193,41.793568,41.87,100824.0,1.1561286,0
442005816,442005208,4028193,40.958595,41.86,100834.0,1.1558717,0
442222413,442221803,4028193,40.03907,41.87,100845.0,1.1559978,0
442438722,442438114,4028193,39.621582,41.879997,100850.0,1.1560551,0
442654966,442654358,4028193,40.29009,41.879997,100842.0,1.1559634,0
442849851,442816716,4028193,40.2346,41.88,100842.664,1.155971,0
442979765,442979156,4028193,39.53703,41.89,100851.0,1.1560665,0
443195958,443195332,4028193,40.205536,41.89,100843.0,1.1559749,0
443412410,443411794,4028193,38.868523,41.89,100859.0,1.1561582,0
443628559,443627951,4028193,38.28457,41.89,100866.0,1.1562384,0
443859140,443858531,4028193,38.783966,41.89,100860.0,1.1561697,0
443967696,443967080,4028193,38.451035,41.899998,100864.0,1.1562155,0
444184767,444184159,4028193,39.954514,41.899998,100846.0,1.1560092,0
444401355,444400747,4028193,38.36912,41.91,100865.0,1.156227,0
444617715,444617105,4028193,38.28457,41.899998,100866.0,1.1562384,0
444833824,444833216,4028193,37.616062,41.91,100874.0,1.1563302,0
445050308,445049700,4028193,37.446953,41.91,100876.0,1.1559813,0
445245297,445212155,4028193,38.17359,41.914997,100867.336,1.1562537,0
445439762,445428351,4028193,37.838017,41.899998,100871.336,1.1559279,0
445602004,445586901,4028193,37.531506,41.913334,100875.0,1.1559699,0
445828936,445813925,4028193,37.280487,41.916668,100878.0,1.1560043,0
446045377,446030287,4028193,37.254063,41.92,100878.336,1.1560081,0
446261956,446246917,4028193,37.476017,41.926666,100875.664,1.1559775,0
446434964,446412749,4028193,37.09288,41.93,100880.25,1.15603,0
446651220,446628947,4028193,36.92642,41.94,100882.25,1.1560531,0
446813395,446794787,4028193,36.892067,41.933334,100882.664,1.1560577,0
447029568,447010920,4028193,36.334538,41.94,100889.336,1.1561341,0
447245731,447227123,4028193,35.972538,41.943333,100893.664,1.1561837,0
447462101,447443446,4028193,35.806072,41.95,100895.664,1.1562067,0
447634965,447601954,4028193,35.7955,41.95,100895.8,1.1562083,0
447851339,447818224,4028193,35.35952,41.95,100901.0,1.1562679,0
447991903,447976861,4028193,34.997524,41.96,100905.336,1.1563176,0
448208064,448192990,4028193,35.082077,41.96,100904.336,1.156306,0
448424440,448409402,4028193,34.94203,41.96,100906.0,1.1563251,0
448640696,448625689,4028193,34.495483,41.966663,100911.336,1.1563863,0
448857298,448842172,4028193,34.66459,41.969997,100909.336,1.1563634,0
449030631,449008328,4028193,34.48227,41.969997,100911.5,1.1563882,0
449247336,449225018,4028193,33.771484,41.975,100920.0,1.1564856,0
449409835,449391126,4028193,34.10706,41.97333,100916.0,1.1564398,0
449626483,449607797,4028193,33.187534,41.98,100927.0,1.1565658,0
449829286,449817569,4028193,32.727768,41.985,100932.5,1.1566288,0
450045762,450034243,4028193,33.1479,41.989998,100927.5,1.1565715,0
450262418,450250920,4028193,32.10154,41.989998,100940.0,1.1567148,0
450446532,450409841,4028193,32.46354,41.989994,100935.664,1.1566651,0
450576345,450575737,4028193,32.854603,41.989998,100931.0,1.1562401,0
450807463,450792383,4028193,32.130608,41.996666,100939.664,1.156711,0
451014975,450996254,4028193,31.628565,42.0,100945.664,1.1567796,0
451231611,451212953,4028193,31.657629,42.0,100945.336,1.1564043,0
451447936,451429299,4028193,31.211079,42.01,100950.664,1.1564653,0
451620845,451587767,4028193,31.351122,42.01,100949.0,1.1564462,0
451837552,451804372,4028193,30.748672,42.018,100956.2,1.1565287,0
452053963,452020839,4028193,30.582207,42.02,100958.2,1.1565517,0
452194410,452179393,4028193,30.822659,42.02,100955.336,1.1565188,0
452410929,452395840,4028193,30.627125,42.02667,100957.664,1.1565455,0
452627628,452612526,4028193,30.40517,42.03,100960.336,1.156576,0
452844285,452829228,4028193,30.376104,42.03,100960.664,1.1565799,0
453060553,453045543,4028193,30.46066,42.03,100959.664,1.1565684,0
453233502,453211208,4028193,29.826504,42.04,100967.25,1.1566553,0
453450198,453427875,4028193,29.554344,42.04,100970.5,1.1566925,0
453612713,453593986,4028193,29.319178,42.046665,100973.336,1.156725,0
453828942,453810319,4028193,29.40109,42.046665,100972.336,1.1567136,0
454045274,454026531,4028193,28.484205,42.05,100983.336,1.1568396,0
454261883,454243219,4028193,29.179136,42.059998,100975.0,1.1567441,0
454435293,454402125,4028193,29.295397,42.058,100973.6,1.156728,0
454651519,454618495,4028193,28.97832,42.059998,100977.4,1.1567715,0
454791988,454776979,4028193,29.45922,42.059998,100971.664,1.1567059,0
455008667,454993593,4028193,28.679737,42.07,100981.0,1.1568128,0
455225083,455210031,4028193,28.040295,42.07,100988.664,1.1569006,0
455441197,455426172,4028193,28.650673,42.076664,100981.336,1.1568167,0
455657396,455642385,4028193,28.177696,42.076664,100987.0,1.1568816,0
455830436,455808102,4028193,28.074646,42.079998,100988.25,1.1565242,0
456046856,456024590,4028193,27.760208,42.079998,100992.0,1.1569388,0
456209005,456190371,4028193,27.704721,42.079998,100992.664,1.1565747,0
456425472,456406753,4028193,27.176258,42.09,100999.0,1.1566473,0
456642107,456623453,4028193,26.674217,42.09,101005.0,1.156716,0
456858828,456840173,4028193,26.50775,42.096664,101007.0,1.1567389,0
457031820,456998796,4028193,26.240875,42.1,101010.2,1.1567755,0
457248104,457215005,4028193,26.457546,42.101997,101007.6,1.1567458,0
457388881,457373823,4028193,26.174816,42.106667,101011.0,1.1567847,0
457605284,457590275,4028193,25.757332,42.11,101016.0,1.156842,0
457831981,457816917,4028193,25.590866,42.1,101018.0,1.1568649,0
458048130,458033050,4028193,25.590866,42.116665,101018.0,1.1568649,0
458221468,458199161,4028193,25.424398,42.12,101020.0,1.1568878,0
458437753,458415543,4028193,25.1311,42.12,101023.5,1.1569278,0
458654000,458631690,4028193,24.214216,42.129997,101034.5,1.1570538,0
458816295,458797626,4028193,25.035978,42.129997,101024.664,1.1569412,0
459032403,459013796,4028193,24.367472,42.129997,101032.664,1.1570328,0
459248813,459230119,4028193,23.80994,42.14,101039.336,1.1571093,0
459421723,459388660,4028193,24.087383,42.138,101036.0,1.157071,0
459637967,459604912,4028193,23.955269,42.14,101037.6,1.1570894,0
459854113,459821079,4028193,24.055677,42.147995,101036.4,1.1570755,0
459994930,459979881,4028193,24.142874,42.149998,101035.336,1.1570634,0
460211631,460196570,4028193,23.725388,42.149998,101040.336,1.1571207,0
460428351,460413236,4028193,23.004034,42.16,101049.0,1.1572199,0
460644989,460629937,4028193,22.948545,42.16,101049.664,1.156856,0
460818082,460795859,4028193,22.671103,42.16,101053.0,1.1568941,0
461044802,461026154,4028193,22.446505,42.149998,101055.664,1.1569246,0
461260968,461242339,4028193,22.335527,42.16,101057.0,1.15694,0
461434297,461401142,4028193,22.169062,42.17,101059.0,1.1569629,0
461650658,461617576,4028193,22.002594,42.17,101061.0,1.1569856,0
461791136,461776124,4028193,21.418642,42.18,101068.0,1.1570659,0
462007392,461992377,4028193,21.334087,42.18,101069.0,1.1570773,0
462224007,462208997,4028193,20.890177,42.186665,101074.336,1.1571383,0
462440158,462425140,4028193,20.639156,42.19,101077.336,1.1571728,0
462656884,462641796,4028193,20.7792,42.19,101075.664,1.1571536,0
462830204,462807935,4028193,20.10541,42.195,101083.75,1.1572462,0
463046684,463024413,4028193,20.041994,42.2,101084.5,1.1572547,0
463208802,463190192,4028193,20.306227,42.2,101081.336,1.1572185,0
463425281,463406599,4028193,19.360275,42.2,101092.664,1.1573482,0
463641956,463623302,4028193,19.555805,42.21,101090.336,1.1573215,0
463858165,463839557,4028193,19.415766,42.21,101092.0,1.1573405,0
464030996,463997981,4028193,19.28365,42.218,101093.6,1.1573589,0
464247222,464214159,4028193,19.066978,42.219997,101096.2,1.1570171,0
464387701,464372686,4028193,18.609856,42.219997,101101.664,1.1570796,0
464603763,464588743,4028193,18.554367,42.226665,101102.336,1.1570873,0
464820170,464805153,4028193,18.609856,42.22333,101101.664,1.1570796,0
465036381,465021369,4028193,18.165947,42.23,101107.0,1.1571406,0
465252928,465237886,4028193,18.195013,42.236668,101106.664,1.1571368,0
465425643,465407013,4028193,18.025904,42.23,101108.664,1.1571597,0
465642195,465623501,4028193,18.081392,42.239998,101108.0,1.157152,0
465858563,465839929,4028193,17.692972,42.246666,101112.664,1.1572055,0
466031478,465998434,4028193,17.732607,42.25,101112.2,1.1572002,0
466248042,466214932,4028193,17.079952,42.252,101120.0,1.1572895,0
466388930,466373827,4028193,16.831575,42.26,101123.0,1.1573238,0
466605600,466590530,4028193,16.776087,42.256664,101123.664,1.1573313,0
466822061,466807004,4028193,16.831575,42.266666,101123.0,1.1573238,0
467038369,467023359,4028193,16.303112,42.263332,101129.336,1.1573963,0
467254593,467239493,4028193,16.60698,42.27,101125.664,1.1573544,0
467427572,467405330,4028193,16.247622,42.27,101130.0,1.1574038,0
467643752,467621525,4028193,15.246184,42.28,101142.0,1.1575413,0
467859972,467837761,4028193,15.91469,42.28,101134.0,1.1574497,0
468022416,468003734,4028193,15.552693,42.28,101138.336,1.1574993,0
468239105,468220376,4028193,15.634604,42.283333,101137.336,1.1574879,0
468455752,468437095,4028193,15.164272,42.29,101143.0,1.1575527,0
468629151,468595981,4028193,15.111426,42.29,101143.6,1.1575596,0
468845817,468812711,4028193,15.129922,42.296,101143.4,1.1575572,0
468986558,468971514,4028193,14.469342,42.3,101151.336,1.1576481,0
469206940,469195511,4028193,14.244745,42.3,101154.0,1.1576786,0
469423576,469412167,4028193,14.704509,42.309998,101148.5,1.1576157,0
469640144,469628727,4028193,13.954089,42.309998,101157.5,1.1577187,0
469856508,469845099,4028193,14.078279,42.309998,101156.0,1.1577015,0
470040583,470003945,4028193,13.663434,42.315,101161.0,1.1577587,0
470256821,470220068,4028193,13.232736,42.320004,101166.164,1.1578178,0
470386806,470386114,4028193,12.329063,42.32,101177.0,1.1575701,0
470603101,470602492,4028193,13.496968,42.329998,101163.0,1.1577816,0
470819236,470818608,4028193,12.329063,42.329998,101177.0,1.1575701,0
471035440,471034831,4028193,11.911576,42.34,101182.0,1.1576273,0
471251916,471251275,4028193,11.7451105,42.34,101184.0,1.1576502,0
471457759,471417408,4028193,12.175808,42.34,101178.836,1.1575911,0
471587759,471576304,4028193,11.7451105,42.35,101184.0,1.1576502,0
471804403,471792983,4028193,11.660556,42.35,101185.0,1.1576617,0
472020679,472009272,4028193,10.994692,42.35,101193.0,1.1577532,0
472236752,472225343,4028193,11.121524,42.355,101191.5,1.1577361,0
472452901,472441492,4028193,11.454455,42.36,101187.5,1.1576903,0
472636783,472600130,4028193,11.007903,42.36,101192.836,1.1577513,0
472853196,472816572,4028193,10.466228,42.37,101199.336,1.1578257,0
472982850,472982240,4028193,10.410739,42.37,101200.0,1.1578333,0
473199018,473198410,4028193,10.743671,42.379997,101196.0,1.1577874,0
473415313,473414703,4028193,10.994692,42.379997,101193.0,1.1577532,0
473631561,473630952,4028193,10.661759,42.379997,101197.0,1.1577989,0
473847772,473847164,4028193,10.91278,42.379997,101194.0,1.1577647,0
474053163,474012926,4028193,10.925992,42.388332,101193.836,1.1573913,0
474183048,474171598,4028193,10.661759,42.39,101197.0,1.1574275,0
474399239,474398616,4028193,10.828225,42.379997,101195.0,1.1574047,0
474615439,474614830,4028193,10.828225,42.39,101195.0,1.1574047,0
474831979,474831369,4028193,10.828225,42.399998,101195.0,1.1574047,0
475048285,475047676,4028193,10.495293,42.399998,101199.0,1.1574504,0
475235899,475213572,4028193,10.849364,42.41,101194.75,1.1574019,0
475453757,475431064,4028193,10.891641,42.41,101194.25,1.1573962,0
475615969,475597343,4028193,10.717248,42.413334,101196.336,1.15742,0
475832403,475813688,4028193,10.439805,42.42,101199.664,1.1574581,0
476049061,476030355,4028193,10.857291,42.42,101194.664,1.1574008,0
476222432,476189259,4028193,10.812371,42.43,101195.2,1.1574069,0
476438932,476405915,4028193,10.846722,42.43,101194.8,1.1574024,0
476655110,476622090,4028193,10.91278,42.43,101194.0,1.1573932,0
476795728,476780698,4028193,10.717248,42.44,101196.336,1.15742,0
477012291,476997221,4028193,10.743671,42.44,101196.0,1.1574161,0
477228923,477213889,4028193,10.6908245,42.446667,101196.664,1.1574237,0
477445051,477429950,4028193,10.772737,42.45,101195.664,1.1574123,0
477618405,477596089,4028193,10.661759,42.45,101197.0,1.1574275,0
477834968,477812731,4028193,10.9524145,42.45,101193.5,1.1573875,0
478051280,478029025,4028193,10.870503,42.455,101194.5,1.1570277,0
478213334,478194726,4028193,11.023757,42.46,101192.664,1.1570067,0
478429869,478411215,4028193,10.91278,42.466663,101194.0,1.157022,0
478646383,478627767,4028193,10.994692,42.469997,101193.0,1.1570106,0
478819299,478786270,4028193,10.812371,42.469997,101195.2,1.1570357,0
479035647,479002609,4028193,10.894283,42.474,101194.2,1.1570243,0
479251737,479218724,4028193,10.944488,42.48,101193.6,1.1570175,0
479392215,479377194,4028193,10.6908245,42.489998,101196.664,1.1570524,0
479608386,479593375,4028193,11.05018,42.489998,101192.336,1.1570029,0
479824817,479809802,4028193,10.857291,42.489998,101194.664,1.1570296,0
480041013,480025988,4028193,10.939203,42.496666,101193.664,1.1570182,0
480257346,480242336,4028193,10.857291,42.5,101194.664,1.1570296,0
480430378,480408042,4028193,10.91278,42.5,101194.0,1.157022,0
480647014,480624765,4028193,10.807087,42.504997,101195.25,1.1570363,0
480809532,480790854,4028193,10.828225,42.51,101195.0,1.1570334,0
481026108,481007495,4028193,10.6908245,42.51,101196.664,1.1570524,0
481242198,481223587,4028193,11.023757,42.513332,101192.664,1.1570067,0
481458603,481439992,4028193,10.772737,42.52,101195.664,1.1570411,0
481631554,481598534,4028193,10.762167,42.522,101195.8,1.1570425,0
481829501,481807247,4028193,10.828225,42.53,101195.0,1.1570334,0
482047083,482024427,4028193,10.9524145,42.53,101193.5,1.1570163,0
482210147,482191541,4028193,10.939203,42.533333,101193.664,1.1570182,0
482426338,482407722,4028193,10.883715,42.533333,101194.336,1.1570258,0
482642463,482623833,4028193,10.772737,42.543335,101195.664,1.1570411,0
482858845,482840215,4028193,10.828225,42.543335,101195.0,1.1570334,0
483031963,482998924,4028193,10.828225,42.55,101195.0,1.1570334,0
483248176,483215089,4028193,10.894283,42.559998,101194.2,1.1570243,0
483389009,483373935,4028193,11.023757,42.559998,101192.664,1.1566359,0
483605712,483590588,4028193,10.828225,42.559998,101195.0,1.1570334,0
483821840,483806814,4028193,10.994692,42.566666,101193.0,1.1570106,0
484038281,484023145,4028193,10.857291,42.57,101194.664,1.1570296,0
484254379,484239371,4028193,11.079246,42.57,101192.0,1.1566283,0
484427430,484405172,4028193,10.91278,42.579998,101194.0,1.157022,0
484644158,484621856,4028193,10.64062,42.579998,101197.25,1.1566882,0
484806663,484787992,4028193,11.161159,42.59,101191.0,1.1566168,0
485022961,485004348,4028193,10.632694,42.59,101197.336,1.1566893,0
485239150,485220523,4028193,10.828225,42.59,101195.0,1.1566625,0
485455220,485436613,4028193,10.79916,42.6,101195.336,1.1566664,0
485628415,485595286,4028193,10.846722,42.6,101194.8,1.1566602,0
485844681,485811656,4028193,10.91278,42.6,101194.0,1.1566511,0
486042598,486022837,4028193,11.05018,42.6,101192.336,1.1566321,0
486205730,486180785,4028193,11.161159,42.61,101191.0,1.1566168,0
486424014,486405372,4028193,11.272135,42.61,101189.664,1.1566015,0
486640165,486621538,4028193,11.49409,42.62,101187.0,1.156571,0
486856893,486838222,4028193,11.774176,42.62,101183.664,1.1565329,0
487030207,486997106,4028193,11.729257,42.62,101184.2,1.1565391,0
487246411,487213391,4028193,11.811169,42.628,101183.2,1.1565278,0
487386951,487371887,4028193,11.885153,42.629997,101182.336,1.1565177,0
487613683,487598673,4028193,11.689622,42.629997,101184.664,1.1565443,0
487830149,487815129,4028193,11.967066,42.629997,101181.336,1.1565064,0
488046231,488031205,4028193,11.911576,42.64,101182.0,1.1565139,0
488219323,488197099,4028193,11.850803,42.644997,101182.75,1.1561518,0
488435490,488413276,4028193,11.953855,42.649998,101181.5,1.1561375,0
488652059,488629792,4028193,11.766249,42.66,101183.75,1.1561632,0
488802975,488787966,4028193,11.774176,42.646664,101183.664,1.1561621,0
489019296,489004287,4028193,11.660556,42.66,101185.0,1.1561775,0
489250479,489213754,4028193,11.676411,42.66,101184.836,1.1561756,0
489381961,489381351,4028193,11.660556,42.67,101185.0,1.1561775,0
489598365,489597757,4028193,11.327623,42.67,101189.0,1.1562232,0
489814727,489814117,4028193,12.24451,42.67,101178.0,1.1560975,0
490031125,490030515,4028193,12.078043,42.68,101180.0,1.1561203,0
490247377,490246768,4028193,11.7451105,42.69,101184.0,1.1561661,0
490452871,490412591,4028193,11.856088,42.69,101182.664,1.1561508,0
490582599,490571191,4028193,11.911576,42.69,101182.0,1.1561432,0
490798812,490787405,4028193,11.660556,42.695,101185.0,1.1561775,0
491015097,491003666,4028193,11.996131,42.7,101181.0,1.1561317,0
491231568,491220085,4028193,11.996131,42.7,101181.0,1.1557614,0
491415719,491379005,4028193,11.911576,42.70833,101182.0,1.1561432,0
491642443,491609368,4028193,11.77946,42.7,101183.6,1.155791,0
491859099,491825973,4028193,11.996131,42.71,101181.0,1.1557614,0
491999742,491984693,4028193,11.774176,42.710003,101183.664,1.1557918,0
492215793,492200773,4028193,11.800599,42.719997,101183.336,1.1557881,0
492432285,492417186,4028193,11.800599,42.72333,101183.336,1.1557881,0
492648523,492633504,4028193,12.048978,42.72333,101180.336,1.1557539,0
492836551,492799387,4028193,11.911576,42.72333,101182.0,1.1557728,0
493054693,493017389,4028193,11.98292,42.73,101181.164,1.1557633,0
493198426,493197817,4028193,12.078043,42.739998,101180.0,1.1557499,0
493429777,493429168,4028193,11.911576,42.739998,101182.0,1.1557728,0
493645968,493645360,4028193,12.078043,42.75,101180.0,1.1557499,0
493843621,493825006,4028193,12.078043,42.719997,101180.0,1.1557499,0
494049687,494031074,4028193,12.022554,42.73,101180.664,1.1557575,0
494245800,494234379,4028193,11.940642,42.75,101181.664,1.155769,0
494418544,494391939,4028193,11.895722,42.746,101182.2,1.1557752,0
494639001,494616757,4028193,11.890438,42.76,101182.25,1.1557757,0
494856525,494834068,4028193,12.078043,42.76,101180.0,1.1557499,0
495018622,494999973,4028193,11.885153,42.77,101182.336,1.1554065,0
495234847,495216209,4028193,12.107108,42.77,101179.664,1.155376,0
495451173,495432530,4028193,12.078043,42.78,101180.0,1.1553797,0
495624573,495591401,4028193,11.895722,42.786,101182.2,1.1554049,0
495841208,495808111,4028193,11.911576,42.788002,101182.0,1.1554025,0
496057725,496024615,4028193,11.977634,42.792,101181.2,1.1553934,0
496202445,496190995,4028193,11.911576,42.795,101182.0,1.1554025,0
496432984,496421561,4028193,12.37134,42.8,101176.5,1.1553398,0
496649690,496638218,4028193,11.620921,42.8,101185.5,1.1554426,0
496833598,496796909,4028193,11.856088,42.809998,101182.664,1.1554102,0
497049753,497013050,4028193,11.911576,42.809998,101182.0,1.1554025,0
497179489,497178881,4028193,12.078043,42.82,101180.0,1.1553797,0
497395879,497395270,4028193,11.996131,42.82,101181.0,1.1553911,0
497612295,497611602,4028193,11.911576,42.82,101182.0,1.1554025,0
497828745,497828136,4028193,11.7451105,42.829998,101184.0,1.1554254,0
498044931,498044323,4028193,12.24451,42.829998,101178.0,1.1553569,0
498250735,498210341,4028193,11.967066,42.835003,101181.336,1.155395,0
498394947,498394338,4028193,12.078043,42.829998,101180.0,1.1553797,0
498622145,498621537,4028193,11.829664,42.829998,101183.0,1.155414,0
498839078,498838470,4028193,11.829664,42.84,101183.0,1.155414,0
499055808,499055185,4028193,11.49409,42.85,101187.0,1.1554596,0
499250804,499217670,4028193,11.467668,42.850002,101187.336,1.1554635,0
499380617,499380006,4028193,11.412179,42.85,101188.0,1.1554711,0
499596881,499596273,4028193,11.49409,42.86,101187.0,1.1554596,0
499813396,499812787,4028193,11.079246,42.86,101192.0,1.1555167,0
500029807,500029197,4028193,10.91278,42.87,101194.0,1.1555396,0
500246108,500245498,4028193,10.91278,42.87,101194.0,1.1555396,0
500462623,500461926,4028193,11.245712,42.879997,101190.0,1.155494,0
500570635,500570024,4028193,10.91278,42.879997,101194.0,1.1551695,0
500786786,500786177,4028193,10.91278,42.879997,101194.0,1.1551695,0
501003191,501002581,4028193,10.661759,42.89,101197.0,1.1552037,0
501219352,501218741,4028193,10.828225,42.89,101195.0,1.1551809,0
501435735,501435127,4028193,10.91278,42.89,101194.0,1.1551695,0
501633464,501596328,4028193,10.661759,42.896,101197.0,1.1552037,0
501850325,501813707,4028193,10.79916,42.899998,101195.336,1.1551849,0
501980546,501979928,4028193,10.743671,42.899998,101196.0,1.1551924,0
502197843,502197156,4028193,10.828225,42.91,101195.0,1.1551809,0
502414325,502413715,4028193,10.828225,42.91,101195.0,1.1551809,0
502630400,502629770,4028193,10.994692,42.92,101193.0,1.1551582,0
502847034,502846426,4028193,10.495293,42.93,101199.0,1.1552266,0
503052666,503012370,4028193,10.785948,42.929996,101195.5,1.1551867,0
503182347,503170938,4028193,10.743671,42.93,101196.0,1.1551924,0
503398816,503387349,4028193,10.994692,42.934998,101193.0,1.1551582,0
503615201,503603793,4028193,10.579848,42.94,101198.0,1.1552153,0
503831375,503819934,4028193,10.828225,42.94,101195.0,1.1551809,0
504058659,504041916,4028193,10.870503,42.94,101194.5,1.1551752,0
504242426,504205789,4028193,10.883715,42.943333,101194.336,1.1551733,0
504458698,504421971,4028193,10.717248,42.95,101196.336,1.1548265,0
504588375,504587764,4028193,10.994692,42.96,101193.0,1.1551582,0
504818754,504803695,4028193,10.772737,42.960003,101195.664,1.1548188,0
505036083,505013609,4028193,10.9524145,42.96,101193.5,1.1547941,0
505253212,505230915,4028193,11.058107,42.969997,101192.25,1.1547798,0
505415467,505396841,4028193,10.91278,42.969997,101194.0,1.1547998,0
505631760,505613144,4028193,10.939203,42.98,101193.664,1.154796,0
505848289,505829568,4028193,10.743671,42.98,101196.0,1.1548226,0
506021625,505988508,4028193,10.812371,42.982002,101195.2,1.1548135,0
506226730,506204519,4028193,11.140019,42.98,101191.25,1.1547685,0
506443358,506421013,4028193,10.891641,42.985,101194.25,1.1548027,0
506659804,506637521,4028193,10.828225,43.0,101195.0,1.1548111,0
506822208,506803579,4028193,10.79916,42.996662,101195.336,1.1548151,0
507038428,507019744,4028193,10.883715,43.01,101194.336,1.1548036,0
507254846,507236187,4028193,10.939203,43.0,101193.664,1.154796,0
507427758,507394742,4028193,10.894283,43.01,101194.2,1.1548021,0
507643990,507610974,4028193,10.793876,43.02,101195.4,1.1548158,0
507860162,507827123,4028193,10.862576,43.02,101194.6,1.1548067,0
508001062,507985925,4028193,10.717248,43.02,101196.336,1.1548265,0
508217514,508202475,4028193,10.828225,43.03,101195.0,1.1548111,0
508433783,508418772,4028193,10.828225,43.033337,101195.0,1.1548111,0
508606955,508584645,4028193,10.91278,43.035004,101194.0,1.1547998,0
508827279,508808652,4028193,10.828225,43.039997,101195.0,1.1548111,0
509054498,509053889,4028193,11.079246,43.02,101192.0,1.1544074,0
509261202,509217216,4028193,11.113596,43.035713,101191.57,1.1547722,0
509405114,509404505,4028193,11.245712,43.02,101190.0,1.1543846,0
509640642,509640030,4028193,10.994692,43.02,101193.0,1.1544188,0
509857067,509813110,4028193,10.923349,43.037148,101193.86,1.1544286,0
509976317,509975701,4028193,10.661759,43.05,101197.0,1.1544644,0
510214446,510213836,4028193,11.245712,43.05,101190.0,1.1543846,0
510430588,510429975,4028193,11.161159,43.059998,101191.0,1.154396,0
510647215,510646606,4028193,10.91278,43.079998,101194.0,1.1544302,0
510848770,510811259,4028193,11.145304,43.064003,101191.2,1.1543983,0
