timestamp,nav_state_timestamp,failsafe_timestamp,onboard_control_sensors_present,onboard_control_sensors_enabled,onboard_control_sensors_health,armed_time,takeoff_time,nav_state,arming_state,hil_state,failsafe,system_type,system_id,component_id,vehicle_type,is_vtol,is_vtol_tailsitter,vtol_fw_permanent_stab,in_transition_mode,in_transition_to_fw,rc_signal_lost,data_link_lost,data_link_lost_counter,high_latency_data_link_lost,engine_failure,mission_failure,geofence_violated,failure_detector_status,latest_arming_reason,latest_disarming_reason
217335253,160047643,0,304709692,304709692,305102911,217335029,0,1,2,0,0,22,1,1,1,1,0,0,0,0,0,0,0,0,0,0,0,0,2,0
217836719,160047643,0,304709692,304709692,305102911,217335029,0,1,2,0,0,22,1,1,1,1,0,0,0,0,0,0,0,0,0,0,0,0,2,0
218023838,218023836,0,304709692,304709692,305102911,217335029,0,3,2,0,0,22,1,1,1,1,0,0,0,0,0,0,0,0,0,0,0,0,2,0
218045646,218023836,0,304709692,304709692,305102911,217335029,0,3,2,0,0,22,1,1,1,1,0,0,0,0,0,0,0,0,0,0,0,0,2,0
218551642,218023836,0,304709692,304709692,305102911,217335029,0,3,2,0,0,22,1,1,1,1,0,0,0,0,0,0,0,0,0,0,0,0,2,0
219057642,218023836,0,304709692,304709692,305102911,217335029,0,3,2,0,0,22,1,1,1,1,0,0,0,0,0,0,0,0,0,0,0,0,2,0
219564102,218023836,0,304709692,304709692,305102911,217335029,219069037,3,2,0,0,22,1,1,1,1,0,0,0,0,0,0,0,0,0,0,0,0,2,0
220069906,218023836,0,304709692,304709692,305102911,217335029,219069037,3,2,0,0,22,1,1,1,1,0,0,0,0,0,0,0,0,0,0,0,0,2,0
220575644,218023836,0,304709692,304709692,305102911,217335029,219069037,3,2,0,0,22,1,1,1,1,0,0,0,0,0,0,0,0,0,0,0,0,2,0
221081663,218023836,0,304709692,304709692,305102911,217335029,219069037,3,2,0,0,22,1,1,1,1,0,0,0,0,0,0,0,0,0,0,0,0,2,0
221587644,218023836,0,304709692,304709692,305102911,217335029,219069037,3,2,0,0,22,1,1,1,1,0,0,0,0,0,0,0,0,0,0,0,0,2,0
222093665,218023836,0,304709692,304709692,305102911,217335029,219069037,3,2,0,0,22,1,1,1,1,0,0,0,0,0,0,0,0,0,0,0,0,2,0
222599642,218023836,0,304709692,304709692,305102911,217335029,219069037,3,2,0,0,22,1,1,1,1,0,0,0,0,0,0,0,0,0,0,0,0,2,0
223106652,218023836,0,304709692,304709692,305102911,217335029,219069037,3,2,0,0,22,1,1,1,1,0,0,0,0,0,0,0,0,0,0,0,0,2,0
223612642,218023836,0,304709692,304709692,305102911,217335029,219069037,3,2,0,0,22,1,1,1,1,0,0,0,0,0,0,0,0,0,0,0,0,2,0
224119843,218023836,0,304709692,304709692,305102911,217335029,219069037,3,2,0,0,22,1,1,1,1,0,0,0,0,0,0,0,0,0,0,0,0,2,0
224625663,218023836,0,304709692,304709692,305102911,217335029,219069037,3,2,0,0,22,1,1,1,1,0,0,0,0,0,0,0,0,0,0,0,0,2,0
225131643,218023836,0,304709692,304709692,305102911,217335029,219069037,3,2,0,0,22,1,1,1,1,0,0,0,0,0,0,0,0,0,0,0,0,2,0
225637642,218023836,0,304709692,304709692,305102911,217335029,219069037,3,2,0,0,22,1,1,1,1,0,0,0,0,0,0,0,0,0,0,0,0,2,0
226143643,218023836,0,304709692,304709692,305102911,217335029,219069037,3,2,0,0,22,1,1,1,1,0,0,0,0,0,0,0,0,0,0,0,0,2,0
226649648,218023836,0,304709692,304709692,305102911,217335029,219069037,3,2,0,0,22,1,1,1,1,0,0,0,0,0,0,0,0,0,0,0,0,2,0
227155662,218023836,0,304709692,304709692,305102911,217335029,219069037,3,2,0,0,22,1,1,1,1,0,0,0,0,0,0,0,0,0,0,0,0,2,0
227661663,218023836,0,304709692,304709692,305102911,217335029,219069037,3,2,0,0,22,1,1,1,1,0,0,0,0,0,0,0,0,0,0,0,0,2,0
228167642,218023836,0,304709692,304709692,305102911,217335029,219069037,3,2,0,0,22,1,1,1,1,0,0,0,0,0,0,0,0,0,0,0,0,2,0
228673641,218023836,0,304709692,304709692,305102911,217335029,219069037,3,2,0,0,22,1,1,1,1,0,0,0,0,0,0,0,0,0,0,0,0,2,0
229179884,218023836,0,304709692,304709692,305102911,217335029,219069037,3,2,0,0,22,1,1,1,1,0,0,0,0,0,0,0,0,0,0,0,0,2,0
229685643,218023836,0,304709692,304709692,305102911,217335029,219069037,3,2,0,0,22,1,1,1,1,0,0,0,0,0,0,0,0,0,0,0,0,2,0
230191643,218023836,0,304709692,304709692,305102911,217335029,219069037,3,2,0,0,22,1,1,1,1,0,0,0,0,0,0,0,0,0,0,0,0,2,0
230697803,218023836,0,304709692,304709692,305102911,217335029,219069037,3,2,0,0,22,1,1,1,1,0,0,0,0,0,0,0,0,0,0,0,0,2,0
231203672,218023836,0,304709692,304709692,305102911,217335029,219069037,3,2,0,0,22,1,1,1,1,0,0,0,0,0,0,0,0,0,0,0,0,2,0
231710106,218023836,0,304709692,304709692,305102911,217335029,219069037,3,2,0,0,22,1,1,1,1,0,0,0,0,0,0,0,0,0,0,0,0,2,0
232215642,218023836,0,304709692,304709692,305102911,217335029,219069037,3,2,0,0,22,1,1,1,1,0,0,0,0,0,0,0,0,0,0,0,0,2,0
232721641,218023836,0,304709692,304709692,305102911,217335029,219069037,3,2,0,0,22,1,1,1,1,0,0,0,0,0,0,0,0,0,0,0,0,2,0
233228712,218023836,0,304709692,304709692,305102911,217335029,219069037,3,2,0,0,22,1,1,1,1,0,0,0,0,0,0,0,0,0,0,0,0,2,0
233734641,218023836,0,304709692,304709692,305102911,217335029,219069037,3,2,0,0,22,1,1,1,1,0,0,0,0,0,0,0,0,0,0,0,0,2,0
234240662,218023836,0,304709692,304709692,305102911,217335029,219069037,3,2,0,0,22,1,1,1,1,0,0,0,0,0,0,0,0,0,0,0,0,2,0
234746641,218023836,0,304709692,304709692,305102911,217335029,219069037,3,2,0,0,22,1,1,1,1,0,0,0,0,0,0,0,0,0,0,0,0,2,0
235252642,218023836,0,304709692,304709692,305102911,217335029,219069037,3,2,0,0,22,1,1,1,1,0,0,0,0,0,0,0,0,0,0,0,0,2,0
235758661,218023836,0,304709692,304709692,305102911,217335029,219069037,3,2,0,0,22,1,1,1,1,0,0,0,0,0,0,0,0,0,0,0,0,2,0
236264644,218023836,0,304709692,304709692,305102911,217335029,219069037,3,2,0,0,22,1,1,1,1,0,0,0,0,0,0,0,0,0,0,0,0,2,0
236770643,218023836,0,304709692,304709692,305102911,217335029,219069037,3,2,0,0,22,1,1,1,1,0,0,0,0,0,0,0,0,0,0,0,0,2,0
237276642,218023836,0,304709692,304709692,305102911,217335029,219069037,3,2,0,0,22,1,1,1,1,0,0,0,0,0,0,0,0,0,0,0,0,2,0
237782715,218023836,0,304709692,304709692,305102911,217335029,219069037,3,2,0,0,22,1,1,1,1,0,0,0,0,0,0,0,0,0,0,0,0,2,0
238288791,218023836,0,304709692,304709692,305102911,217335029,219069037,3,2,0,0,22,1,1,1,1,0,0,0,0,0,0,0,0,0,0,0,0,2,0
238794642,218023836,0,304709692,304709692,305102911,217335029,219069037,3,2,0,0,22,1,1,1,1,0,0,0,0,0,0,0,0,0,0,0,0,2,0
239300802,218023836,0,304709692,304709692,305102911,217335029,219069037,3,2,0,0,22,1,1,1,1,0,0,0,0,0,0,0,0,0,0,0,0,2,0
239806642,218023836,0,304709692,304709692,305102911,217335029,219069037,3,2,0,0,22,1,1,1,1,0,0,0,0,0,0,0,0,0,0,0,0,2,0
240312643,218023836,0,304709692,304709692,305102911,217335029,219069037,3,2,0,0,22,1,1,1,1,0,0,0,0,0,0,0,0,0,0,0,0,2,0
240818662,218023836,0,304709692,304709692,305102911,217335029,219069037,3,2,0,0,22,1,1,1,1,0,0,0,0,0,0,0,0,0,0,0,0,2,0
241324642,218023836,0,304709692,304709692,305102911,217335029,219069037,3,2,0,0,22,1,1,1,1,0,0,0,0,0,0,0,0,0,0,0,0,2,0
241830978,218023836,0,304709692,304709692,305102911,217335029,219069037,3,2,0,0,22,1,1,1,1,0,0,0,0,0,0,0,0,0,0,0,0,2,0
242336642,218023836,0,304709692,304709692,305102911,217335029,219069037,3,2,0,0,22,1,1,1,1,0,0,0,0,0,0,0,0,0,0,0,0,2,0
242842643,218023836,0,304709692,304709692,305102911,217335029,219069037,3,2,0,0,22,1,1,1,1,0,0,0,0,0,0,0,0,0,0,0,0,2,0
243348651,218023836,0,304709692,304709692,305102911,217335029,219069037,3,2,0,0,22,1,1,1,1,0,0,0,0,0,0,0,0,0,0,0,0,2,0
243854656,218023836,0,304709692,304709692,305102911,217335029,219069037,3,2,0,0,22,1,1,1,1,0,0,0,0,0,0,0,0,0,0,0,0,2,0
244361642,218023836,0,304709692,304709692,305102911,217335029,219069037,3,2,0,0,22,1,1,1,1,0,0,0,0,0,0,0,0,0,0,0,0,2,0
244867643,218023836,0,304709692,304709692,305102911,217335029,219069037,3,2,0,0,22,1,1,1,1,0,0,0,0,0,0,0,0,0,0,0,0,2,0
245373658,218023836,0,304709692,304709692,305102911,217335029,219069037,3,2,0,0,22,1,1,1,1,0,0,0,0,0,0,0,0,0,0,0,0,2,0
245879642,218023836,0,304709692,304709692,305102911,217335029,219069037,3,2,0,0,22,1,1,1,1,0,0,0,0,0,0,0,0,0,0,0,0,2,0
246385642,218023836,0,304709692,304709692,305102911,217335029,219069037,3,2,0,0,22,1,1,1,1,0,0,0,0,0,0,0,0,0,0,0,0,2,0
246892645,218023836,0,304709692,304709692,305102911,217335029,219069037,3,2,0,0,22,1,1,1,1,0,0,0,0,0,0,0,0,0,0,0,0,2,0
247398662,218023836,0,304709692,304709692,305102911,217335029,219069037,3,2,0,0,22,1,1,1,1,0,0,0,0,0,0,0,0,0,0,0,0,2,0
247904642,218023836,0,304709692,304709692,305102911,217335029,219069037,3,2,0,0,22,1,1,1,1,0,0,0,0,0,0,0,0,0,0,0,0,2,0
248410641,218023836,0,304709692,304709692,305102911,217335029,219069037,3,2,0,0,22,1,1,1,1,0,0,0,0,0,0,0,0,0,0,0,0,2,0
248916642,218023836,0,304709692,304709692,305102911,217335029,219069037,3,2,0,0,22,1,1,1,1,0,0,0,0,0,0,0,0,0,0,0,0,2,0
249422640,218023836,0,304709692,304709692,305102911,217335029,219069037,3,2,0,0,22,1,1,1,1,0,0,0,0,0,0,0,0,0,0,0,0,2,0
249928641,218023836,0,304709692,304709692,305102911,217335029,219069037,3,2,0,0,22,1,1,1,1,0,0,0,0,0,0,0,0,0,0,0,0,2,0
250434642,218023836,0,304709692,304709692,305102911,217335029,219069037,3,2,0,0,22,1,1,1,1,0,0,0,0,0,0,0,0,0,0,0,0,2,0
250940642,218023836,0,304709692,304709692,305102911,217335029,219069037,3,2,0,0,22,1,1,1,1,0,0,0,0,0,0,0,0,0,0,0,0,2,0
251446971,218023836,0,304709692,304709692,305102911,217335029,219069037,3,2,0,0,22,1,1,1,1,0,0,0,0,0,0,0,0,0,0,0,0,2,0
251952662,218023836,0,304709692,304709692,305102911,217335029,219069037,3,2,0,0,22,1,1,1,1,0,0,0,0,0,0,0,0,0,0,0,0,2,0
252459152,218023836,0,304709692,304709692,305102911,217335029,219069037,3,2,0,0,22,1,1,1,1,0,0,0,0,0,0,0,0,0,0,0,0,2,0
252964641,218023836,0,304709692,304709692,305102911,217335029,219069037,3,2,0,0,22,1,1,1,1,0,0,0,0,0,0,0,0,0,0,0,0,2,0
253470641,218023836,0,304709692,304709692,305102911,217335029,219069037,3,2,0,0,22,1,1,1,1,0,0,0,0,0,0,0,0,0,0,0,0,2,0
253977641,218023836,0,304709692,304709692,305102911,217335029,219069037,3,2,0,0,22,1,1,1,1,0,0,0,0,0,0,0,0,0,0,0,0,2,0
254484304,218023836,0,304709692,304709692,305102911,217335029,219069037,3,2,0,0,22,1,1,1,1,0,0,0,0,0,0,0,0,0,0,0,0,2,0
254989642,218023836,0,304709692,304709692,305102911,217335029,219069037,3,2,0,0,22,1,1,1,1,0,0,0,0,0,0,0,0,0,0,0,0,2,0
255496641,218023836,0,304709692,304709692,305102911,217335029,219069037,3,2,0,0,22,1,1,1,1,0,0,0,0,0,0,0,0,0,0,0,0,2,0
256002662,218023836,0,304709692,304709692,305102911,217335029,219069037,3,2,0,0,22,1,1,1,1,0,0,0,0,0,0,0,0,0,0,0,0,2,0
256508958,218023836,0,304709692,304709692,305102911,217335029,219069037,3,2,0,0,22,1,1,1,1,0,0,0,0,0,0,0,0,0,0,0,0,2,0
257014642,218023836,0,304709692,304709692,305102911,217335029,219069037,3,2,0,0,22,1,1,1,1,0,0,0,0,0,0,0,0,0,0,0,0,2,0
257521641,218023836,0,304709692,304709692,305102911,217335029,219069037,3,2,0,0,22,1,1,1,1,0,0,0,0,0,0,0,0,0,0,0,0,2,0
258027642,218023836,0,304709692,304709692,305102911,217335029,219069037,3,2,0,0,22,1,1,1,1,0,0,0,0,0,0,0,0,0,0,0,0,2,0
258533930,218023836,0,304709692,304709692,305102911,217335029,219069037,3,2,0,0,22,1,1,1,1,0,0,0,0,0,0,0,0,0,0,0,0,2,0
259039710,218023836,0,304709692,304709692,305102911,217335029,219069037,3,2,0,0,22,1,1,1,1,0,0,0,0,0,0,0,0,0,0,0,0,2,0
259545641,218023836,0,304709692,304709692,305102911,217335029,219069037,3,2,0,0,22,1,1,1,1,0,0,0,0,0,0,0,0,0,0,0,0,2,0
260051641,218023836,0,304709692,304709692,305102911,217335029,219069037,3,2,0,0,22,1,1,1,1,0,0,0,0,0,0,0,0,0,0,0,0,2,0
260062992,218023836,0,304709692,304709692,305102911,217335029,219069037,3,2,0,0,22,1,1,1,1,0,0,0,0,0,0,0,0,0,0,0,0,2,0
260568791,218023836,0,304709692,304709692,305102911,217335029,219069037,3,2,0,0,22,1,1,1,1,0,0,0,0,0,0,0,0,0,0,0,0,2,0
261075645,218023836,0,304709692,304709692,305102911,217335029,219069037,3,2,0,0,22,1,1,1,1,0,0,0,0,0,0,0,0,0,0,0,0,2,0
261581641,218023836,0,304709692,304709692,305102911,217335029,219069037,3,2,0,0,22,1,1,1,1,0,0,0,0,0,0,0,0,0,0,0,0,2,0
262087851,218023836,0,304709692,304709692,305102911,217335029,219069037,3,2,0,0,22,1,1,1,1,0,0,0,0,0,0,0,0,0,0,0,0,2,0
262593811,218023836,0,304709692,304709692,305102911,217335029,219069037,3,2,0,0,22,1,1,1,1,0,0,0,0,0,0,0,0,0,0,0,0,2,0
263099642,218023836,0,304709692,304709692,305102911,217335029,219069037,3,2,0,0,22,1,1,1,1,0,0,0,0,0,0,0,0,0,0,0,0,2,0
263133023,218023836,0,304709692,304709692,305102911,217335029,219069037,3,2,0,0,22,1,1,1,1,0,0,1,1,0,0,0,0,0,0,0,0,2,0
263639644,218023836,0,304709692,304709692,305102911,217335029,219069037,3,2,0,0,22,1,1,1,1,0,0,1,1,0,0,0,0,0,0,0,0,2,0
264145642,218023836,0,304709692,304709692,305102911,217335029,219069037,3,2,0,0,22,1,1,1,1,0,0,1,1,0,0,0,0,0,0,0,0,2,0
264651641,218023836,0,304709692,304709692,305102911,217335029,219069037,3,2,0,0,22,1,1,1,1,0,0,1,1,0,0,0,0,0,0,0,0,2,0
265157663,218023836,0,304709692,304709692,305102911,217335029,219069037,3,2,0,0,22,1,1,1,1,0,0,1,1,0,0,0,0,0,0,0,0,2,0
265663644,218023836,0,304709692,304709692,305102911,217335029,219069037,3,2,0,0,22,1,1,1,1,0,0,1,1,0,0,0,0,0,0,0,0,2,0
266169662,218023836,0,304709692,304709692,305102911,217335029,219069037,3,2,0,0,22,1,1,1,1,0,0,1,1,0,0,0,0,0,0,0,0,2,0
266675656,218023836,0,304709692,304709692,305102911,217335029,219069037,3,2,0,0,22,1,1,1,1,0,0,1,1,0,0,0,0,0,0,0,0,2,0
267181642,218023836,0,304709692,304709692,305102911,217335029,219069037,3,2,0,0,22,1,1,1,1,0,0,1,1,0,0,0,0,0,0,0,0,2,0
267687641,218023836,0,304709692,304709692,305102911,217335029,219069037,3,2,0,0,22,1,1,1,1,0,0,1,1,0,0,0,0,0,0,0,0,2,0
268193640,218023836,0,304709692,304709692,305102911,217335029,219069037,3,2,0,0,22,1,1,1,1,0,0,1,1,0,0,0,0,0,0,0,0,2,0
268699642,218023836,0,304709692,304709692,305102911,217335029,219069037,3,2,0,0,22,1,1,1,1,0,0,1,1,0,0,0,0,0,0,0,0,2,0
268787641,218023836,0,304709692,304709692,305102911,217335029,219069037,3,2,0,0,22,1,1,2,1,0,0,0,0,0,0,0,0,0,0,0,0,2,0
269293641,218023836,0,304709692,304709692,305102911,217335029,219069037,3,2,0,0,22,1,1,2,1,0,0,0,0,0,0,0,0,0,0,0,0,2,0
269799642,218023836,0,304709692,304709692,305102911,217335029,219069037,3,2,0,0,22,1,1,2,1,0,0,0,0,0,0,0,0,0,0,0,0,2,0
270305650,218023836,0,304709692,304709692,305102911,217335029,219069037,3,2,0,0,22,1,1,2,1,0,0,0,0,0,0,0,0,0,0,0,0,2,0
270811642,218023836,0,304709692,304709692,305102911,217335029,219069037,3,2,0,0,22,1,1,2,1,0,0,0,0,0,0,0,0,0,0,0,0,2,0
271317641,218023836,0,304709692,304709692,305102911,217335029,219069037,3,2,0,0,22,1,1,2,1,0,0,0,0,0,0,0,0,0,0,0,0,2,0
271823703,218023836,0,304709692,304709692,305102911,217335029,219069037,3,2,0,0,22,1,1,2,1,0,0,0,0,0,0,0,0,0,0,0,0,2,0
272329641,218023836,0,304709692,304709692,305102911,217335029,219069037,3,2,0,0,22,1,1,2,1,0,0,0,0,0,0,0,0,0,0,0,0,2,0
272835642,218023836,0,304709692,304709692,305102911,217335029,219069037,3,2,0,0,22,1,1,2,1,0,0,0,0,0,0,0,0,0,0,0,0,2,0
273341641,218023836,0,304709692,304709692,305102911,217335029,219069037,3,2,0,0,22,1,1,2,1,0,0,0,0,0,0,0,0,0,0,0,0,2,0
273847642,218023836,0,304709692,304709692,305102911,217335029,219069037,3,2,0,0,22,1,1,2,1,0,0,0,0,0,0,0,0,0,0,0,0,2,0
274354641,218023836,0,304709692,304709692,305102911,217335029,219069037,3,2,0,0,22,1,1,2,1,0,0,0,0,0,0,0,0,0,0,0,0,2,0
274860644,218023836,0,304709692,304709692,305102911,217335029,219069037,3,2,0,0,22,1,1,2,1,0,0,0,0,0,0,0,0,0,0,0,0,2,0
275366641,218023836,0,304709692,304709692,305102911,217335029,219069037,3,2,0,0,22,1,1,2,1,0,0,0,0,0,0,0,0,0,0,0,0,2,0
275872641,218023836,0,304709692,304709692,305102911,217335029,219069037,3,2,0,0,22,1,1,2,1,0,0,0,0,0,0,0,0,0,0,0,0,2,0
276378641,218023836,0,304709692,304709692,305102911,217335029,219069037,3,2,0,0,22,1,1,2,1,0,0,0,0,0,0,0,0,0,0,0,0,2,0
276884656,218023836,0,304709692,304709692,305102911,217335029,219069037,3,2,0,0,22,1,1,2,1,0,0,0,0,0,0,0,0,0,0,0,0,2,0
277390665,218023836,0,304709692,304709692,305102911,217335029,219069037,3,2,0,0,22,1,1,2,1,0,0,0,0,0,0,0,0,0,0,0,0,2,0
277896641,218023836,0,304709692,304709692,305102911,217335029,219069037,3,2,0,0,22,1,1,2,1,0,0,0,0,0,0,0,0,0,0,0,0,2,0
278402656,218023836,0,304709692,304709692,305102911,217335029,219069037,3,2,0,0,22,1,1,2,1,0,0,0,0,0,0,0,0,0,0,0,0,2,0
278908642,218023836,0,304709692,304709692,305102911,217335029,219069037,3,2,0,0,22,1,1,2,1,0,0,0,0,0,0,0,0,0,0,0,0,2,0
279414643,218023836,0,304709692,304709692,305102911,217335029,219069037,3,2,0,0,22,1,1,2,1,0,0,0,0,0,0,0,0,0,0,0,0,2,0
279920642,218023836,0,304709692,304709692,305102911,217335029,219069037,3,2,0,0,22,1,1,2,1,0,0,0,0,0,0,0,0,0,0,0,0,2,0
280426662,218023836,0,304709692,304709692,305102911,217335029,219069037,3,2,0,0,22,1,1,2,1,0,0,0,0,0,0,0,0,0,0,0,0,2,0
280932654,218023836,0,304709692,304709692,305102911,217335029,219069037,3,2,0,0,22,1,1,2,1,0,0,0,0,0,0,0,0,0,0,0,0,2,0
281438662,218023836,0,304709692,304709692,305102911,217335029,219069037,3,2,0,0,22,1,1,2,1,0,0,0,0,0,0,0,0,0,0,0,0,2,0
281945048,218023836,0,304709692,304709692,305102911,217335029,219069037,3,2,0,0,22,1,1,2,1,0,0,0,0,0,0,0,0,0,0,0,0,2,0
282450642,218023836,0,304709692,304709692,305102911,217335029,219069037,3,2,0,0,22,1,1,2,1,0,0,0,0,0,0,0,0,0,0,0,0,2,0
282956641,218023836,0,304709692,304709692,305102911,217335029,219069037,3,2,0,0,22,1,1,2,1,0,0,0,0,0,0,0,0,0,0,0,0,2,0
283462641,218023836,0,304709692,304709692,305102911,217335029,219069037,3,2,0,0,22,1,1,2,1,0,0,0,0,0,0,0,0,0,0,0,0,2,0
283968642,218023836,0,304709692,304709692,305102911,217335029,219069037,3,2,0,0,22,1,1,2,1,0,0,0,0,0,0,0,0,0,0,0,0,2,0
284475124,218023836,0,304709692,304709692,305102911,217335029,219069037,3,2,0,0,22,1,1,2,1,0,0,0,0,0,0,0,0,0,0,0,0,2,0
284980643,218023836,0,304709692,304709692,305102911,217335029,219069037,3,2,0,0,22,1,1,2,1,0,0,0,0,0,0,0,0,0,0,0,0,2,0
285486641,218023836,0,304709692,304709692,305102911,217335029,219069037,3,2,0,0,22,1,1,2,1,0,0,0,0,0,0,0,0,0,0,0,0,2,0
285992641,218023836,0,304709692,304709692,305102911,217335029,219069037,3,2,0,0,22,1,1,2,1,0,0,0,0,0,0,0,0,0,0,0,0,2,0
286499641,218023836,0,304709692,304709692,305102911,217335029,219069037,3,2,0,0,22,1,1,2,1,0,0,0,0,0,0,0,0,0,0,0,0,2,0
287005642,218023836,0,304709692,304709692,305102911,217335029,219069037,3,2,0,0,22,1,1,2,1,0,0,0,0,0,0,0,0,0,0,0,0,2,0
287511641,218023836,0,304709692,304709692,305102911,217335029,219069037,3,2,0,0,22,1,1,2,1,0,0,0,0,0,0,0,0,0,0,0,0,2,0
288017641,218023836,0,304709692,304709692,305102911,217335029,219069037,3,2,0,0,22,1,1,2,1,0,0,0,0,0,0,0,0,0,0,0,0,2,0
288523887,218023836,0,304709692,304709692,305102911,217335029,219069037,3,2,0,0,22,1,1,2,1,0,0,0,0,0,0,0,0,0,0,0,0,2,0
289029671,218023836,0,304709692,304709692,305102911,217335029,219069037,3,2,0,0,22,1,1,2,1,0,0,0,0,0,0,0,0,0,0,0,0,2,0
289535643,218023836,0,304709692,304709692,305102911,217335029,219069037,3,2,0,0,22,1,1,2,1,0,0,0,0,0,0,0,0,0,0,0,0,2,0
290041642,218023836,0,304709692,304709692,305102911,217335029,219069037,3,2,0,0,22,1,1,2,1,0,0,0,0,0,0,0,0,0,0,0,0,2,0
290547646,218023836,0,304709692,304709692,305102911,217335029,219069037,3,2,0,0,22,1,1,2,1,0,0,0,0,0,0,0,0,0,0,0,0,2,0
291053642,218023836,0,304709692,304709692,305102911,217335029,219069037,3,2,0,0,22,1,1,2,1,0,0,0,0,0,0,0,0,0,0,0,0,2,0
291559641,218023836,0,304709692,304709692,305102911,217335029,219069037,3,2,0,0,22,1,1,2,1,0,0,0,0,0,0,0,0,0,0,0,0,2,0
292065664,218023836,0,304709692,304709692,305102911,217335029,219069037,3,2,0,0,22,1,1,2,1,0,0,0,0,0,0,0,0,0,0,0,0,2,0
292571644,218023836,0,304709692,304709692,305102911,217335029,219069037,3,2,0,0,22,1,1,2,1,0,0,0,0,0,0,0,0,0,0,0,0,2,0
293077641,218023836,0,304709692,304709692,305102911,217335029,219069037,3,2,0,0,22,1,1,2,1,0,0,0,0,0,0,0,0,0,0,0,0,2,0
293583641,218023836,0,304709692,304709692,305102911,217335029,219069037,3,2,0,0,22,1,1,2,1,0,0,0,0,0,0,0,0,0,0,0,0,2,0
294089733,218023836,0,304709692,304709692,305102911,217335029,219069037,3,2,0,0,22,1,1,2,1,0,0,0,0,0,0,0,0,0,0,0,0,2,0
294596005,218023836,0,304709692,304709692,305102911,217335029,219069037,3,2,0,0,22,1,1,2,1,0,0,0,0,0,0,0,0,0,0,0,0,2,0
295101641,218023836,0,304709692,304709692,305102911,217335029,219069037,3,2,0,0,22,1,1,2,1,0,0,0,0,0,0,0,0,0,0,0,0,2,0
295607641,218023836,0,304709692,304709692,305102911,217335029,219069037,3,2,0,0,22,1,1,2,1,0,0,0,0,0,0,0,0,0,0,0,0,2,0
296113641,218023836,0,304709692,304709692,305102911,217335029,219069037,3,2,0,0,22,1,1,2,1,0,0,0,0,0,0,0,0,0,0,0,0,2,0
296619642,218023836,0,304709692,304709692,305102911,217335029,219069037,3,2,0,0,22,1,1,2,1,0,0,0,0,0,0,0,0,0,0,0,0,2,0
297125640,218023836,0,304709692,304709692,305102911,217335029,219069037,3,2,0,0,22,1,1,2,1,0,0,0,0,0,0,0,0,0,0,0,0,2,0
297631664,218023836,0,304709692,304709692,305102911,217335029,219069037,3,2,0,0,22,1,1,2,1,0,0,0,0,0,0,0,0,0,0,0,0,2,0
298137641,218023836,0,304709692,304709692,305102911,217335029,219069037,3,2,0,0,22,1,1,2,1,0,0,0,0,0,0,0,0,0,0,0,0,2,0
298643662,218023836,0,304709692,304709692,305102911,217335029,219069037,3,2,0,0,22,1,1,2,1,0,0,0,0,0,0,0,0,0,0,0,0,2,0
299149662,218023836,0,304709692,304709692,305102911,217335029,219069037,3,2,0,0,22,1,1,2,1,0,0,0,0,0,0,0,0,0,0,0,0,2,0
299655643,218023836,0,304709692,304709692,305102911,217335029,219069037,3,2,0,0,22,1,1,2,1,0,0,0,0,0,0,0,0,0,0,0,0,2,0
300161641,218023836,0,304709692,304709692,305102911,217335029,219069037,3,2,0,0,22,1,1,2,1,0,0,0,0,0,0,0,0,0,0,0,0,2,0
300667642,218023836,0,304709692,304709692,305102911,217335029,219069037,3,2,0,0,22,1,1,2,1,0,0,0,0,0,0,0,0,0,0,0,0,2,0
301173729,218023836,0,304709692,304709692,305102911,217335029,219069037,3,2,0,0,22,1,1,2,1,0,0,0,0,0,0,0,0,0,0,0,0,2,0
301679641,218023836,0,304709692,304709692,305102911,217335029,219069037,3,2,0,0,22,1,1,2,1,0,0,0,0,0,0,0,0,0,0,0,0,2,0
302185641,218023836,0,304709692,304709692,305102911,217335029,219069037,3,2,0,0,22,1,1,2,1,0,0,0,0,0,0,0,0,0,0,0,0,2,0
302691888,218023836,0,304709692,304709692,305102911,217335029,219069037,3,2,0,0,22,1,1,2,1,0,0,0,0,0,0,0,0,0,0,0,0,2,0
303197661,218023836,0,304709692,304709692,305102911,217335029,219069037,3,2,0,0,22,1,1,2,1,0,0,0,0,0,0,0,0,0,0,0,0,2,0
303703641,218023836,0,304709692,304709692,305102911,217335029,219069037,3,2,0,0,22,1,1,2,1,0,0,0,0,0,0,0,0,0,0,0,0,2,0
304210155,218023836,0,304709692,304709692,305102911,217335029,219069037,3,2,0,0,22,1,1,2,1,0,0,0,0,0,0,0,0,0,0,0,0,2,0
304715642,218023836,0,304709692,304709692,305102911,217335029,219069037,3,2,0,0,22,1,1,2,1,0,0,0,0,0,0,0,0,0,0,0,0,2,0
305221965,218023836,0,304709692,304709692,305102911,217335029,219069037,3,2,0,0,22,1,1,2,1,0,0,0,0,0,0,0,0,0,0,0,0,2,0
305728646,218023836,0,304709692,304709692,305102911,217335029,219069037,3,2,0,0,22,1,1,2,1,0,0,0,0,0,0,0,0,0,0,0,0,2,0
306234934,218023836,0,304709692,304709692,305102911,217335029,219069037,3,2,0,0,22,1,1,2,1,0,0,0,0,0,0,0,0,0,0,0,0,2,0
306742320,218023836,0,304709692,304709692,305102911,217335029,219069037,3,2,0,0,22,1,1,2,1,0,0,0,0,0,0,0,0,0,0,0,0,2,0
307247661,218023836,0,304709692,304709692,305102911,217335029,219069037,3,2,0,0,22,1,1,2,1,0,0,0,0,0,0,0,0,0,0,0,0,2,0
307753642,218023836,0,304709692,304709692,305102911,217335029,219069037,3,2,0,0,22,1,1,2,1,0,0,0,0,0,0,0,0,0,0,0,0,2,0
308260233,218023836,0,304709692,304709692,305102911,217335029,219069037,3,2,0,0,22,1,1,2,1,0,0,0,0,0,0,0,0,0,0,0,0,2,0
308765676,218023836,0,304709692,304709692,305102911,217335029,219069037,3,2,0,0,22,1,1,2,1,0,0,0,0,0,0,0,0,0,0,0,0,2,0
309271641,218023836,0,304709692,304709692,305102911,217335029,219069037,3,2,0,0,22,1,1,2,1,0,0,0,0,0,0,0,0,0,0,0,0,2,0
309778686,218023836,0,304709692,304709692,305102911,217335029,219069037,3,2,0,0,22,1,1,2,1,0,0,0,0,0,0,0,0,0,0,0,0,2,0
310285015,218023836,0,304709692,304709692,305102911,217335029,219069037,3,2,0,0,22,1,1,2,1,0,0,0,0,0,0,0,0,0,0,0,0,2,0
310790654,218023836,0,304709692,304709692,305102911,217335029,219069037,3,2,0,0,22,1,1,2,1,0,0,0,0,0,0,0,0,0,0,0,0,2,0
311296675,218023836,0,304709692,304709692,305102911,217335029,219069037,3,2,0,0,22,1,1,2,1,0,0,0,0,0,0,0,0,0,0,0,0,2,0
311802937,218023836,0,304709692,304709692,305102911,217335029,219069037,3,2,0,0,22,1,1,2,1,0,0,0,0,0,0,0,0,0,0,0,0,2,0
312308641,218023836,0,304709692,304709692,305102911,217335029,219069037,3,2,0,0,22,1,1,2,1,0,0,0,0,0,0,0,0,0,0,0,0,2,0
312814715,218023836,0,304709692,304709692,305102911,217335029,219069037,3,2,0,0,22,1,1,2,1,0,0,0,0,0,0,0,0,0,0,0,0,2,0
313320641,218023836,0,304709692,304709692,305102911,217335029,219069037,3,2,0,0,22,1,1,2,1,0,0,0,0,0,0,0,0,0,0,0,0,2,0
313826642,218023836,0,304709692,304709692,305102911,217335029,219069037,3,2,0,0,22,1,1,2,1,0,0,0,0,0,0,0,0,0,0,0,0,2,0
314332699,218023836,0,304709692,304709692,305102911,217335029,219069037,3,2,0,0,22,1,1,2,1,0,0,0,0,0,0,0,0,0,0,0,0,2,0
314838686,218023836,0,304709692,304709692,305102911,217335029,219069037,3,2,0,0,22,1,1,2,1,0,0,0,0,0,0,0,0,0,0,0,0,2,0
315344642,218023836,0,304709692,304709692,305102911,217335029,219069037,3,2,0,0,22,1,1,2,1,0,0,0,0,0,0,0,0,0,0,0,0,2,0
315850642,218023836,0,304709692,304709692,305102911,217335029,219069037,3,2,0,0,22,1,1,2,1,0,0,0,0,0,0,0,0,0,0,0,0,2,0
316356641,218023836,0,304709692,304709692,305102911,217335029,219069037,3,2,0,0,22,1,1,2,1,0,0,0,0,0,0,0,0,0,0,0,0,2,0
316863670,218023836,0,304709692,304709692,305102911,217335029,219069037,3,2,0,0,22,1,1,2,1,0,0,0,0,0,0,0,0,0,0,0,0,2,0
317369641,218023836,0,304709692,304709692,305102911,217335029,219069037,3,2,0,0,22,1,1,2,1,0,0,0,0,0,0,0,0,0,0,0,0,2,0
317875642,218023836,0,304709692,304709692,305102911,217335029,219069037,3,2,0,0,22,1,1,2,1,0,0,0,0,0,0,0,0,0,0,0,0,2,0
318381661,218023836,0,304709692,304709692,305102911,217335029,219069037,3,2,0,0,22,1,1,2,1,0,0,0,0,0,0,0,0,0,0,0,0,2,0
318887943,218023836,0,304709692,304709692,305102911,217335029,219069037,3,2,0,0,22,1,1,2,1,0,0,0,0,0,0,0,0,0,0,0,0,2,0
319393642,218023836,0,304709692,304709692,305102911,217335029,219069037,3,2,0,0,22,1,1,2,1,0,0,0,0,0,0,0,0,0,0,0,0,2,0
319899642,218023836,0,304709692,304709692,305102911,217335029,219069037,3,2,0,0,22,1,1,2,1,0,0,0,0,0,0,0,0,0,0,0,0,2,0
320405640,218023836,0,304709692,304709692,305102911,217335029,219069037,3,2,0,0,22,1,1,2,1,0,0,0,0,0,0,0,0,0,0,0,0,2,0
320911641,218023836,0,304709692,304709692,305102911,217335029,219069037,3,2,0,0,22,1,1,2,1,0,0,0,0,0,0,0,0,0,0,0,0,2,0
321417641,218023836,0,304709692,304709692,305102911,217335029,219069037,3,2,0,0,22,1,1,2,1,0,0,0,0,0,0,0,0,0,0,0,0,2,0
321923641,218023836,0,304709692,304709692,305102911,217335029,219069037,3,2,0,0,22,1,1,2,1,0,0,0,0,0,0,0,0,0,0,0,0,2,0
322429641,218023836,0,304709692,304709692,305102911,217335029,219069037,3,2,0,0,22,1,1,2,1,0,0,0,0,0,0,0,0,0,0,0,0,2,0
322935672,218023836,0,304709692,304709692,305102911,217335029,219069037,3,2,0,0,22,1,1,2,1,0,0,0,0,0,0,0,0,0,0,0,0,2,0
323441662,218023836,0,304709692,304709692,305102911,217335029,219069037,3,2,0,0,22,1,1,2,1,0,0,0,0,0,0,0,0,0,0,0,0,2,0
323947642,218023836,0,304709692,304709692,305102911,217335029,219069037,3,2,0,0,22,1,1,2,1,0,0,0,0,0,0,0,0,0,0,0,0,2,0
324453642,218023836,0,304709692,304709692,305102911,217335029,219069037,3,2,0,0,22,1,1,2,1,0,0,0,0,0,0,0,0,0,0,0,0,2,0
324959641,218023836,0,304709692,304709692,305102911,217335029,219069037,3,2,0,0,22,1,1,2,1,0,0,0,0,0,0,0,0,0,0,0,0,2,0
325465723,218023836,0,304709692,304709692,305102911,217335029,219069037,3,2,0,0,22,1,1,2,1,0,0,0,0,0,0,0,0,0,0,0,0,2,0
325971640,218023836,0,304709692,304709692,305102911,217335029,219069037,3,2,0,0,22,1,1,2,1,0,0,0,0,0,0,0,0,0,0,0,0,2,0
326477662,218023836,0,304709692,304709692,305102911,217335029,219069037,3,2,0,0,22,1,1,2,1,0,0,0,0,0,0,0,0,0,0,0,0,2,0
326983698,218023836,0,304709692,304709692,305102911,217335029,219069037,3,2,0,0,22,1,1,2,1,0,0,0,0,0,0,0,0,0,0,0,0,2,0
327489643,218023836,0,304709692,304709692,305102911,217335029,219069037,3,2,0,0,22,1,1,2,1,0,0,0,0,0,0,0,0,0,0,0,0,2,0
327996032,218023836,0,304709692,304709692,305102911,217335029,219069037,3,2,0,0,22,1,1,2,1,0,0,0,0,0,0,0,0,0,0,0,0,2,0
328501655,218023836,0,304709692,304709692,305102911,217335029,219069037,3,2,0,0,22,1,1,2,1,0,0,0,0,0,0,0,0,0,0,0,0,2,0
329007654,218023836,0,304709692,304709692,305102911,217335029,219069037,3,2,0,0,22,1,1,2,1,0,0,0,0,0,0,0,0,0,0,0,0,2,0
329513891,218023836,0,304709692,304709692,305102911,217335029,219069037,3,2,0,0,22,1,1,2,1,0,0,0,0,0,0,0,0,0,0,0,0,2,0
330019642,218023836,0,304709692,304709692,305102911,217335029,219069037,3,2,0,0,22,1,1,2,1,0,0,0,0,0,0,0,0,0,0,0,0,2,0
330525641,218023836,0,304709692,304709692,305102911,217335029,219069037,3,2,0,0,22,1,1,2,1,0,0,0,0,0,0,0,0,0,0,0,0,2,0
331031640,218023836,0,304709692,304709692,305102911,217335029,219069037,3,2,0,0,22,1,1,2,1,0,0,0,0,0,0,0,0,0,0,0,0,2,0
331538935,218023836,0,304709692,304709692,305102911,217335029,219069037,3,2,0,0,22,1,1,2,1,0,0,0,0,0,0,0,0,0,0,0,0,2,0
332044660,218023836,0,304709692,304709692,305102911,217335029,219069037,3,2,0,0,22,1,1,2,1,0,0,0,0,0,0,0,0,0,0,0,0,2,0
332550641,218023836,0,304709692,304709692,305102911,217335029,219069037,3,2,0,0,22,1,1,2,1,0,0,0,0,0,0,0,0,0,0,0,0,2,0
333056641,218023836,0,304709692,304709692,305102911,217335029,219069037,3,2,0,0,22,1,1,2,1,0,0,0,0,0,0,0,0,0,0,0,0,2,0
333562656,218023836,0,304709692,304709692,305102911,217335029,219069037,3,2,0,0,22,1,1,2,1,0,0,0,0,0,0,0,0,0,0,0,0,2,0
334068640,218023836,0,304709692,304709692,305102911,217335029,219069037,3,2,0,0,22,1,1,2,1,0,0,0,0,0,0,0,0,0,0,0,0,2,0
334574641,218023836,0,304709692,304709692,305102911,217335029,219069037,3,2,0,0,22,1,1,2,1,0,0,0,0,0,0,0,0,0,0,0,0,2,0
335081641,218023836,0,304709692,304709692,305102911,217335029,219069037,3,2,0,0,22,1,1,2,1,0,0,0,0,0,0,0,0,0,0,0,0,2,0
335587641,218023836,0,304709692,304709692,305102911,217335029,219069037,3,2,0,0,22,1,1,2,1,0,0,0,0,0,0,0,0,0,0,0,0,2,0
336093641,218023836,0,304709692,304709692,305102911,217335029,219069037,3,2,0,0,22,1,1,2,1,0,0,0,0,0,0,0,0,0,0,0,0,2,0
336599903,218023836,0,304709692,304709692,305102911,217335029,219069037,3,2,0,0,22,1,1,2,1,0,0,0,0,0,0,0,0,0,0,0,0,2,0
337105642,218023836,0,304709692,304709692,305102911,217335029,219069037,3,2,0,0,22,1,1,2,1,0,0,0,0,0,0,0,0,0,0,0,0,2,0
337611851,218023836,0,304709692,304709692,305102911,217335029,219069037,3,2,0,0,22,1,1,2,1,0,0,0,0,0,0,0,0,0,0,0,0,2,0
338117641,218023836,0,304709692,304709692,305102911,217335029,219069037,3,2,0,0,22,1,1,2,1,0,0,0,0,0,0,0,0,0,0,0,0,2,0
338623644,218023836,0,304709692,304709692,305102911,217335029,219069037,3,2,0,0,22,1,1,2,1,0,0,0,0,0,0,0,0,0,0,0,0,2,0
339129738,218023836,0,304709692,304709692,305102911,217335029,219069037,3,2,0,0,22,1,1,2,1,0,0,0,0,0,0,0,0,0,0,0,0,2,0
339635643,218023836,0,304709692,304709692,305102911,217335029,219069037,3,2,0,0,22,1,1,2,1,0,0,0,0,0,0,0,0,0,0,0,0,2,0
340141641,218023836,0,304709692,304709692,305102911,217335029,219069037,3,2,0,0,22,1,1,2,1,0,0,0,0,0,0,0,0,0,0,0,0,2,0
340647675,218023836,0,304709692,304709692,305102911,217335029,219069037,3,2,0,0,22,1,1,2,1,0,0,0,0,0,0,0,0,0,0,0,0,2,0
341153642,218023836,0,304709692,304709692,305102911,217335029,219069037,3,2,0,0,22,1,1,2,1,0,0,0,0,0,0,0,0,0,0,0,0,2,0
341659874,218023836,0,304709692,304709692,305102911,217335029,219069037,3,2,0,0,22,1,1,2,1,0,0,0,0,0,0,0,0,0,0,0,0,2,0
342166641,218023836,0,304709692,304709692,305102911,217335029,219069037,3,2,0,0,22,1,1,2,1,0,0,0,0,0,0,0,0,0,0,0,0,2,0
342672640,218023836,0,304709692,304709692,305102911,217335029,219069037,3,2,0,0,22,1,1,2,1,0,0,0,0,0,0,0,0,0,0,0,0,2,0
343178642,218023836,0,304709692,304709692,305102911,217335029,219069037,3,2,0,0,22,1,1,2,1,0,0,0,0,0,0,0,0,0,0,0,0,2,0
343684968,218023836,0,304709692,304709692,305102911,217335029,219069037,3,2,0,0,22,1,1,2,1,0,0,0,0,0,0,0,0,0,0,0,0,2,0
344191643,218023836,0,304709692,304709692,305102911,217335029,219069037,3,2,0,0,22,1,1,2,1,0,0,0,0,0,0,0,0,0,0,0,0,2,0
344697641,218023836,0,304709692,304709692,305102911,217335029,219069037,3,2,0,0,22,1,1,2,1,0,0,0,0,0,0,0,0,0,0,0,0,2,0
345205133,218023836,0,304709692,304709692,305102911,217335029,219069037,3,2,0,0,22,1,1,2,1,0,0,0,0,0,0,0,0,0,0,0,0,2,0
345710642,218023836,0,304709692,304709692,305102911,217335029,219069037,3,2,0,0,22,1,1,2,1,0,0,0,0,0,0,0,0,0,0,0,0,2,0
346217660,218023836,0,304709692,304709692,305102911,217335029,219069037,3,2,0,0,22,1,1,2,1,0,0,0,0,0,0,0,0,0,0,0,0,2,0
346723652,218023836,0,304709692,304709692,305102911,217335029,219069037,3,2,0,0,22,1,1,2,1,0,0,0,0,0,0,0,0,0,0,0,0,2,0
347229640,218023836,0,304709692,304709692,305102911,217335029,219069037,3,2,0,0,22,1,1,2,1,0,0,0,0,0,0,0,0,0,0,0,0,2,0
347735641,218023836,0,304709692,304709692,305102911,217335029,219069037,3,2,0,0,22,1,1,2,1,0,0,0,0,0,0,0,0,0,0,0,0,2,0
348241665,218023836,0,304709692,304709692,305102911,217335029,219069037,3,2,0,0,22,1,1,2,1,0,0,0,0,0,0,0,0,0,0,0,0,2,0
348747641,218023836,0,304709692,304709692,305102911,217335029,219069037,3,2,0,0,22,1,1,2,1,0,0,0,0,0,0,0,0,0,0,0,0,2,0
349253643,218023836,0,304709692,304709692,305102911,217335029,219069037,3,2,0,0,22,1,1,2,1,0,0,0,0,0,0,0,0,0,0,0,0,2,0
349759641,218023836,0,304709692,304709692,305102911,217335029,219069037,3,2,0,0,22,1,1,2,1,0,0,0,0,0,0,0,0,0,0,0,0,2,0
350265783,218023836,0,304709692,304709692,305102911,217335029,219069037,3,2,0,0,22,1,1,2,1,0,0,0,0,0,0,0,0,0,0,0,0,2,0
350771642,218023836,0,304709692,304709692,305102911,217335029,219069037,3,2,0,0,22,1,1,2,1,0,0,0,0,0,0,0,0,0,0,0,0,2,0
351277985,218023836,0,304709692,304709692,305102911,217335029,219069037,3,2,0,0,22,1,1,2,1,0,0,0,0,0,0,0,0,0,0,0,0,2,0
351783641,218023836,0,304709692,304709692,305102911,217335029,219069037,3,2,0,0,22,1,1,2,1,0,0,0,0,0,0,0,0,0,0,0,0,2,0
352289641,218023836,0,304709692,304709692,305102911,217335029,219069037,3,2,0,0,22,1,1,2,1,0,0,0,0,0,0,0,0,0,0,0,0,2,0
352795789,218023836,0,304709692,304709692,305102911,217335029,219069037,3,2,0,0,22,1,1,2,1,0,0,0,0,0,0,0,0,0,0,0,0,2,0
353301641,218023836,0,304709692,304709692,305102911,217335029,219069037,3,2,0,0,22,1,1,2,1,0,0,0,0,0,0,0,0,0,0,0,0,2,0
353807641,218023836,0,304709692,304709692,305102911,217335029,219069037,3,2,0,0,22,1,1,2,1,0,0,0,0,0,0,0,0,0,0,0,0,2,0
354313642,218023836,0,304709692,304709692,305102911,217335029,219069037,3,2,0,0,22,1,1,2,1,0,0,0,0,0,0,0,0,0,0,0,0,2,0
354819642,218023836,0,304709692,304709692,305102911,217335029,219069037,3,2,0,0,22,1,1,2,1,0,0,0,0,0,0,0,0,0,0,0,0,2,0
355326013,218023836,0,304709692,304709692,305102911,217335029,219069037,3,2,0,0,22,1,1,2,1,0,0,0,0,0,0,0,0,0,0,0,0,2,0
355831642,218023836,0,304709692,304709692,305102911,217335029,219069037,3,2,0,0,22,1,1,2,1,0,0,0,0,0,0,0,0,0,0,0,0,2,0
356337641,218023836,0,304709692,304709692,305102911,217335029,219069037,3,2,0,0,22,1,1,2,1,0,0,0,0,0,0,0,0,0,0,0,0,2,0
356843730,218023836,0,304709692,304709692,305102911,217335029,219069037,3,2,0,0,22,1,1,2,1,0,0,0,0,0,0,0,0,0,0,0,0,2,0
357349641,218023836,0,304709692,304709692,305102911,217335029,219069037,3,2,0,0,22,1,1,2,1,0,0,0,0,0,0,0,0,0,0,0,0,2,0
357856946,218023836,0,304709692,304709692,305102911,217335029,219069037,3,2,0,0,22,1,1,2,1,0,0,0,0,0,0,0,0,0,0,0,0,2,0
358362641,218023836,0,304709692,304709692,305102911,217335029,219069037,3,2,0,0,22,1,1,2,1,0,0,0,0,0,0,0,0,0,0,0,0,2,0
358868676,218023836,0,304709692,304709692,305102911,217335029,219069037,3,2,0,0,22,1,1,2,1,0,0,0,0,0,0,0,0,0,0,0,0,2,0
359374656,218023836,0,304709692,304709692,305102911,217335029,219069037,3,2,0,0,22,1,1,2,1,0,0,0,0,0,0,0,0,0,0,0,0,2,0
359880641,218023836,0,304709692,304709692,305102911,217335029,219069037,3,2,0,0,22,1,1,2,1,0,0,0,0,0,0,0,0,0,0,0,0,2,0
360386641,218023836,0,304709692,304709692,305102911,217335029,219069037,3,2,0,0,22,1,1,2,1,0,0,0,0,0,0,0,0,0,0,0,0,2,0
360892663,218023836,0,304709692,304709692,305102911,217335029,219069037,3,2,0,0,22,1,1,2,1,0,0,0,0,0,0,0,0,0,0,0,0,2,0
361398673,218023836,0,304709692,304709692,305102911,217335029,219069037,3,2,0,0,22,1,1,2,1,0,0,0,0,0,0,0,0,0,0,0,0,2,0
361904641,218023836,0,304709692,304709692,305102911,217335029,219069037,3,2,0,0,22,1,1,2,1,0,0,0,0,0,0,0,0,0,0,0,0,2,0
362410661,218023836,0,304709692,304709692,305102911,217335029,219069037,3,2,0,0,22,1,1,2,1,0,0,0,0,0,0,0,0,0,0,0,0,2,0
362916640,218023836,0,304709692,304709692,305102911,217335029,219069037,3,2,0,0,22,1,1,2,1,0,0,0,0,0,0,0,0,0,0,0,0,2,0
363422641,218023836,0,304709692,304709692,305102911,217335029,219069037,3,2,0,0,22,1,1,2,1,0,0,0,0,0,0,0,0,0,0,0,0,2,0
363929659,218023836,0,304709692,304709692,305102911,217335029,219069037,3,2,0,0,22,1,1,2,1,0,0,0,0,0,0,0,0,0,0,0,0,2,0
364435641,218023836,0,304709692,304709692,305102911,217335029,219069037,3,2,0,0,22,1,1,2,1,0,0,0,0,0,0,0,0,0,0,0,0,2,0
364941641,218023836,0,304709692,304709692,305102911,217335029,219069037,3,2,0,0,22,1,1,2,1,0,0,0,0,0,0,0,0,0,0,0,0,2,0
365447642,218023836,0,304709692,304709692,305102911,217335029,219069037,3,2,0,0,22,1,1,2,1,0,0,0,0,0,0,0,0,0,0,0,0,2,0
365953741,218023836,0,304709692,304709692,305102911,217335029,219069037,3,2,0,0,22,1,1,2,1,0,0,0,0,0,0,0,0,0,0,0,0,2,0
366459967,218023836,0,304709692,304709692,305102911,217335029,219069037,3,2,0,0,22,1,1,2,1,0,0,0,0,0,0,0,0,0,0,0,0,2,0
366965666,218023836,0,304709692,304709692,305102911,217335029,219069037,3,2,0,0,22,1,1,2,1,0,0,0,0,0,0,0,0,0,0,0,0,2,0
367471640,218023836,0,304709692,304709692,305102911,217335029,219069037,3,2,0,0,22,1,1,2,1,0,0,0,0,0,0,0,0,0,0,0,0,2,0
367977641,218023836,0,304709692,304709692,305102911,217335029,219069037,3,2,0,0,22,1,1,2,1,0,0,0,0,0,0,0,0,0,0,0,0,2,0
368483641,218023836,0,304709692,304709692,305102911,217335029,219069037,3,2,0,0,22,1,1,2,1,0,0,0,0,0,0,0,0,0,0,0,0,2,0
368989641,218023836,0,304709692,304709692,305102911,217335029,219069037,3,2,0,0,22,1,1,2,1,0,0,0,0,0,0,0,0,0,0,0,0,2,0
369495644,218023836,0,304709692,304709692,305102911,217335029,219069037,3,2,0,0,22,1,1,2,1,0,0,0,0,0,0,0,0,0,0,0,0,2,0
370001782,218023836,0,304709692,304709692,305102911,217335029,219069037,3,2,0,0,22,1,1,2,1,0,0,0,0,0,0,0,0,0,0,0,0,2,0
370507676,218023836,0,304709692,304709692,305102911,217335029,219069037,3,2,0,0,22,1,1,2,1,0,0,0,0,0,0,0,0,0,0,0,0,2,0
371013642,218023836,0,304709692,304709692,305102911,217335029,219069037,3,2,0,0,22,1,1,2,1,0,0,0,0,0,0,0,0,0,0,0,0,2,0
371519642,218023836,0,304709692,304709692,305102911,217335029,219069037,3,2,0,0,22,1,1,2,1,0,0,0,0,0,0,0,0,0,0,0,0,2,0
372025642,218023836,0,304709692,304709692,305102911,217335029,219069037,3,2,0,0,22,1,1,2,1,0,0,0,0,0,0,0,0,0,0,0,0,2,0
372532004,218023836,0,304709692,304709692,305102911,217335029,219069037,3,2,0,0,22,1,1,2,1,0,0,0,0,0,0,0,0,0,0,0,0,2,0
373037642,218023836,0,304709692,304709692,305102911,217335029,219069037,3,2,0,0,22,1,1,2,1,0,0,0,0,0,0,0,0,0,0,0,0,2,0
373544642,218023836,0,304709692,304709692,305102911,217335029,219069037,3,2,0,0,22,1,1,2,1,0,0,0,0,0,0,0,0,0,0,0,0,2,0
374050733,218023836,0,304709692,304709692,305102911,217335029,219069037,3,2,0,0,22,1,1,2,1,0,0,0,0,0,0,0,0,0,0,0,0,2,0
374556640,218023836,0,304709692,304709692,305102911,217335029,219069037,3,2,0,0,22,1,1,2,1,0,0,0,0,0,0,0,0,0,0,0,0,2,0
375063662,218023836,0,304709692,304709692,305102911,217335029,219069037,3,2,0,0,22,1,1,2,1,0,0,0,0,0,0,0,0,0,0,0,0,2,0
375569703,218023836,0,304709692,304709692,305102911,217335029,219069037,3,2,0,0,22,1,1,2,1,0,0,0,0,0,0,0,0,0,0,0,0,2,0
376075685,218023836,0,304709692,304709692,305102911,217335029,219069037,3,2,0,0,22,1,1,2,1,0,0,0,0,0,0,0,0,0,0,0,0,2,0
376582641,218023836,0,304709692,304709692,305102911,217335029,219069037,3,2,0,0,22,1,1,2,1,0,0,0,0,0,0,0,0,0,0,0,0,2,0
377088778,218023836,0,304709692,304709692,305102911,217335029,219069037,3,2,0,0,22,1,1,2,1,0,0,0,0,0,0,0,0,0,0,0,0,2,0
377594641,218023836,0,304709692,304709692,305102911,217335029,219069037,3,2,0,0,22,1,1,2,1,0,0,0,0,0,0,0,0,0,0,0,0,2,0
378100641,218023836,0,304709692,304709692,305102911,217335029,219069037,3,2,0,0,22,1,1,2,1,0,0,0,0,0,0,0,0,0,0,0,0,2,0
378606642,218023836,0,304709692,304709692,305102911,217335029,219069037,3,2,0,0,22,1,1,2,1,0,0,0,0,0,0,0,0,0,0,0,0,2,0
379112640,218023836,0,304709692,304709692,305102911,217335029,219069037,3,2,0,0,22,1,1,2,1,0,0,0,0,0,0,0,0,0,0,0,0,2,0
379618643,218023836,0,304709692,304709692,305102911,217335029,219069037,3,2,0,0,22,1,1,2,1,0,0,0,0,0,0,0,0,0,0,0,0,2,0
380124722,218023836,0,304709692,304709692,305102911,217335029,219069037,3,2,0,0,22,1,1,2,1,0,0,0,0,0,0,0,0,0,0,0,0,2,0
380630663,218023836,0,304709692,304709692,305102911,217335029,219069037,3,2,0,0,22,1,1,2,1,0,0,0,0,0,0,0,0,0,0,0,0,2,0
381136641,218023836,0,304709692,304709692,305102911,217335029,219069037,3,2,0,0,22,1,1,2,1,0,0,0,0,0,0,0,0,0,0,0,0,2,0
381643220,218023836,0,304709692,304709692,305102911,217335029,219069037,3,2,0,0,22,1,1,2,1,0,0,0,0,0,0,0,0,0,0,0,0,2,0
382148662,218023836,0,304709692,304709692,305102911,217335029,219069037,3,2,0,0,22,1,1,2,1,0,0,0,0,0,0,0,0,0,0,0,0,2,0
382654643,218023836,0,304709692,304709692,305102911,217335029,219069037,3,2,0,0,22,1,1,2,1,0,0,0,0,0,0,0,0,0,0,0,0,2,0
383160666,218023836,0,304709692,304709692,305102911,217335029,219069037,3,2,0,0,22,1,1,2,1,0,0,0,0,0,0,0,0,0,0,0,0,2,0
383424701,218023836,0,304709692,304709692,305102911,217335029,219069037,3,2,0,0,22,1,1,1,1,0,0,1,0,0,0,0,0,0,0,0,0,2,0
383930755,218023836,0,304709692,304709692,305102911,217335029,219069037,3,2,0,0,22,1,1,1,1,0,0,1,0,0,0,0,0,0,0,0,0,2,0
384436660,218023836,0,304709692,304709692,305102911,217335029,219069037,3,2,0,0,22,1,1,1,1,0,0,1,0,0,0,0,0,0,0,0,0,2,0
384943006,218023836,0,304709692,304709692,305102911,217335029,219069037,3,2,0,0,22,1,1,1,1,0,0,1,0,0,0,0,0,0,0,0,0,2,0
385448675,218023836,0,304709692,304709692,305102911,217335029,219069037,3,2,0,0,22,1,1,1,1,0,0,1,0,0,0,0,0,0,0,0,0,2,0
385955641,218023836,0,304709692,304709692,305102911,217335029,219069037,3,2,0,0,22,1,1,1,1,0,0,1,0,0,0,0,0,0,0,0,0,2,0
386463015,218023836,0,304709692,304709692,305102911,217335029,219069037,3,2,0,0,22,1,1,1,1,0,0,1,0,0,0,0,0,0,0,0,0,2,0
386968642,218023836,0,304709692,304709692,305102911,217335029,219069037,3,2,0,0,22,1,1,1,1,0,0,1,0,0,0,0,0,0,0,0,0,2,0
387430661,218023836,0,304709692,304709692,305102911,217335029,219069037,3,2,0,0,22,1,1,1,1,0,0,0,0,0,0,0,0,0,0,0,0,2,0
387938167,218023836,0,304709692,304709692,305102911,217335029,219069037,3,2,0,0,22,1,1,1,1,0,0,0,0,0,0,0,0,0,0,0,0,2,0
388179661,218023836,0,304709692,304709692,305102911,217335029,219069037,3,2,0,0,22,1,1,1,1,0,0,0,0,0,0,0,0,0,0,0,2,2,0
388323062,218023836,0,304709692,304709692,305102911,217335029,219069037,3,2,0,0,22,1,1,1,1,0,0,0,0,0,0,0,0,0,0,0,3,2,0
388344662,218023836,0,304709692,304709692,305102911,217335029,219069037,3,2,0,0,22,1,1,1,1,0,0,0,0,0,0,0,0,0,0,0,2,2,0
388454711,218023836,0,304709692,304709692,305102911,217335029,219069037,3,2,0,0,22,1,1,1,1,0,0,0,0,0,0,0,0,0,0,0,0,2,0
388960652,218023836,0,304709692,304709692,305102911,217335029,219069037,3,2,0,0,22,1,1,1,1,0,0,0,0,0,0,0,0,0,0,0,0,2,0
389466641,218023836,0,304709692,304709692,305102911,217335029,219069037,3,2,0,0,22,1,1,1,1,0,0,0,0,0,0,0,0,0,0,0,0,2,0
389973640,218023836,0,304709692,304709692,305102911,217335029,219069037,3,2,0,0,22,1,1,1,1,0,0,0,0,0,0,0,0,0,0,0,0,2,0
390479643,218023836,0,304709692,304709692,305102911,217335029,219069037,3,2,0,0,22,1,1,1,1,0,0,0,0,0,0,0,0,0,0,0,0,2,0
390985641,218023836,0,304709692,304709692,305102911,217335029,219069037,3,2,0,0,22,1,1,1,1,0,0,0,0,0,0,0,0,0,0,0,0,2,0
391491642,218023836,0,304709692,304709692,305102911,217335029,219069037,3,2,0,0,22,1,1,1,1,0,0,0,0,0,0,0,0,0,0,0,0,2,0
391997642,218023836,0,304709692,304709692,305102911,217335029,219069037,3,2,0,0,22,1,1,1,1,0,0,0,0,0,0,0,0,0,0,0,0,2,0
392503642,218023836,0,304709692,304709692,305102911,217335029,219069037,3,2,0,0,22,1,1,1,1,0,0,0,0,0,0,0,0,0,0,0,0,2,0
393009641,218023836,0,304709692,304709692,305102911,217335029,219069037,3,2,0,0,22,1,1,1,1,0,0,0,0,0,0,0,0,0,0,0,0,2,0
393515645,218023836,0,304709692,304709692,305102911,217335029,219069037,3,2,0,0,22,1,1,1,1,0,0,0,0,0,0,0,0,0,0,0,0,2,0
394021661,218023836,0,304709692,304709692,305102911,217335029,219069037,3,2,0,0,22,1,1,1,1,0,0,0,0,0,0,0,0,0,0,0,0,2,0
394527654,218023836,0,304709692,304709692,305102911,217335029,219069037,3,2,0,0,22,1,1,1,1,0,0,0,0,0,0,0,0,0,0,0,0,2,0
395033649,218023836,0,304709692,304709692,305102911,217335029,219069037,3,2,0,0,22,1,1,1,1,0,0,0,0,0,0,0,0,0,0,0,0,2,0
395540271,218023836,0,304709692,304709692,305102911,217335029,219069037,3,2,0,0,22,1,1,1,1,0,0,0,0,0,0,0,0,0,0,0,0,2,0
396045660,218023836,0,304709692,304709692,305102911,217335029,219069037,3,2,0,0,22,1,1,1,1,0,0,0,0,0,0,0,0,0,0,0,0,2,0
396551654,218023836,0,304709692,304709692,305102911,217335029,219069037,3,2,0,0,22,1,1,1,1,0,0,0,0,0,0,0,0,0,0,0,0,2,0
397057641,218023836,0,304709692,304709692,305102911,217335029,219069037,3,2,0,0,22,1,1,1,1,0,0,0,0,0,0,0,0,0,0,0,0,2,0
397564871,218023836,0,304709692,304709692,305102911,217335029,219069037,3,2,0,0,22,1,1,1,1,0,0,0,0,0,0,0,0,0,0,0,0,2,0
398071641,218023836,0,304709692,304709692,305102911,217335029,219069037,3,2,0,0,22,1,1,1,1,0,0,0,0,0,0,0,0,0,0,0,0,2,0
398577641,218023836,0,304709692,304709692,305102911,217335029,219069037,3,2,0,0,22,1,1,1,1,0,0,0,0,0,0,0,0,0,0,0,0,2,0
399083918,218023836,0,304709692,304709692,305102911,217335029,219069037,3,2,0,0,22,1,1,1,1,0,0,0,0,0,0,0,0,0,0,0,0,2,0
399589930,218023836,0,304709692,304709692,305102911,217335029,219069037,3,2,0,0,22,1,1,1,1,0,0,0,0,0,0,0,0,0,0,0,0,2,0
400095671,218023836,0,304709692,304709692,305102911,217335029,219069037,3,2,0,0,22,1,1,1,1,0,0,0,0,0,0,0,0,0,0,0,0,2,0
400601642,218023836,0,304709692,304709692,305102911,217335029,219069037,3,2,0,0,22,1,1,1,1,0,0,0,0,0,0,0,0,0,0,0,0,2,0
401107642,218023836,0,304709692,304709692,305102911,217335029,219069037,3,2,0,0,22,1,1,1,1,0,0,0,0,0,0,0,0,0,0,0,0,2,0
401613998,218023836,0,304709692,304709692,305102911,217335029,219069037,3,2,0,0,22,1,1,1,1,0,0,0,0,0,0,0,0,0,0,0,0,2,0
402119641,218023836,0,304709692,304709692,305102911,217335029,219069037,3,2,0,0,22,1,1,1,1,0,0,0,0,0,0,0,0,0,0,0,0,2,0
402625641,218023836,0,304709692,304709692,305102911,217335029,219069037,3,2,0,0,22,1,1,1,1,0,0,0,0,0,0,0,0,0,0,0,0,2,0
403131641,218023836,0,304709692,304709692,305102911,217335029,219069037,3,2,0,0,22,1,1,1,1,0,0,0,0,0,0,0,0,0,0,0,0,2,0
403637691,218023836,0,304709692,304709692,305102911,217335029,219069037,3,2,0,0,22,1,1,1,1,0,0,0,0,0,0,0,0,0,0,0,0,2,0
404143641,218023836,0,304709692,304709692,305102911,217335029,219069037,3,2,0,0,22,1,1,1,1,0,0,0,0,0,0,0,0,0,0,0,0,2,0
404649663,218023836,0,304709692,304709692,305102911,217335029,219069037,3,2,0,0,22,1,1,1,1,0,0,0,0,0,0,0,0,0,0,0,0,2,0
405155645,218023836,0,304709692,304709692,305102911,217335029,219069037,3,2,0,0,22,1,1,1,1,0,0,0,0,0,0,0,0,0,0,0,0,2,0
405661660,218023836,0,304709692,304709692,305102911,217335029,219069037,3,2,0,0,22,1,1,1,1,0,0,0,0,0,0,0,0,0,0,0,0,2,0
406167642,218023836,0,304709692,304709692,305102911,217335029,219069037,3,2,0,0,22,1,1,1,1,0,0,0,0,0,0,0,0,0,0,0,0,2,0
406673640,218023836,0,304709692,304709692,305102911,217335029,219069037,3,2,0,0,22,1,1,1,1,0,0,0,0,0,0,0,0,0,0,0,0,2,0
407179642,218023836,0,304709692,304709692,305102911,217335029,219069037,3,2,0,0,22,1,1,1,1,0,0,0,0,0,0,0,0,0,0,0,0,2,0
407685641,218023836,0,304709692,304709692,305102911,217335029,219069037,3,2,0,0,22,1,1,1,1,0,0,0,0,0,0,0,0,0,0,0,0,2,0
408191660,218023836,0,304709692,304709692,305102911,217335029,219069037,3,2,0,0,22,1,1,1,1,0,0,0,0,0,0,0,0,0,0,0,0,2,0
408697655,218023836,0,304709692,304709692,305102911,217335029,219069037,3,2,0,0,22,1,1,1,1,0,0,0,0,0,0,0,0,0,0,0,0,2,0
409203660,218023836,0,304709692,304709692,305102911,217335029,219069037,3,2,0,0,22,1,1,1,1,0,0,0,0,0,0,0,0,0,0,0,0,2,0
409709713,218023836,0,304709692,304709692,305102911,217335029,219069037,3,2,0,0,22,1,1,1,1,0,0,0,0,0,0,0,0,0,0,0,0,2,0
410215641,218023836,0,304709692,304709692,305102911,217335029,219069037,3,2,0,0,22,1,1,1,1,0,0,0,0,0,0,0,0,0,0,0,0,2,0
410722125,218023836,0,304709692,304709692,305102911,217335029,219069037,3,2,0,0,22,1,1,1,1,0,0,0,0,0,0,0,0,0,0,0,0,2,0
411227657,218023836,0,304709692,304709692,305102911,217335029,219069037,3,2,0,0,22,1,1,1,1,0,0,0,0,0,0,0,0,0,0,0,0,2,0
411733641,218023836,0,304709692,304709692,305102911,217335029,219069037,3,2,0,0,22,1,1,1,1,0,0,0,0,0,0,0,0,0,0,0,0,2,0
412239909,218023836,0,304709692,304709692,305102911,217335029,219069037,3,2,0,0,22,1,1,1,1,0,0,0,0,0,0,0,0,0,0,0,0,2,0
412745644,218023836,0,304709692,304709692,305102911,217335029,219069037,3,2,0,0,22,1,1,1,1,0,0,0,0,0,0,0,0,0,0,0,0,2,0
413251641,218023836,0,304709692,304709692,305102911,217335029,219069037,3,2,0,0,22,1,1,1,1,0,0,0,0,0,0,0,0,0,0,0,0,2,0
413757640,218023836,0,304709692,304709692,305102911,217335029,219069037,3,2,0,0,22,1,1,1,1,0,0,0,0,0,0,0,0,0,0,0,0,2,0
414263640,218023836,0,304709692,304709692,305102911,217335029,219069037,3,2,0,0,22,1,1,1,1,0,0,0,0,0,0,0,0,0,0,0,0,2,0
414770013,218023836,0,304709692,304709692,305102911,217335029,219069037,3,2,0,0,22,1,1,1,1,0,0,0,0,0,0,0,0,0,0,0,0,2,0
415275641,218023836,0,304709692,304709692,305102911,217335029,219069037,3,2,0,0,22,1,1,1,1,0,0,0,0,0,0,0,0,0,0,0,0,2,0
415781660,218023836,0,304709692,304709692,305102911,217335029,219069037,3,2,0,0,22,1,1,1,1,0,0,0,0,0,0,0,0,0,0,0,0,2,0
416287751,218023836,0,304709692,304709692,305102911,217335029,219069037,3,2,0,0,22,1,1,1,1,0,0,0,0,0,0,0,0,0,0,0,0,2,0
416795052,218023836,0,304709692,304709692,305102911,217335029,219069037,3,2,0,0,22,1,1,1,1,0,0,0,0,0,0,0,0,0,0,0,0,2,0
417302641,218023836,0,304709692,304709692,305102911,217335029,219069037,3,2,0,0,22,1,1,1,1,0,0,0,0,0,0,0,0,0,0,0,0,2,0
417808641,218023836,0,304709692,304709692,305102911,217335029,219069037,3,2,0,0,22,1,1,1,1,0,0,0,0,0,0,0,0,0,0,0,0,2,0
418314640,218023836,0,304709692,304709692,305102911,217335029,219069037,3,2,0,0,22,1,1,1,1,0,0,0,0,0,0,0,0,0,0,0,0,2,0
418820643,218023836,0,304709692,304709692,305102911,217335029,219069037,3,2,0,0,22,1,1,1,1,0,0,0,0,0,0,0,0,0,0,0,0,2,0
419326641,218023836,0,304709692,304709692,305102911,217335029,219069037,3,2,0,0,22,1,1,1,1,0,0,0,0,0,0,0,0,0,0,0,0,2,0
419832686,218023836,0,304709692,304709692,305102911,217335029,219069037,3,2,0,0,22,1,1,1,1,0,0,0,0,0,0,0,0,0,0,0,0,2,0
420338641,218023836,0,304709692,304709692,305102911,217335029,219069037,3,2,0,0,22,1,1,1,1,0,0,0,0,0,0,0,0,0,0,0,0,2,0
420844661,218023836,0,304709692,304709692,305102911,217335029,219069037,3,2,0,0,22,1,1,1,1,0,0,0,0,0,0,0,0,0,0,0,0,2,0
421350824,218023836,0,304709692,304709692,305102911,217335029,219069037,3,2,0,0,22,1,1,1,1,0,0,0,0,0,0,0,0,0,0,0,0,2,0
421856641,218023836,0,304709692,304709692,305102911,217335029,219069037,3,2,0,0,22,1,1,1,1,0,0,0,0,0,0,0,0,0,0,0,0,2,0
422362767,218023836,0,304709692,304709692,305102911,217335029,219069037,3,2,0,0,22,1,1,1,1,0,0,0,0,0,0,0,0,0,0,0,0,2,0
422868661,218023836,0,304709692,304709692,305102911,217335029,219069037,3,2,0,0,22,1,1,1,1,0,0,0,0,0,0,0,0,0,0,0,0,2,0
423374641,218023836,0,304709692,304709692,305102911,217335029,219069037,3,2,0,0,22,1,1,1,1,0,0,0,0,0,0,0,0,0,0,0,0,2,0
423880809,218023836,0,304709692,304709692,305102911,217335029,219069037,3,2,0,0,22,1,1,1,1,0,0,0,0,0,0,0,0,0,0,0,0,2,0
424386641,218023836,0,304709692,304709692,305102911,217335029,219069037,3,2,0,0,22,1,1,1,1,0,0,0,0,0,0,0,0,0,0,0,0,2,0
424892641,218023836,0,304709692,304709692,305102911,217335029,219069037,3,2,0,0,22,1,1,1,1,0,0,0,0,0,0,0,0,0,0,0,0,2,0
425398740,218023836,0,304709692,304709692,305102911,217335029,219069037,3,2,0,0,22,1,1,1,1,0,0,0,0,0,0,0,0,0,0,0,0,2,0
425904641,218023836,0,304709692,304709692,305102911,217335029,219069037,3,2,0,0,22,1,1,1,1,0,0,0,0,0,0,0,0,0,0,0,0,2,0
426410803,218023836,0,304709692,304709692,305102911,217335029,219069037,3,2,0,0,22,1,1,1,1,0,0,0,0,0,0,0,0,0,0,0,0,2,0
426916661,218023836,0,304709692,304709692,305102911,217335029,219069037,3,2,0,0,22,1,1,1,1,0,0,0,0,0,0,0,0,0,0,0,0,2,0
427422641,218023836,0,304709692,304709692,305102911,217335029,219069037,3,2,0,0,22,1,1,1,1,0,0,0,0,0,0,0,0,0,0,0,0,2,0
427928964,218023836,0,304709692,304709692,305102911,217335029,219069037,3,2,0,0,22,1,1,1,1,0,0,0,0,0,0,0,0,0,0,0,0,2,0
428434641,218023836,0,304709692,304709692,305102911,217335029,219069037,3,2,0,0,22,1,1,1,1,0,0,0,0,0,0,0,0,0,0,0,0,2,0
428941266,218023836,0,304709692,304709692,305102911,217335029,219069037,3,2,0,0,22,1,1,1,1,0,0,0,0,0,0,0,0,0,0,0,0,2,0
429447642,218023836,0,304709692,304709692,305102911,217335029,219069037,3,2,0,0,22,1,1,1,1,0,0,0,0,0,0,0,0,0,0,0,0,2,0
429954657,218023836,0,304709692,304709692,305102911,217335029,219069037,3,2,0,0,22,1,1,1,1,0,0,0,0,0,0,0,0,0,0,0,0,2,0
430461454,218023836,0,304709692,304709692,305102911,217335029,219069037,3,2,0,0,22,1,1,1,1,0,0,0,0,0,0,0,0,0,0,0,0,2,0
430966642,218023836,0,304709692,304709692,305102911,217335029,219069037,3,2,0,0,22,1,1,1,1,0,0,0,0,0,0,0,0,0,0,0,0,2,0
431472641,218023836,0,304709692,304709692,305102911,217335029,219069037,3,2,0,0,22,1,1,1,1,0,0,0,0,0,0,0,0,0,0,0,0,2,0
431978972,218023836,0,304709692,304709692,305102911,217335029,219069037,3,2,0,0,22,1,1,1,1,0,0,0,0,0,0,0,0,0,0,0,0,2,0
432484653,218023836,0,304709692,304709692,305102911,217335029,219069037,3,2,0,0,22,1,1,1,1,0,0,0,0,0,0,0,0,0,0,0,0,2,0
432990641,218023836,0,304709692,304709692,305102911,217335029,219069037,3,2,0,0,22,1,1,1,1,0,0,0,0,0,0,0,0,0,0,0,0,2,0
433496641,218023836,0,304709692,304709692,305102911,217335029,219069037,3,2,0,0,22,1,1,1,1,0,0,0,0,0,0,0,0,0,0,0,0,2,0
434002641,218023836,0,304709692,304709692,305102911,217335029,219069037,3,2,0,0,22,1,1,1,1,0,0,0,0,0,0,0,0,0,0,0,0,2,0
434508641,218023836,0,304709692,304709692,305102911,217335029,219069037,3,2,0,0,22,1,1,1,1,0,0,0,0,0,0,0,0,0,0,0,0,2,0
435014675,218023836,0,304709692,304709692,305102911,217335029,219069037,3,2,0,0,22,1,1,1,1,0,0,0,0,0,0,0,0,0,0,0,0,2,0
435520640,218023836,0,304709692,304709692,305102911,217335029,219069037,3,2,0,0,22,1,1,1,1,0,0,0,0,0,0,0,0,0,0,0,0,2,0
436027662,218023836,0,304709692,304709692,305102911,217335029,219069037,3,2,0,0,22,1,1,1,1,0,0,0,0,0,0,0,0,0,0,0,0,2,0
436533729,218023836,0,304709692,304709692,305102911,217335029,219069037,3,2,0,0,22,1,1,1,1,0,0,0,0,0,0,0,0,0,0,0,0,2,0
437039641,218023836,0,304709692,304709692,305102911,217335029,219069037,3,2,0,0,22,1,1,1,1,0,0,0,0,0,0,0,0,0,0,0,0,2,0
437545641,218023836,0,304709692,304709692,305102911,217335029,219069037,3,2,0,0,22,1,1,1,1,0,0,0,0,0,0,0,0,0,0,0,0,2,0
438051893,218023836,0,304709692,304709692,305102911,217335029,219069037,3,2,0,0,22,1,1,1,1,0,0,0,0,0,0,0,0,0,0,0,0,2,0
438557641,218023836,0,304709692,304709692,305102911,217335029,219069037,3,2,0,0,22,1,1,1,1,0,0,0,0,0,0,0,0,0,0,0,0,2,0
439063661,218023836,0,304709692,304709692,305102911,217335029,219069037,3,2,0,0,22,1,1,1,1,0,0,0,0,0,0,0,0,0,0,0,0,2,0
439569740,218023836,0,304709692,304709692,305102911,217335029,219069037,3,2,0,0,22,1,1,1,1,0,0,0,0,0,0,0,0,0,0,0,0,2,0
440075641,218023836,0,304709692,304709692,305102911,217335029,219069037,3,2,0,0,22,1,1,1,1,0,0,0,0,0,0,0,0,0,0,0,0,2,0
440582725,218023836,0,304709692,304709692,305102911,217335029,219069037,3,2,0,0,22,1,1,1,1,0,0,0,0,0,0,0,0,0,0,0,0,2,0
441088641,218023836,0,304709692,304709692,305102911,217335029,219069037,3,2,0,0,22,1,1,1,1,0,0,0,0,0,0,0,0,0,0,0,0,2,0
441594683,218023836,0,304709692,304709692,305102911,217335029,219069037,3,2,0,0,22,1,1,1,1,0,0,0,0,0,0,0,0,0,0,0,0,2,0
442100640,218023836,0,304709692,304709692,305102911,217335029,219069037,3,2,0,0,22,1,1,1,1,0,0,0,0,0,0,0,0,0,0,0,0,2,0
442607642,218023836,0,304709692,304709692,305102911,217335029,219069037,3,2,0,0,22,1,1,1,1,0,0,0,0,0,0,0,0,0,0,0,0,2,0
443113641,218023836,0,304709692,304709692,305102911,217335029,219069037,3,2,0,0,22,1,1,1,1,0,0,0,0,0,0,0,0,0,0,0,0,2,0
443619776,218023836,0,304709692,304709692,305102911,217335029,219069037,3,2,0,0,22,1,1,1,1,0,0,0,0,0,0,0,0,0,0,0,0,2,0
444126653,218023836,0,304709692,304709692,305102911,217335029,219069037,3,2,0,0,22,1,1,1,1,0,0,0,0,0,0,0,0,0,0,0,0,2,0
444632725,218023836,0,304709692,304709692,305102911,217335029,219069037,3,2,0,0,22,1,1,1,1,0,0,0,0,0,0,0,0,0,0,0,0,2,0
445138643,218023836,0,304709692,304709692,305102911,217335029,219069037,3,2,0,0,22,1,1,1,1,0,0,0,0,0,0,0,0,0,0,0,0,2,0
445644778,218023836,0,304709692,304709692,305102911,217335029,219069037,3,2,0,0,22,1,1,1,1,0,0,0,0,0,0,0,0,0,0,0,0,2,0
446150646,218023836,0,304709692,304709692,305102911,217335029,219069037,3,2,0,0,22,1,1,1,1,0,0,0,0,0,0,0,0,0,0,0,0,2,0
446656640,218023836,0,304709692,304709692,305102911,217335029,219069037,3,2,0,0,22,1,1,1,1,0,0,0,0,0,0,0,0,0,0,0,0,2,0
447162662,218023836,0,304709692,304709692,305102911,217335029,219069037,3,2,0,0,22,1,1,1,1,0,0,0,0,0,0,0,0,0,0,0,0,2,0
447668642,218023836,0,304709692,304709692,305102911,217335029,219069037,3,2,0,0,22,1,1,1,1,0,0,0,0,0,0,0,0,0,0,0,0,2,0
448174724,218023836,0,304709692,304709692,305102911,217335029,219069037,3,2,0,0,22,1,1,1,1,0,0,0,0,0,0,0,0,0,0,0,0,2,0
448680640,218023836,0,304709692,304709692,305102911,217335029,219069037,3,2,0,0,22,1,1,1,1,0,0,0,0,0,0,0,0,0,0,0,0,2,0
449186641,218023836,0,304709692,304709692,305102911,217335029,219069037,3,2,0,0,22,1,1,1,1,0,0,0,0,0,0,0,0,0,0,0,0,2,0
449692845,218023836,0,304709692,304709692,305102911,217335029,219069037,3,2,0,0,22,1,1,1,1,0,0,0,0,0,0,0,0,0,0,0,0,2,0
450198641,218023836,0,304709692,304709692,305102911,217335029,219069037,3,2,0,0,22,1,1,1,1,0,0,0,0,0,0,0,0,0,0,0,0,2,0
450704661,218023836,0,304709692,304709692,305102911,217335029,219069037,3,2,0,0,22,1,1,1,1,0,0,0,0,0,0,0,0,0,0,0,0,2,0
451210641,218023836,0,304709692,304709692,305102911,217335029,219069037,3,2,0,0,22,1,1,1,1,0,0,0,0,0,0,0,0,0,0,0,0,2,0
451716641,218023836,0,304709692,304709692,305102911,217335029,219069037,3,2,0,0,22,1,1,1,1,0,0,0,0,0,0,0,0,0,0,0,0,2,0
452223409,218023836,0,304709692,304709692,305102911,217335029,219069037,3,2,0,0,22,1,1,1,1,0,0,0,0,0,0,0,0,0,0,0,0,2,0
452728641,218023836,0,304709692,304709692,305102911,217335029,219069037,3,2,0,0,22,1,1,1,1,0,0,0,0,0,0,0,0,0,0,0,0,2,0
453234660,218023836,0,304709692,304709692,305102911,217335029,219069037,3,2,0,0,22,1,1,1,1,0,0,0,0,0,0,0,0,0,0,0,0,2,0
453740641,218023836,0,304709692,304709692,305102911,217335029,219069037,3,2,0,0,22,1,1,1,1,0,0,0,0,0,0,0,0,0,0,0,0,2,0
454246642,218023836,0,304709692,304709692,305102911,217335029,219069037,3,2,0,0,22,1,1,1,1,0,0,0,0,0,0,0,0,0,0,0,0,2,0
454752687,218023836,0,304709692,304709692,305102911,217335029,219069037,3,2,0,0,22,1,1,1,1,0,0,0,0,0,0,0,0,0,0,0,0,2,0
455258641,218023836,0,304709692,304709692,305102911,217335029,219069037,3,2,0,0,22,1,1,1,1,0,0,0,0,0,0,0,0,0,0,0,0,2,0
455764994,218023836,0,304709692,304709692,305102911,217335029,219069037,3,2,0,0,22,1,1,1,1,0,0,0,0,0,0,0,0,0,0,0,0,2,0
456270641,218023836,0,304709692,304709692,305102911,217335029,219069037,3,2,0,0,22,1,1,1,1,0,0,0,0,0,0,0,0,0,0,0,0,2,0
456776662,218023836,0,304709692,304709692,305102911,217335029,219069037,3,2,0,0,22,1,1,1,1,0,0,0,0,0,0,0,0,0,0,0,0,2,0
457282641,218023836,0,304709692,304709692,305102911,217335029,219069037,3,2,0,0,22,1,1,1,1,0,0,0,0,0,0,0,0,0,0,0,0,2,0
457788720,218023836,0,304709692,304709692,305102911,217335029,219069037,3,2,0,0,22,1,1,1,1,0,0,0,0,0,0,0,0,0,0,0,0,2,0
458294642,218023836,0,304709692,304709692,305102911,217335029,219069037,3,2,0,0,22,1,1,1,1,0,0,0,0,0,0,0,0,0,0,0,0,2,0
458800736,218023836,0,304709692,304709692,305102911,217335029,219069037,3,2,0,0,22,1,1,1,1,0,0,0,0,0,0,0,0,0,0,0,0,2,0
459306654,218023836,0,304709692,304709692,305102911,217335029,219069037,3,2,0,0,22,1,1,1,1,0,0,0,0,0,0,0,0,0,0,0,0,2,0
459812641,218023836,0,304709692,304709692,305102911,217335029,219069037,3,2,0,0,22,1,1,1,1,0,0,0,0,0,0,0,0,0,0,0,0,2,0
460319089,218023836,0,304709692,304709692,305102911,217335029,219069037,3,2,0,0,22,1,1,1,1,0,0,0,0,0,0,0,0,0,0,0,0,2,0
460824641,218023836,0,304709692,304709692,305102911,217335029,219069037,3,2,0,0,22,1,1,1,1,0,0,0,0,0,0,0,0,0,0,0,0,2,0
461330641,218023836,0,304709692,304709692,305102911,217335029,219069037,3,2,0,0,22,1,1,1,1,0,0,0,0,0,0,0,0,0,0,0,0,2,0
461836641,218023836,0,304709692,304709692,305102911,217335029,219069037,3,2,0,0,22,1,1,1,1,0,0,0,0,0,0,0,0,0,0,0,0,2,0
462342642,218023836,0,304709692,304709692,305102911,217335029,219069037,3,2,0,0,22,1,1,1,1,0,0,0,0,0,0,0,0,0,0,0,0,2,0
462849166,218023836,0,304709692,304709692,305102911,217335029,219069037,3,2,0,0,22,1,1,1,1,0,0,0,0,0,0,0,0,0,0,0,0,2,0
463354641,218023836,0,304709692,304709692,305102911,217335029,219069037,3,2,0,0,22,1,1,1,1,0,0,0,0,0,0,0,0,0,0,0,0,2,0
463860666,218023836,0,304709692,304709692,305102911,217335029,219069037,3,2,0,0,22,1,1,1,1,0,0,0,0,0,0,0,0,0,0,0,0,2,0
464366641,218023836,0,304709692,304709692,305102911,217335029,219069037,3,2,0,0,22,1,1,1,1,0,0,0,0,0,0,0,0,0,0,0,0,2,0
464872641,218023836,0,304709692,304709692,305102911,217335029,219069037,3,2,0,0,22,1,1,1,1,0,0,0,0,0,0,0,0,0,0,0,0,2,0
465378641,218023836,0,304709692,304709692,305102911,217335029,219069037,3,2,0,0,22,1,1,1,1,0,0,0,0,0,0,0,0,0,0,0,0,2,0
465884642,218023836,0,304709692,304709692,305102911,217335029,219069037,3,2,0,0,22,1,1,1,1,0,0,0,0,0,0,0,0,0,0,0,0,2,0
466390641,218023836,0,304709692,304709692,305102911,217335029,219069037,3,2,0,0,22,1,1,1,1,0,0,0,0,0,0,0,0,0,0,0,0,2,0
466896640,218023836,0,304709692,304709692,305102911,217335029,219069037,3,2,0,0,22,1,1,1,1,0,0,0,0,0,0,0,0,0,0,0,0,2,0
467402641,218023836,0,304709692,304709692,305102911,217335029,219069037,3,2,0,0,22,1,1,1,1,0,0,0,0,0,0,0,0,0,0,0,0,2,0
467908641,218023836,0,304709692,304709692,305102911,217335029,219069037,3,2,0,0,22,1,1,1,1,0,0,0,0,0,0,0,0,0,0,0,0,2,0
468414641,218023836,0,304709692,304709692,305102911,217335029,219069037,3,2,0,0,22,1,1,1,1,0,0,0,0,0,0,0,0,0,0,0,0,2,0
468920640,218023836,0,304709692,304709692,305102911,217335029,219069037,3,2,0,0,22,1,1,1,1,0,0,0,0,0,0,0,0,0,0,0,0,2,0
469426724,218023836,0,304709692,304709692,305102911,217335029,219069037,3,2,0,0,22,1,1,1,1,0,0,0,0,0,0,0,0,0,0,0,0,2,0
469932640,218023836,0,304709692,304709692,305102911,217335029,219069037,3,2,0,0,22,1,1,1,1,0,0,0,0,0,0,0,0,0,0,0,0,2,0
470438641,218023836,0,304709692,304709692,305102911,217335029,219069037,3,2,0,0,22,1,1,1,1,0,0,0,0,0,0,0,0,0,0,0,0,2,0
470944862,218023836,0,304709692,304709692,305102911,217335029,219069037,3,2,0,0,22,1,1,1,1,0,0,0,0,0,0,0,0,0,0,0,0,2,0
471450655,218023836,0,304709692,304709692,305102911,217335029,219069037,3,2,0,0,22,1,1,1,1,0,0,0,0,0,0,0,0,0,0,0,0,2,0
471956641,218023836,0,304709692,304709692,305102911,217335029,219069037,3,2,0,0,22,1,1,1,1,0,0,0,0,0,0,0,0,0,0,0,0,2,0
472462641,218023836,0,304709692,304709692,305102911,217335029,219069037,3,2,0,0,22,1,1,1,1,0,0,0,0,0,0,0,0,0,0,0,0,2,0
472970213,218023836,0,304709692,304709692,305102911,217335029,219069037,3,2,0,0,22,1,1,1,1,0,0,0,0,0,0,0,0,0,0,0,0,2,0
473475657,218023836,0,304709692,304709692,305102911,217335029,219069037,3,2,0,0,22,1,1,1,1,0,0,0,0,0,0,0,0,0,0,0,0,2,0
473981640,218023836,0,304709692,304709692,305102911,217335029,0,3,2,0,0,22,1,1,1,1,0,0,0,0,0,0,0,0,0,0,0,0,2,0
474487641,218023836,0,304709692,304709692,305102911,217335029,0,3,2,0,0,22,1,1,1,1,0,0,0,0,0,0,0,0,0,0,0,0,2,0
474993640,218023836,0,304709692,304709692,305102911,217335029,0,3,2,0,0,22,1,1,1,1,0,0,0,0,0,0,0,0,0,0,0,0,2,0
475499641,218023836,0,304709692,304709692,305102911,217335029,475411714,3,2,0,0,22,1,1,1,1,0,0,0,0,0,0,0,0,0,0,0,0,2,0
476005643,218023836,0,304709692,304709692,305102911,217335029,475411714,3,2,0,0,22,1,1,1,1,0,0,0,0,0,0,0,0,0,0,0,0,2,0
476511642,218023836,0,304709692,304709692,305102911,217335029,475411714,3,2,0,0,22,1,1,1,1,0,0,0,0,0,0,0,0,0,0,0,0,2,0
477017641,218023836,0,304709692,304709692,305102911,217335029,475411714,3,2,0,0,22,1,1,1,1,0,0,0,0,0,0,0,0,0,0,0,0,2,0
477523644,218023836,0,304709692,304709692,305102911,217335029,475411714,3,2,0,0,22,1,1,1,1,0,0,0,0,0,0,0,0,0,0,0,0,2,0
477853642,477853640,0,304709692,304709692,305102911,217335029,475411714,1,2,0,0,22,1,1,1,1,0,0,0,0,0,0,0,0,0,0,0,0,2,0
477864680,477853640,0,304709692,304709692,305102911,217335029,475411714,1,2,0,0,22,1,1,1,1,0,0,0,0,0,0,0,0,0,0,0,0,2,0
478371641,477853640,0,304709692,304709692,305102911,217335029,475411714,1,2,0,0,22,1,1,1,1,0,0,0,0,0,0,0,0,0,0,0,0,2,0
478877719,477853640,0,304709692,304709692,305102911,217335029,475411714,1,2,0,0,22,1,1,1,1,0,0,0,0,0,0,0,0,0,0,0,0,2,0
479383640,477853640,0,304709692,304709692,305102911,217335029,475411714,1,2,0,0,22,1,1,1,1,0,0,0,0,0,0,0,0,0,0,0,0,2,0
479889680,477853640,0,304709692,304709692,305102911,217335029,475411714,1,2,0,0,22,1,1,1,1,0,0,0,0,0,0,0,0,0,0,0,0,2,0
480396086,477853640,0,304709692,304709692,305102911,217335029,475411714,1,2,0,0,22,1,1,1,1,0,0,0,0,0,0,0,0,0,0,0,0,2,0
480901671,477853640,0,304709692,304709692,305102911,217335029,475411714,1,2,0,0,22,1,1,1,1,0,0,0,0,0,0,0,0,0,0,0,0,2,0
481407641,477853640,0,304709692,304709692,305102911,217335029,475411714,1,2,0,0,22,1,1,1,1,0,0,0,0,0,0,0,0,0,0,0,0,2,0
481913640,477853640,0,304709692,304709692,305102911,217335029,475411714,1,2,0,0,22,1,1,1,1,0,0,0,0,0,0,0,0,0,0,0,0,2,0
482419642,477853640,0,304709692,304709692,305102911,217335029,475411714,1,2,0,0,22,1,1,1,1,0,0,0,0,0,0,0,0,0,0,0,0,2,0
482926002,477853640,0,304709692,304709692,305102911,217335029,475411714,1,2,0,0,22,1,1,1,1,0,0,0,0,0,0,0,0,0,0,0,0,2,0
483431674,477853640,0,304709692,304709692,305102911,217335029,475411714,1,2,0,0,22,1,1,1,1,0,0,0,0,0,0,0,0,0,0,0,0,2,0
483937641,477853640,0,304709692,304709692,305102911,217335029,475411714,1,2,0,0,22,1,1,1,1,0,0,0,0,0,0,0,0,0,0,0,0,2,0
484444671,477853640,0,304709692,304709692,305102911,217335029,475411714,1,2,0,0,22,1,1,1,1,0,0,0,0,0,0,0,0,0,0,0,0,2,0
484950661,477853640,0,304709692,304709692,305102911,217335029,475411714,1,2,0,0,22,1,1,1,1,0,0,0,0,0,0,0,0,0,0,0,0,2,0
485456641,477853640,0,304709692,304709692,305102911,217335029,475411714,1,2,0,0,22,1,1,1,1,0,0,0,0,0,0,0,0,0,0,0,0,2,0
485962641,477853640,0,304709692,304709692,305102911,217335029,475411714,1,2,0,0,22,1,1,1,1,0,0,0,0,0,0,0,0,0,0,0,0,2,0
486469671,477853640,0,304709692,304709692,305102911,217335029,475411714,1,2,0,0,22,1,1,1,1,0,0,0,0,0,0,0,0,0,0,0,0,2,0
486975643,477853640,0,304709692,304709692,305102911,217335029,475411714,1,2,0,0,22,1,1,1,1,0,0,0,0,0,0,0,0,0,0,0,0,2,0
487481641,477853640,0,304709692,304709692,305102911,217335029,475411714,1,2,0,0,22,1,1,1,1,0,0,0,0,0,0,0,0,0,0,0,0,2,0
487492641,477853640,0,304709692,304709692,305102911,217335029,475411714,1,2,0,0,22,1,1,1,1,0,0,0,0,0,0,0,0,0,0,0,1,2,0
487998733,477853640,0,304709692,304709692,305102911,217335029,475411714,1,2,0,0,22,1,1,1,1,0,0,0,0,0,0,0,0,0,0,0,1,2,0
488504642,477853640,0,304709692,304709692,305102911,217335029,475411714,1,2,0,0,22,1,1,1,1,0,0,0,0,0,0,0,0,0,0,0,1,2,0
489010641,477853640,0,304709692,304709692,305102911,217335029,475411714,1,2,0,0,22,1,1,1,1,0,0,0,0,0,0,0,0,0,0,0,1,2,0
489516851,477853640,0,304709692,304709692,305102911,217335029,475411714,1,2,0,0,22,1,1,1,1,0,0,0,0,0,0,0,0,0,0,0,1,2,0
490022640,477853640,0,304709692,304709692,305102911,217335029,475411714,1,2,0,0,22,1,1,1,1,0,0,0,0,0,0,0,0,0,0,0,1,2,0
490528642,477853640,0,304709692,304709692,305102911,217335029,475411714,1,2,0,0,22,1,1,1,1,0,0,0,0,0,0,0,0,0,0,0,1,2,0
491034643,477853640,0,304709692,304709692,305102911,217335029,475411714,1,2,0,0,22,1,1,1,1,0,0,0,0,0,0,0,0,0,0,0,1,2,0
491540641,477853640,0,304709692,304709692,305102911,217335029,475411714,1,2,0,0,22,1,1,1,1,0,0,0,0,0,0,0,0,0,0,0,1,2,0
492048642,477853640,0,304709692,304709692,305102911,217335029,475411714,1,2,0,0,22,1,1,1,1,0,0,0,0,0,0,0,0,0,0,0,1,2,0
492554661,477853640,0,304709692,304709692,305102911,217335029,475411714,1,2,0,0,22,1,1,1,1,0,0,0,0,0,0,0,0,0,0,0,1,2,0
493060641,477853640,0,304709692,304709692,305102911,217335029,475411714,1,2,0,0,22,1,1,1,1,0,0,0,0,0,0,0,0,0,0,0,1,2,0
493566641,477853640,0,304709692,304709692,305102911,217335029,475411714,1,2,0,0,22,1,1,1,1,0,0,0,0,0,0,0,0,0,0,0,1,2,0
494072860,477853640,0,304709692,304709692,305102911,217335029,475411714,1,2,0,0,22,1,1,1,1,0,0,0,0,0,0,0,0,0,0,0,1,2,0
494578642,477853640,0,304709692,304709692,305102911,217335029,475411714,1,2,0,0,22,1,1,1,1,0,0,0,0,0,0,0,0,0,0,0,1,2,0
495084641,477853640,0,304709692,304709692,305102911,217335029,475411714,1,2,0,0,22,1,1,1,1,0,0,0,0,0,0,0,0,0,0,0,1,2,0
495590656,477853640,0,304709692,304709692,305102911,217335029,475411714,1,2,0,0,22,1,1,1,1,0,0,0,0,0,0,0,0,0,0,0,1,2,0
496097730,477853640,0,304709692,304709692,305102911,217335029,475411714,1,2,0,0,22,1,1,1,1,0,0,0,0,0,0,0,0,0,0,0,1,2,0
496603641,477853640,0,304709692,304709692,305102911,217335029,0,1,2,0,0,22,1,1,1,1,0,0,0,0,0,0,0,0,0,0,0,1,2,0
497109726,477853640,0,304709692,304709692,305102911,217335029,0,1,2,0,0,22,1,1,1,1,0,0,0,0,0,0,0,0,0,0,0,1,2,0
497615644,477853640,0,304709692,304709692,305102911,217335029,0,1,2,0,0,22,1,1,1,1,0,0,0,0,0,0,0,0,0,0,0,1,2,0
498121641,477853640,0,304709692,304709692,305102911,217335029,497879715,1,2,0,0,22,1,1,1,1,0,0,0,0,0,0,0,0,0,0,0,1,2,0
498462943,477853640,0,304709692,304709692,305102911,217335029,497879715,1,2,0,0,22,1,1,1,1,0,0,0,0,0,0,0,0,0,0,0,0,2,0
498968640,477853640,0,304709692,304709692,305102911,217335029,497879715,1,2,0,0,22,1,1,1,1,0,0,0,0,0,0,0,0,0,0,0,0,2,0
499474676,477853640,0,304709692,304709692,305102911,217335029,497879715,1,2,0,0,22,1,1,1,1,0,0,0,0,0,0,0,0,0,0,0,0,2,0
499980641,477853640,0,304709692,304709692,305102911,217335029,497879715,1,2,0,0,22,1,1,1,1,0,0,0,0,0,0,0,0,0,0,0,0,2,0
500486641,477853640,0,304709692,304709692,305102911,217335029,497879715,1,2,0,0,22,1,1,1,1,0,0,0,0,0,0,0,0,0,0,0,0,2,0
500993108,477853640,0,304709692,304709692,305102911,217335029,497879715,1,2,0,0,22,1,1,1,1,0,0,0,0,0,0,0,0,0,0,0,0,2,0
501498640,477853640,0,304709692,304709692,305102911,217335029,497879715,1,2,0,0,22,1,1,1,1,0,0,0,0,0,0,0,0,0,0,0,0,2,0
502004641,477853640,0,304709692,304709692,305102911,217335029,497879715,1,2,0,0,22,1,1,1,1,0,0,0,0,0,0,0,0,0,0,0,0,2,0
502510640,477853640,0,304709692,304709692,305102911,217335029,497879715,1,2,0,0,22,1,1,1,1,0,0,0,0,0,0,0,0,0,0,0,0,2,0
503016670,477853640,0,304709692,304709692,305102911,217335029,497879715,1,2,0,0,22,1,1,1,1,0,0,0,0,0,0,0,0,0,0,0,0,2,0
503522641,477853640,0,304709692,304709692,305102911,217335029,497879715,1,2,0,0,22,1,1,1,1,0,0,0,0,0,0,0,0,0,0,0,0,2,0
504028641,477853640,0,304709692,304709692,305102911,217335029,497879715,1,2,0,0,22,1,1,1,1,0,0,0,0,0,0,0,0,0,0,0,0,2,0
504534641,477853640,0,304709692,304709692,305102911,217335029,497879715,1,2,0,0,22,1,1,1,1,0,0,0,0,0,0,0,0,0,0,0,0,2,0
505040699,477853640,0,304709692,304709692,305102911,217335029,497879715,1,2,0,0,22,1,1,1,1,0,0,0,0,0,0,0,0,0,0,0,0,2,0
505546641,477853640,0,304709692,304709692,305102911,217335029,497879715,1,2,0,0,22,1,1,1,1,0,0,0,0,0,0,0,0,0,0,0,0,2,0
506052641,477853640,0,304709692,304709692,305102911,217335029,497879715,1,2,0,0,22,1,1,1,1,0,0,0,0,0,0,0,0,0,0,0,0,2,0
506558784,477853640,0,304709692,304709692,305102911,217335029,497879715,1,2,0,0,22,1,1,1,1,0,0,0,0,0,0,0,0,0,0,0,0,2,0
507064663,477853640,0,304709692,304709692,305102911,217335029,497879715,1,2,0,0,22,1,1,1,1,0,0,0,0,0,0,0,0,0,0,0,0,2,0
507570640,477853640,0,304709692,304709692,305102911,217335029,497879715,1,2,0,0,22,1,1,1,1,0,0,0,0,0,0,0,0,0,0,0,0,2,0
508076665,477853640,0,304709692,304709692,305102911,217335029,0,1,2,0,0,22,1,1,1,1,0,0,0,0,0,0,0,0,0,0,0,0,2,0
508582640,477853640,0,304709692,304709692,305102911,217335029,0,1,2,0,0,22,1,1,1,1,0,0,0,0,0,0,0,0,0,0,0,0,2,0
509089043,477853640,0,304709692,304709692,305102911,217335029,0,1,2,0,0,22,1,1,1,1,0,0,0,0,0,0,0,0,0,0,0,0,2,0
509594640,477853640,0,304709692,304709692,305102911,217335029,0,1,2,0,0,22,1,1,1,1,0,0,0,0,0,0,0,0,0,0,0,0,2,0
509924743,477853640,0,304709692,304709692,305102911,0,0,1,1,0,0,22,1,1,1,1,0,0,0,0,0,0,0,0,0,0,0,0,2,7
509938769,477853640,0,304709692,302612540,34570251,0,0,1,1,0,0,22,1,1,1,1,0,0,0,0,0,0,0,0,0,0,0,0,2,7
509955692,477853640,0,304709692,302612540,34570251,0,0,1,1,0,0,22,1,1,1,1,0,0,0,0,0,0,0,0,0,0,0,0,2,7
510466640,477853640,0,304709692,302612540,34570251,0,0,1,1,0,0,22,1,1,1,1,0,0,0,0,0,0,0,0,0,0,0,0,2,7
