timestamp,voltage5v_v,sensors3v3[0],sensors3v3[1],sensors3v3[2],sensors3v3[3],sensors3v3_valid,usb_connected,brick_valid,usb_valid,servo_valid,periph_5v_oc,hipower_5v_oc,comp_5v_valid,can1_gps1_5v_valid
217942553,4.9977355,0.0,0.0,0.0,0.0,0,0,1,0,1,0,0,0,0
218442551,5.083438,0.0,0.0,0.0,0.0,0,0,1,0,1,0,0,0,0
218942565,4.9115295,0.0,0.0,0.0,0.0,0,0,1,0,1,0,0,0,0
219442554,5.090991,0.0,0.0,0.0,0.0,0,0,1,0,1,0,0,0,0
219942572,5.004181,0.0,0.0,0.0,0.0,0,0,1,0,1,0,0,0,0
220442551,4.903674,0.0,0.0,0.0,0.0,0,0,1,0,1,0,0,0,0
220942551,5.069641,0.0,0.0,0.0,0.0,0,0,1,0,1,0,0,0,0
221442554,5.055542,0.0,0.0,0.0,0.0,0,0,1,0,1,0,0,0,0
221942552,5.064807,0.0,0.0,0.0,0.0,0,0,1,0,1,0,0,0,0
222442551,5.041443,0.0,0.0,0.0,0.0,0,0,1,0,1,0,0,0,0
222942551,5.0511107,0.0,0.0,0.0,0.0,0,0,1,0,1,0,0,0,0
223442552,5.0423493,0.0,0.0,0.0,0.0,0,0,1,0,1,0,0,0,0
223942552,5.031775,0.0,0.0,0.0,0.0,0,0,1,0,1,0,0,0,0
224442552,5.045169,0.0,0.0,0.0,0.0,0,0,1,0,1,0,0,0,0
224942552,5.0660157,0.0,0.0,0.0,0.0,0,0,1,0,1,0,0,0,0
225442780,5.0339904,0.0,0.0,0.0,0.0,0,0,1,0,1,0,0,0,0
225942551,5.0278473,0.0,0.0,0.0,0.0,0,0,1,0,1,0,0,0,0
226442580,4.9387207,0.0,0.0,0.0,0.0,0,0,1,0,1,0,0,0,0
226942551,5.0442624,0.0,0.0,0.0,0.0,0,0,1,0,1,0,0,0,0
227442553,5.027948,0.0,0.0,0.0,0.0,0,0,1,0,1,0,0,0,0
227942551,5.050607,0.0,0.0,0.0,0.0,0,0,1,0,1,0,0,0,0
228442551,5.0301633,0.0,0.0,0.0,0.0,0,0,1,0,1,0,0,0,0
228942551,5.046881,0.0,0.0,0.0,0.0,0,0,1,0,1,0,0,0,0
229442553,4.927844,0.0,0.0,0.0,0.0,0,0,1,0,1,0,0,0,0
229942582,5.0499024,0.0,0.0,0.0,0.0,0,0,1,0,1,0,0,0,0
230442551,5.0509095,0.0,0.0,0.0,0.0,0,0,1,0,1,0,0,0,0
230942551,4.9426484,0.0,0.0,0.0,0.0,0,0,1,0,1,0,0,0,0
231442551,5.0436583,0.0,0.0,0.0,0.0,0,0,1,0,1,0,0,0,0
231942621,5.036105,0.0,0.0,0.0,0.0,0,0,1,0,1,0,0,0,0
232442551,5.058563,0.0,0.0,0.0,0.0,0,0,1,0,1,0,0,0,0
232942566,5.0364075,0.0,0.0,0.0,0.0,0,0,1,0,1,0,0,0,0
233442552,5.035904,0.0,0.0,0.0,0.0,0,0,1,0,1,0,0,0,0
233942551,4.9404325,0.0,0.0,0.0,0.0,0,0,1,0,1,0,0,0,0
234442551,5.0453706,0.0,0.0,0.0,0.0,0,0,1,0,1,0,0,0,0
234942598,5.0499024,0.0,0.0,0.0,0.0,0,0,1,0,1,0,0,0,0
235442552,5.008914,0.0,0.0,0.0,0.0,0,0,1,0,1,0,0,0,0
235942554,5.01969,0.0,0.0,0.0,0.0,0,0,1,0,1,0,0,0,0
236442631,5.017676,0.0,0.0,0.0,0.0,0,0,1,0,1,0,0,0,0
236942647,5.0445647,0.0,0.0,0.0,0.0,0,0,1,0,1,0,0,0,0
237442649,5.0388246,0.0,0.0,0.0,0.0,0,0,1,0,1,0,0,0,0
237942572,5.001663,0.0,0.0,0.0,0.0,0,0,1,0,1,0,0,0,0
238442553,5.032379,0.0,0.0,0.0,0.0,0,0,1,0,1,0,0,0,0
238942551,5.0339904,0.0,0.0,0.0,0.0,0,0,1,0,1,0,0,0,0
239442552,5.023215,0.0,0.0,0.0,0.0,0,0,1,0,1,0,0,0,0
239942551,4.9191833,0.0,0.0,0.0,0.0,0,0,1,0,1,0,0,0,0
240442573,5.0156617,0.0,0.0,0.0,0.0,0,0,1,0,1,0,0,0,0
240942582,4.9860535,0.0,0.0,0.0,0.0,0,0,1,0,1,0,0,0,0
241442551,5.034091,0.0,0.0,0.0,0.0,0,0,1,0,1,0,0,0,0
241942551,5.0345945,0.0,0.0,0.0,0.0,0,0,1,0,1,0,0,0,0
242442685,5.029962,0.0,0.0,0.0,0.0,0,0,1,0,1,0,0,0,0
242942566,4.932779,0.0,0.0,0.0,0.0,0,0,1,0,1,0,0,0,0
243442571,5.006799,0.0,0.0,0.0,0.0,0,0,1,0,1,0,0,0,0
243942551,5.0328827,0.0,0.0,0.0,0.0,0,0,1,0,1,0,0,0,0
244442551,4.9140472,0.0,0.0,0.0,0.0,0,0,1,0,1,0,0,0,0
244942551,5.028955,0.0,0.0,0.0,0.0,0,0,1,0,1,0,0,0,0
245442552,5.0266385,0.0,0.0,0.0,0.0,0,0,1,0,1,0,0,0,0
245942551,4.926535,0.0,0.0,0.0,0.0,0,0,1,0,1,0,0,0,0
246442551,5.0311704,0.0,0.0,0.0,0.0,0,0,1,0,1,0,0,0,0
246942552,5.0197906,0.0,0.0,0.0,0.0,0,0,1,0,1,0,0,0,0
247442552,5.045471,0.0,0.0,0.0,0.0,0,0,1,0,1,0,0,0,0
247942551,5.0328827,0.0,0.0,0.0,0.0,0,0,1,0,1,0,0,0,0
248442552,5.037918,0.0,0.0,0.0,0.0,0,0,1,0,1,0,0,0,0
248942552,5.061484,0.0,0.0,0.0,0.0,0,0,1,0,1,0,0,0,0
249442555,5.0464783,0.0,0.0,0.0,0.0,0,0,1,0,1,0,0,0,0
249942551,5.050003,0.0,0.0,0.0,0.0,0,0,1,0,1,0,0,0,0
250442550,4.943756,0.0,0.0,0.0,0.0,0,0,1,0,1,0,0,0,0
250942551,5.0494995,0.0,0.0,0.0,0.0,0,0,1,0,1,0,0,0,0
251442550,5.0208983,0.0,0.0,0.0,0.0,0,0,1,0,1,0,0,0,0
251942565,4.931671,0.0,0.0,0.0,0.0,0,0,1,0,1,0,0,0,0
252442571,5.027142,0.0,0.0,0.0,0.0,0,0,1,0,1,0,0,0,0
252942550,5.0480895,0.0,0.0,0.0,0.0,0,0,1,0,1,0,0,0,0
253442551,5.0368104,0.0,0.0,0.0,0.0,0,0,1,0,1,0,0,0,0
253942551,5.053729,0.0,0.0,0.0,0.0,0,0,1,0,1,0,0,0,0
254442550,5.0136476,0.0,0.0,0.0,0.0,0,0,1,0,1,0,0,0,0
254942551,4.922305,0.0,0.0,0.0,0.0,0,0,1,0,1,0,0,0,0
255442552,5.05242,0.0,0.0,0.0,0.0,0,0,1,0,1,0,0,0,0
255942550,5.033688,0.0,0.0,0.0,0.0,0,0,1,0,1,0,0,0,0
256442552,4.9371095,0.0,0.0,0.0,0.0,0,0,1,0,1,0,0,0,0
256942551,5.0322785,0.0,0.0,0.0,0.0,0,0,1,0,1,0,0,0,0
257442551,5.0470824,0.0,0.0,0.0,0.0,0,0,1,0,1,0,0,0,0
257942550,4.9387207,0.0,0.0,0.0,0.0,0,0,1,0,1,0,0,0,0
258442551,5.0223083,0.0,0.0,0.0,0.0,0,0,1,0,1,0,0,0,0
258942592,5.0501037,0.0,0.0,0.0,0.0,0,0,1,0,1,0,0,0,0
259443078,4.93006,0.0,0.0,0.0,0.0,0,0,1,0,1,0,0,0,0
259942604,5.0435576,0.0,0.0,0.0,0.0,0,0,1,0,1,0,0,0,0
260442727,5.0280485,0.0,0.0,0.0,0.0,0,0,1,0,1,0,0,0,0
260942677,4.9435544,0.0,0.0,0.0,0.0,0,0,1,0,1,0,0,0,0
261442882,5.0463777,0.0,0.0,0.0,0.0,0,0,1,0,1,0,0,0,0
261942966,5.0421476,0.0,0.0,0.0,0.0,0,0,1,0,1,0,0,0,0
262442889,4.9465756,0.0,0.0,0.0,0.0,0,0,1,0,1,0,0,0,0
262942943,5.0213013,0.0,0.0,0.0,0.0,0,0,1,0,1,0,0,0,0
263442937,5.050406,0.0,0.0,0.0,0.0,0,0,1,0,1,0,0,0,0
263943033,4.8381133,0.0,0.0,0.0,0.0,0,0,1,0,1,0,0,0,0
264442571,4.975882,0.0,0.0,0.0,0.0,0,0,1,0,1,0,0,0,0
264942571,5.010123,0.0,0.0,0.0,0.0,0,0,1,0,1,0,0,0,0
265442553,4.9059906,0.0,0.0,0.0,0.0,0,0,1,0,1,0,0,0,0
265942552,5.014453,0.0,0.0,0.0,0.0,0,0,1,0,1,0,0,0,0
266442550,4.999649,0.0,0.0,0.0,0.0,0,0,1,0,1,0,0,0,0
266942551,4.9139466,0.0,0.0,0.0,0.0,0,0,1,0,1,0,0,0,0
267442551,4.98988,0.0,0.0,0.0,0.0,0,0,1,0,1,0,0,0,0
267942569,5.0231137,0.0,0.0,0.0,0.0,0,0,1,0,1,0,0,0,0
268442553,4.9156585,0.0,0.0,0.0,0.0,0,0,1,0,1,0,0,0,0
268942551,5.0976377,0.0,0.0,0.0,0.0,0,0,1,0,1,0,0,0,0
269442551,5.022812,0.0,0.0,0.0,0.0,0,0,1,0,1,0,0,0,0
269942551,4.921701,0.0,0.0,0.0,0.0,0,0,1,0,1,0,0,0,0
270442552,5.074576,0.0,0.0,0.0,0.0,0,0,1,0,1,0,0,0,0
270942552,5.032782,0.0,0.0,0.0,0.0,0,0,1,0,1,0,0,0,0
271442552,5.051715,0.0,0.0,0.0,0.0,0,0,1,0,1,0,0,0,0
271942551,5.01828,0.0,0.0,0.0,0.0,0,0,1,0,1,0,0,0,0
272442552,5.0439606,0.0,0.0,0.0,0.0,0,0,1,0,1,0,0,0,0
272942577,4.9350953,0.0,0.0,0.0,0.0,0,0,1,0,1,0,0,0,0
273442553,4.9394255,0.0,0.0,0.0,0.0,0,0,1,0,1,0,0,0,0
273942551,5.0425506,0.0,0.0,0.0,0.0,0,0,1,0,1,0,0,0,0
274442567,4.9160614,0.0,0.0,0.0,0.0,0,0,1,0,1,0,0,0,0
274942551,5.0442624,0.0,0.0,0.0,0.0,0,0,1,0,1,0,0,0,0
275442588,5.0122375,0.0,0.0,0.0,0.0,0,0,1,0,1,0,0,0,0
275942551,4.9163632,0.0,0.0,0.0,0.0,0,0,1,0,1,0,0,0,0
276442887,5.0132446,0.0,0.0,0.0,0.0,0,0,1,0,1,0,0,0,0
276942550,5.037616,0.0,0.0,0.0,0.0,0,0,1,0,1,0,0,0,0
277442567,4.896725,0.0,0.0,0.0,0.0,0,0,1,0,1,0,0,0,0
277942580,5.037616,0.0,0.0,0.0,0.0,0,0,1,0,1,0,0,0,0
278442576,5.0194883,0.0,0.0,0.0,0.0,0,0,1,0,1,0,0,0,0
278942551,4.9000487,0.0,0.0,0.0,0.0,0,0,1,0,1,0,0,0,0
279442575,5.040234,0.0,0.0,0.0,0.0,0,0,1,0,1,0,0,0,0
279942565,5.0436583,0.0,0.0,0.0,0.0,0,0,1,0,1,0,0,0,0
280442553,4.8896756,0.0,0.0,0.0,0.0,0,0,1,0,1,0,0,0,0
280942551,5.033688,0.0,0.0,0.0,0.0,0,0,1,0,1,0,0,0,0
281442551,5.0194883,0.0,0.0,0.0,0.0,0,0,1,0,1,0,0,0,0
281942551,4.9289517,0.0,0.0,0.0,0.0,0,0,1,0,1,0,0,0,0
282442562,5.0221066,0.0,0.0,0.0,0.0,0,0,1,0,1,0,0,0,0
282942646,5.037314,0.0,0.0,0.0,0.0,0,0,1,0,1,0,0,0,0
283442551,4.974472,0.0,0.0,0.0,0.0,0,0,1,0,1,0,0,0,0
283942552,5.053326,0.0,0.0,0.0,0.0,0,0,1,0,1,0,0,0,0
284442565,5.035501,0.0,0.0,0.0,0.0,0,0,1,0,1,0,0,0,0
284942551,4.9194856,0.0,0.0,0.0,0.0,0,0,1,0,1,0,0,0,0
285442551,5.0516143,0.0,0.0,0.0,0.0,0,0,1,0,1,0,0,0,0
285942570,5.023416,0.0,0.0,0.0,0.0,0,0,1,0,1,0,0,0,0
286442551,4.9479856,0.0,0.0,0.0,0.0,0,0,1,0,1,0,0,0,0
286942553,5.0353,0.0,0.0,0.0,0.0,0,0,1,0,1,0,0,0,0
287442552,5.0417447,0.0,0.0,0.0,0.0,0,0,1,0,1,0,0,0,0
287942551,4.935397,0.0,0.0,0.0,0.0,0,0,1,0,1,0,0,0,0
288442590,5.0266385,0.0,0.0,0.0,0.0,0,0,1,0,1,0,0,0,0
288942659,5.040234,0.0,0.0,0.0,0.0,0,0,1,0,1,0,0,0,0
289442669,4.9467773,0.0,0.0,0.0,0.0,0,0,1,0,1,0,0,0,0
289942571,5.0657134,0.0,0.0,0.0,0.0,0,0,1,0,1,0,0,0,0
290442552,5.0302644,0.0,0.0,0.0,0.0,0,0,1,0,1,0,0,0,0
290942551,5.0446653,0.0,0.0,0.0,0.0,0,0,1,0,1,0,0,0,0
291442551,5.029761,0.0,0.0,0.0,0.0,0,0,1,0,1,0,0,0,0
291942551,5.05242,0.0,0.0,0.0,0.0,0,0,1,0,1,0,0,0,0
292442552,4.9404325,0.0,0.0,0.0,0.0,0,0,1,0,1,0,0,0,0
292942551,5.0184813,0.0,0.0,0.0,0.0,0,0,1,0,1,0,0,0,0
293442552,5.015259,0.0,0.0,0.0,0.0,0,0,1,0,1,0,0,0,0
293942551,5.030566,0.0,0.0,0.0,0.0,0,0,1,0,1,0,0,0,0
294442551,5.033386,0.0,0.0,0.0,0.0,0,0,1,0,1,0,0,0,0
294942586,5.028955,0.0,0.0,0.0,0.0,0,0,1,0,1,0,0,0,0
295442552,4.934592,0.0,0.0,0.0,0.0,0,0,1,0,1,0,0,0,0
295942551,5.0388246,0.0,0.0,0.0,0.0,0,0,1,0,1,0,0,0,0
296442550,5.039227,0.0,0.0,0.0,0.0,0,0,1,0,1,0,0,0,0
296942552,5.033386,0.0,0.0,0.0,0.0,0,0,1,0,1,0,0,0,0
297442551,5.0147552,0.0,0.0,0.0,0.0,0,0,1,0,1,0,0,0,0
297942551,5.0349975,0.0,0.0,0.0,0.0,0,0,1,0,1,0,0,0,0
298442552,4.921298,0.0,0.0,0.0,0.0,0,0,1,0,1,0,0,0,0
298942552,4.9270387,0.0,0.0,0.0,0.0,0,0,1,0,1,0,0,0,0
299442560,5.045572,0.0,0.0,0.0,0.0,0,0,1,0,1,0,0,0,0
299942757,5.0407376,0.0,0.0,0.0,0.0,0,0,1,0,1,0,0,0,0
300442551,5.037213,0.0,0.0,0.0,0.0,0,0,1,0,1,0,0,0,0
300942554,5.0315733,0.0,0.0,0.0,0.0,0,0,1,0,1,0,0,0,0
301442568,4.9435544,0.0,0.0,0.0,0.0,0,0,1,0,1,0,0,0,0
301942551,4.978601,0.0,0.0,0.0,0.0,0,0,1,0,1,0,0,0,0
302442551,5.020596,0.0,0.0,0.0,0.0,0,0,1,0,1,0,0,0,0
302942551,5.0478883,0.0,0.0,0.0,0.0,0,0,1,0,1,0,0,0,0
303442550,5.0553403,0.0,0.0,0.0,0.0,0,0,1,0,1,0,0,0,0
303942551,5.0563474,0.0,0.0,0.0,0.0,0,0,1,0,1,0,0,0,0
304442551,5.037112,0.0,0.0,0.0,0.0,0,0,1,0,1,0,0,0,0
304942551,5.031775,0.0,0.0,0.0,0.0,0,0,1,0,1,0,0,0,0
305442553,5.061282,0.0,0.0,0.0,0.0,0,0,1,0,1,0,0,0,0
305942571,5.057858,0.0,0.0,0.0,0.0,0,0,1,0,1,0,0,0,0
306442551,4.9242187,0.0,0.0,0.0,0.0,0,0,1,0,1,0,0,0,0
306942552,5.0219054,0.0,0.0,0.0,0.0,0,0,1,0,1,0,0,0,0
307442551,5.0381193,0.0,0.0,0.0,0.0,0,0,1,0,1,0,0,0,0
307942576,5.062491,0.0,0.0,0.0,0.0,0,0,1,0,1,0,0,0,0
308442551,5.0615845,0.0,0.0,0.0,0.0,0,0,1,0,1,0,0,0,0
308942551,5.066821,0.0,0.0,0.0,0.0,0,0,1,0,1,0,0,0,0
309442551,5.080115,0.0,0.0,0.0,0.0,0,0,1,0,1,0,0,0,0
309942551,5.0615845,0.0,0.0,0.0,0.0,0,0,1,0,1,0,0,0,0
310442551,5.0943146,0.0,0.0,0.0,0.0,0,0,1,0,1,0,0,0,0
310942552,4.9801116,0.0,0.0,0.0,0.0,0,0,1,0,1,0,0,0,0
311442580,5.0835385,0.0,0.0,0.0,0.0,0,0,1,0,1,0,0,0,0
311942550,5.07951,0.0,0.0,0.0,0.0,0,0,1,0,1,0,0,0,0
312442742,5.0308685,0.0,0.0,0.0,0.0,0,0,1,0,1,0,0,0,0
312942620,5.076892,0.0,0.0,0.0,0.0,0,0,1,0,1,0,0,0,0
313442809,5.0704465,0.0,0.0,0.0,0.0,0,0,1,0,1,0,0,0,0
313942745,5.080115,0.0,0.0,0.0,0.0,0,0,1,0,1,0,0,0,0
314442716,5.0815244,0.0,0.0,0.0,0.0,0,0,1,0,1,0,0,0,0
314942890,5.0740724,0.0,0.0,0.0,0.0,0,0,1,0,1,0,0,0,0
315442944,5.0805173,0.0,0.0,0.0,0.0,0,0,1,0,1,0,0,0,0
315942826,5.066217,0.0,0.0,0.0,0.0,0,0,1,0,1,0,0,0,0
316442882,5.0749784,0.0,0.0,0.0,0.0,0,0,1,0,1,0,0,0,0
316943090,5.069641,0.0,0.0,0.0,0.0,0,0,1,0,1,0,0,0,0
317443008,5.0698423,0.0,0.0,0.0,0.0,0,0,1,0,1,0,0,0,0
317943000,5.0660157,0.0,0.0,0.0,0.0,0,0,1,0,1,0,0,0,0
318443018,5.0891786,0.0,0.0,0.0,0.0,0,0,1,0,1,0,0,0,0
318943094,5.054736,0.0,0.0,0.0,0.0,0,0,1,0,1,0,0,0,0
319442552,5.0667205,0.0,0.0,0.0,0.0,0,0,1,0,1,0,0,0,0
319942552,5.090387,0.0,0.0,0.0,0.0,0,0,1,0,1,0,0,0,0
320442551,5.043054,0.0,0.0,0.0,0.0,0,0,1,0,1,0,0,0,0
320942552,5.0650086,0.0,0.0,0.0,0.0,0,0,1,0,1,0,0,0,0
321442570,4.9158597,0.0,0.0,0.0,0.0,0,0,1,0,1,0,0,0,0
321942551,5.0669217,0.0,0.0,0.0,0.0,0,0,1,0,1,0,0,0,0
322442553,5.045572,0.0,0.0,0.0,0.0,0,0,1,0,1,0,0,0,0
322942551,5.0669217,0.0,0.0,0.0,0.0,0,0,1,0,1,0,0,0,0
323442552,5.0550385,0.0,0.0,0.0,0.0,0,0,1,0,1,0,0,0,0
323942550,5.040637,0.0,0.0,0.0,0.0,0,0,1,0,1,0,0,0,0
324442551,5.0439606,0.0,0.0,0.0,0.0,0,0,1,0,1,0,0,0,0
324942576,5.0450683,0.0,0.0,0.0,0.0,0,0,1,0,1,0,0,0,0
325442591,5.0597715,0.0,0.0,0.0,0.0,0,0,1,0,1,0,0,0,0
325942551,4.9610777,0.0,0.0,0.0,0.0,0,0,1,0,1,0,0,0,0
326442551,5.065512,0.0,0.0,0.0,0.0,0,0,1,0,1,0,0,0,0
326942550,5.0649076,0.0,0.0,0.0,0.0,0,0,1,0,1,0,0,0,0
327442774,5.07518,0.0,0.0,0.0,0.0,0,0,1,0,1,0,0,0,0
327942553,5.0621886,0.0,0.0,0.0,0.0,0,0,1,0,1,0,0,0,0
328442581,5.0391264,0.0,0.0,0.0,0.0,0,0,1,0,1,0,0,0,0
328942552,5.0421476,0.0,0.0,0.0,0.0,0,0,1,0,1,0,0,0,0
329442553,5.054333,0.0,0.0,0.0,0.0,0,0,1,0,1,0,0,0,0
329942568,5.06803,0.0,0.0,0.0,0.0,0,0,1,0,1,0,0,0,0
330442551,5.0522184,0.0,0.0,0.0,0.0,0,0,1,0,1,0,0,0,0
330942555,5.0399323,0.0,0.0,0.0,0.0,0,0,1,0,1,0,0,0,0
331442551,5.0632963,0.0,0.0,0.0,0.0,0,0,1,0,1,0,0,0,0
331942551,4.9532228,0.0,0.0,0.0,0.0,0,0,1,0,1,0,0,0,0
332442551,5.058563,0.0,0.0,0.0,0.0,0,0,1,0,1,0,0,0,0
332942551,5.043457,0.0,0.0,0.0,0.0,0,0,1,0,1,0,0,0,0
333442565,5.067627,0.0,0.0,0.0,0.0,0,0,1,0,1,0,0,0,0
333942552,5.063397,0.0,0.0,0.0,0.0,0,0,1,0,1,0,0,0,0
334442551,5.069943,0.0,0.0,0.0,0.0,0,0,1,0,1,0,0,0,0
334942584,5.062289,0.0,0.0,0.0,0.0,0,0,1,0,1,0,0,0,0
335442553,5.0231137,0.0,0.0,0.0,0.0,0,0,1,0,1,0,0,0,0
335942551,5.0354004,0.0,0.0,0.0,0.0,0,0,1,0,1,0,0,0,0
336442551,4.939929,0.0,0.0,0.0,0.0,0,0,1,0,1,0,0,0,0
336942551,5.0191865,0.0,0.0,0.0,0.0,0,0,1,0,1,0,0,0,0
337442574,5.018683,0.0,0.0,0.0,0.0,0,0,1,0,1,0,0,0,0
337943085,4.925125,0.0,0.0,0.0,0.0,0,0,1,0,1,0,0,0,0
338442554,5.0191865,0.0,0.0,0.0,0.0,0,0,1,0,1,0,0,0,0
338942565,4.990686,0.0,0.0,0.0,0.0,0,0,1,0,1,0,0,0,0
339442552,4.916162,0.0,0.0,0.0,0.0,0,0,1,0,1,0,0,0,0
339942551,5.0139494,0.0,0.0,0.0,0.0,0,0,1,0,1,0,0,0,0
340442552,5.0250273,0.0,0.0,0.0,0.0,0,0,1,0,1,0,0,0,0
340942551,4.9211974,0.0,0.0,0.0,0.0,0,0,1,0,1,0,0,0,0
341442553,5.01687,0.0,0.0,0.0,0.0,0,0,1,0,1,0,0,0,0
341942551,5.0276456,0.0,0.0,0.0,0.0,0,0,1,0,1,0,0,0,0
342442551,5.0147552,0.0,0.0,0.0,0.0,0,0,1,0,1,0,0,0,0
342942551,5.028351,0.0,0.0,0.0,0.0,0,0,1,0,1,0,0,0,0
343442551,4.999951,0.0,0.0,0.0,0.0,0,0,1,0,1,0,0,0,0
343942551,5.0225096,0.0,0.0,0.0,0.0,0,0,1,0,1,0,0,0,0
344442777,4.9987426,0.0,0.0,0.0,0.0,0,0,1,0,1,0,0,0,0
344942551,5.0256314,0.0,0.0,0.0,0.0,0,0,1,0,1,0,0,0,0
345442552,4.920694,0.0,0.0,0.0,0.0,0,0,1,0,1,0,0,0,0
345942581,5.025833,0.0,0.0,0.0,0.0,0,0,1,0,1,0,0,0,0
346442621,5.020294,0.0,0.0,0.0,0.0,0,0,1,0,1,0,0,0,0
346942551,5.0036774,0.0,0.0,0.0,0.0,0,0,1,0,1,0,0,0,0
347442591,4.999246,0.0,0.0,0.0,0.0,0,0,1,0,1,0,0,0,0
347942552,5.010324,0.0,0.0,0.0,0.0,0,0,1,0,1,0,0,0,0
348442551,4.9928007,0.0,0.0,0.0,0.0,0,0,1,0,1,0,0,0,0
348942551,5.0246243,0.0,0.0,0.0,0.0,0,0,1,0,1,0,0,0,0
349442593,5.02261,0.0,0.0,0.0,0.0,0,0,1,0,1,0,0,0,0
349942621,5.036911,0.0,0.0,0.0,0.0,0,0,1,0,1,0,0,0,0
350442636,5.0046844,0.0,0.0,0.0,0.0,0,0,1,0,1,0,0,0,0
350942656,5.013849,0.0,0.0,0.0,0.0,0,0,1,0,1,0,0,0,0
351442571,4.916565,0.0,0.0,0.0,0.0,0,0,1,0,1,0,0,0,0
351942551,5.0397305,0.0,0.0,0.0,0.0,0,0,1,0,1,0,0,0,0
352442551,5.0374146,0.0,0.0,0.0,0.0,0,0,1,0,1,0,0,0,0
352942551,4.9435544,0.0,0.0,0.0,0.0,0,0,1,0,1,0,0,0,0
353442551,5.032782,0.0,0.0,0.0,0.0,0,0,1,0,1,0,0,0,0
353942551,5.0273438,0.0,0.0,0.0,0.0,0,0,1,0,1,0,0,0,0
354442551,5.039026,0.0,0.0,0.0,0.0,0,0,1,0,1,0,0,0,0
354942553,5.0294585,0.0,0.0,0.0,0.0,0,0,1,0,1,0,0,0,0
355442551,5.045169,0.0,0.0,0.0,0.0,0,0,1,0,1,0,0,0,0
355942551,4.9174714,0.0,0.0,0.0,0.0,0,0,1,0,1,0,0,0,0
356442553,5.0415435,0.0,0.0,0.0,0.0,0,0,1,0,1,0,0,0,0
356942551,5.04104,0.0,0.0,0.0,0.0,0,0,1,0,1,0,0,0,0
357442550,4.9311676,0.0,0.0,0.0,0.0,0,0,1,0,1,0,0,0,0
357942580,5.0432553,0.0,0.0,0.0,0.0,0,0,1,0,1,0,0,0,0
358442552,5.0155606,0.0,0.0,0.0,0.0,0,0,1,0,1,0,0,0,0
358942557,4.950604,0.0,0.0,0.0,0.0,0,0,1,0,1,0,0,0,0
359442551,5.029962,0.0,0.0,0.0,0.0,0,0,1,0,1,0,0,0,0
359942551,5.043457,0.0,0.0,0.0,0.0,0,0,1,0,1,0,0,0,0
360442553,4.921097,0.0,0.0,0.0,0.0,0,0,1,0,1,0,0,0,0
360942559,5.061282,0.0,0.0,0.0,0.0,0,0,1,0,1,0,0,0,0
361442551,5.0501037,0.0,0.0,0.0,0.0,0,0,1,0,1,0,0,0,0
361942580,4.9381166,0.0,0.0,0.0,0.0,0,0,1,0,1,0,0,0,0
362442561,5.046176,0.0,0.0,0.0,0.0,0,0,1,0,1,0,0,0,0
362942551,5.0385222,0.0,0.0,0.0,0.0,0,0,1,0,1,0,0,0,0
363442551,4.944763,0.0,0.0,0.0,0.0,0,0,1,0,1,0,0,0,0
363942552,5.0532255,0.0,0.0,0.0,0.0,0,0,1,0,1,0,0,0,0
364442551,5.047989,0.0,0.0,0.0,0.0,0,0,1,0,1,0,0,0,0
364942551,5.057556,0.0,0.0,0.0,0.0,0,0,1,0,1,0,0,0,0
365442603,5.0273438,0.0,0.0,0.0,0.0,0,0,1,0,1,0,0,0,0
365942552,5.03822,0.0,0.0,0.0,0.0,0,0,1,0,1,0,0,0,0
366442551,4.920694,0.0,0.0,0.0,0.0,0,0,1,0,1,0,0,0,0
366942552,5.053125,0.0,0.0,0.0,0.0,0,0,1,0,1,0,0,0,0
367442573,5.0351987,0.0,0.0,0.0,0.0,0,0,1,0,1,0,0,0,0
367942551,5.044766,0.0,0.0,0.0,0.0,0,0,1,0,1,0,0,0,0
368442582,4.925528,0.0,0.0,0.0,0.0,0,0,1,0,1,0,0,0,0
368942550,5.035501,0.0,0.0,0.0,0.0,0,0,1,0,1,0,0,0,0
369442566,4.927844,0.0,0.0,0.0,0.0,0,0,1,0,1,0,0,0,0
369942553,5.0302644,0.0,0.0,0.0,0.0,0,0,1,0,1,0,0,0,0
370442551,5.050003,0.0,0.0,0.0,0.0,0,0,1,0,1,0,0,0,0
370942551,4.9263334,0.0,0.0,0.0,0.0,0,0,1,0,1,0,0,0,0
371442552,5.052722,0.0,0.0,0.0,0.0,0,0,1,0,1,0,0,0,0
371942551,5.038925,0.0,0.0,0.0,0.0,0,0,1,0,1,0,0,0,0
372442552,4.9452667,0.0,0.0,0.0,0.0,0,0,1,0,1,0,0,0,0
372942550,5.0480895,0.0,0.0,0.0,0.0,0,0,1,0,1,0,0,0,0
373442551,5.0247254,0.0,0.0,0.0,0.0,0,0,1,0,1,0,0,0,0
373942551,5.044766,0.0,0.0,0.0,0.0,0,0,1,0,1,0,0,0,0
374442551,4.939627,0.0,0.0,0.0,0.0,0,0,1,0,1,0,0,0,0
374942550,5.047787,0.0,0.0,0.0,0.0,0,0,1,0,1,0,0,0,0
375442551,4.9416413,0.0,0.0,0.0,0.0,0,0,1,0,1,0,0,0,0
375942810,5.045773,0.0,0.0,0.0,0.0,0,0,1,0,1,0,0,0,0
376442553,5.0318756,0.0,0.0,0.0,0.0,0,0,1,0,1,0,0,0,0
376942551,4.916565,0.0,0.0,0.0,0.0,0,0,1,0,1,0,0,0,0
377442551,5.035501,0.0,0.0,0.0,0.0,0,0,1,0,1,0,0,0,0
377942587,5.0198913,0.0,0.0,0.0,0.0,0,0,1,0,1,0,0,0,0
378442551,4.9523163,0.0,0.0,0.0,0.0,0,0,1,0,1,0,0,0,0
378942652,5.0256314,0.0,0.0,0.0,0.0,0,0,1,0,1,0,0,0,0
379442697,5.0360045,0.0,0.0,0.0,0.0,0,0,1,0,1,0,0,0,0
379942565,5.0599732,0.0,0.0,0.0,0.0,0,0,1,0,1,0,0,0,0
380442551,5.046579,0.0,0.0,0.0,0.0,0,0,1,0,1,0,0,0,0
380942709,5.050708,0.0,0.0,0.0,0.0,0,0,1,0,1,0,0,0,0
381442761,4.9281464,0.0,0.0,0.0,0.0,0,0,1,0,1,0,0,0,0
381942626,5.0415435,0.0,0.0,0.0,0.0,0,0,1,0,1,0,0,0,0
382442669,5.026135,0.0,0.0,0.0,0.0,0,0,1,0,1,0,0,0,0
382942741,4.9243193,0.0,0.0,0.0,0.0,0,0,1,0,1,0,0,0,0
383442861,5.067828,0.0,0.0,0.0,0.0,0,0,1,0,1,0,0,0,0
383943024,5.078302,0.0,0.0,0.0,0.0,0,0,1,0,1,0,0,0,0
384442876,4.9652066,0.0,0.0,0.0,0.0,0,0,1,0,1,0,0,0,0
384942940,4.944864,0.0,0.0,0.0,0.0,0,0,1,0,1,0,0,0,0
385443045,5.067224,0.0,0.0,0.0,0.0,0,0,1,0,1,0,0,0,0
385942970,4.948892,0.0,0.0,0.0,0.0,0,0,1,0,1,0,0,0,0
386443087,5.060074,0.0,0.0,0.0,0.0,0,0,1,0,1,0,0,0,0
386942571,5.0653105,0.0,0.0,0.0,0.0,0,0,1,0,1,0,0,0,0
387442551,4.9522157,0.0,0.0,0.0,0.0,0,0,1,0,1,0,0,0,0
387942551,5.0734677,0.0,0.0,0.0,0.0,0,0,1,0,1,0,0,0,0
388442610,5.022812,0.0,0.0,0.0,0.0,0,0,1,0,1,0,0,0,0
388942551,4.948691,0.0,0.0,0.0,0.0,0,0,1,0,1,0,0,0,0
389442594,5.0385222,0.0,0.0,0.0,0.0,0,0,1,0,1,0,0,0,0
389942553,5.051312,0.0,0.0,0.0,0.0,0,0,1,0,1,0,0,0,0
390442580,4.917975,0.0,0.0,0.0,0.0,0,0,1,0,1,0,0,0,0
390942551,5.0235167,0.0,0.0,0.0,0.0,0,0,1,0,1,0,0,0,0
391442551,5.04386,0.0,0.0,0.0,0.0,0,0,1,0,1,0,0,0,0
391942551,4.9391236,0.0,0.0,0.0,0.0,0,0,1,0,1,0,0,0,0
392442551,5.043759,0.0,0.0,0.0,0.0,0,0,1,0,1,0,0,0,0
392942552,5.003778,0.0,0.0,0.0,0.0,0,0,1,0,1,0,0,0,0
393442551,4.937915,0.0,0.0,0.0,0.0,0,0,1,0,1,0,0,0,0
393942552,5.014856,0.0,0.0,0.0,0.0,0,0,1,0,1,0,0,0,0
394442550,5.0276456,0.0,0.0,0.0,0.0,0,0,1,0,1,0,0,0,0
394942551,4.9121337,0.0,0.0,0.0,0.0,0,0,1,0,1,0,0,0,0
395442551,5.029358,0.0,0.0,0.0,0.0,0,0,1,0,1,0,0,0,0
395942551,5.0345945,0.0,0.0,0.0,0.0,0,0,1,0,1,0,0,0,0
396442551,4.9174714,0.0,0.0,0.0,0.0,0,0,1,0,1,0,0,0,0
396942575,5.0329833,0.0,0.0,0.0,0.0,0,0,1,0,1,0,0,0,0
397442550,5.0278473,0.0,0.0,0.0,0.0,0,0,1,0,1,0,0,0,0
397942551,4.9515104,0.0,0.0,0.0,0.0,0,0,1,0,1,0,0,0,0
398442551,5.0342927,0.0,0.0,0.0,0.0,0,0,1,0,1,0,0,0,0
398942584,5.064102,0.0,0.0,0.0,0.0,0,0,1,0,1,0,0,0,0
399442551,4.9539275,0.0,0.0,0.0,0.0,0,0,1,0,1,0,0,0,0
399942581,5.034695,0.0,0.0,0.0,0.0,0,0,1,0,1,0,0,0,0
400442554,5.0499024,0.0,0.0,0.0,0.0,0,0,1,0,1,0,0,0,0
400942553,4.931067,0.0,0.0,0.0,0.0,0,0,1,0,1,0,0,0,0
401442566,5.0505066,0.0,0.0,0.0,0.0,0,0,1,0,1,0,0,0,0
401942551,5.027142,0.0,0.0,0.0,0.0,0,0,1,0,1,0,0,0,0
402442551,5.0593686,0.0,0.0,0.0,0.0,0,0,1,0,1,0,0,0,0
402942551,5.048996,0.0,0.0,0.0,0.0,0,0,1,0,1,0,0,0,0
403442551,5.038925,0.0,0.0,0.0,0.0,0,0,1,0,1,0,0,0,0
403942550,4.938217,0.0,0.0,0.0,0.0,0,0,1,0,1,0,0,0,0
404442552,5.034091,0.0,0.0,0.0,0.0,0,0,1,0,1,0,0,0,0
404942551,5.051312,0.0,0.0,0.0,0.0,0,0,1,0,1,0,0,0,0
405442551,5.0354004,0.0,0.0,0.0,0.0,0,0,1,0,1,0,0,0,0
405942555,5.050708,0.0,0.0,0.0,0.0,0,0,1,0,1,0,0,0,0
406442552,5.0536284,0.0,0.0,0.0,0.0,0,0,1,0,1,0,0,0,0
406942551,4.95282,0.0,0.0,0.0,0.0,0,0,1,0,1,0,0,0,0
407442875,5.0488954,0.0,0.0,0.0,0.0,0,0,1,0,1,0,0,0,0
407942551,5.027545,0.0,0.0,0.0,0.0,0,0,1,0,1,0,0,0,0
408442551,5.037616,0.0,0.0,0.0,0.0,0,0,1,0,1,0,0,0,0
408942551,5.027142,0.0,0.0,0.0,0.0,0,0,1,0,1,0,0,0,0
409442551,5.040234,0.0,0.0,0.0,0.0,0,0,1,0,1,0,0,0,0
409942551,4.946878,0.0,0.0,0.0,0.0,0,0,1,0,1,0,0,0,0
410442582,5.0302644,0.0,0.0,0.0,0.0,0,0,1,0,1,0,0,0,0
410942551,5.0298615,0.0,0.0,0.0,0.0,0,0,1,0,1,0,0,0,0
411442550,4.9919953,0.0,0.0,0.0,0.0,0,0,1,0,1,0,0,0,0
411942551,5.0584626,0.0,0.0,0.0,0.0,0,0,1,0,1,0,0,0,0
412442550,5.010727,0.0,0.0,0.0,0.0,0,0,1,0,1,0,0,0,0
412942551,4.926837,0.0,0.0,0.0,0.0,0,0,1,0,1,0,0,0,0
413442551,5.036508,0.0,0.0,0.0,0.0,0,0,1,0,1,0,0,0,0
413942551,5.047183,0.0,0.0,0.0,0.0,0,0,1,0,1,0,0,0,0
414442552,5.0380187,0.0,0.0,0.0,0.0,0,0,1,0,1,0,0,0,0
414942551,5.026538,0.0,0.0,0.0,0.0,0,0,1,0,1,0,0,0,0
415442551,5.034796,0.0,0.0,0.0,0.0,0,0,1,0,1,0,0,0,0
415942562,5.0301633,0.0,0.0,0.0,0.0,0,0,1,0,1,0,0,0,0
416442551,5.048392,0.0,0.0,0.0,0.0,0,0,1,0,1,0,0,0,0
416942551,5.0161653,0.0,0.0,0.0,0.0,0,0,1,0,1,0,0,0,0
417442551,5.047787,0.0,0.0,0.0,0.0,0,0,1,0,1,0,0,0,0
417942700,5.046881,0.0,0.0,0.0,0.0,0,0,1,0,1,0,0,0,0
418442567,5.0478883,0.0,0.0,0.0,0.0,0,0,1,0,1,0,0,0,0
418942551,5.046881,0.0,0.0,0.0,0.0,0,0,1,0,1,0,0,0,0
419442552,5.0213013,0.0,0.0,0.0,0.0,0,0,1,0,1,0,0,0,0
419942659,5.0439606,0.0,0.0,0.0,0.0,0,0,1,0,1,0,0,0,0
420442591,5.0445647,0.0,0.0,0.0,0.0,0,0,1,0,1,0,0,0,0
420942568,5.0233154,0.0,0.0,0.0,0.0,0,0,1,0,1,0,0,0,0
421442611,5.041443,0.0,0.0,0.0,0.0,0,0,1,0,1,0,0,0,0
421942648,5.0599732,0.0,0.0,0.0,0.0,0,0,1,0,1,0,0,0,0
422442652,5.048593,0.0,0.0,0.0,0.0,0,0,1,0,1,0,0,0,0
422942573,5.04386,0.0,0.0,0.0,0.0,0,0,1,0,1,0,0,0,0
423442573,5.0388246,0.0,0.0,0.0,0.0,0,0,1,0,1,0,0,0,0
423942583,5.062088,0.0,0.0,0.0,0.0,0,0,1,0,1,0,0,0,0
424442591,5.0515137,0.0,0.0,0.0,0.0,0,0,1,0,1,0,0,0,0
424942551,5.047787,0.0,0.0,0.0,0.0,0,0,1,0,1,0,0,0,0
425442551,4.9465756,0.0,0.0,0.0,0.0,0,0,1,0,1,0,0,0,0
425942551,5.0476866,0.0,0.0,0.0,0.0,0,0,1,0,1,0,0,0,0
426442563,5.0354004,0.0,0.0,0.0,0.0,0,0,1,0,1,0,0,0,0
426942551,5.040335,0.0,0.0,0.0,0.0,0,0,1,0,1,0,0,0,0
427442552,5.0328827,0.0,0.0,0.0,0.0,0,0,1,0,1,0,0,0,0
427942644,5.058966,0.0,0.0,0.0,0.0,0,0,1,0,1,0,0,0,0
428442694,5.028351,0.0,0.0,0.0,0.0,0,0,1,0,1,0,0,0,0
428942586,5.0505066,0.0,0.0,0.0,0.0,0,0,1,0,1,0,0,0,0
429442551,5.0353,0.0,0.0,0.0,0.0,0,0,1,0,1,0,0,0,0
429942565,5.050305,0.0,0.0,0.0,0.0,0,0,1,0,1,0,0,0,0
430442628,5.053125,0.0,0.0,0.0,0.0,0,0,1,0,1,0,0,0,0
430942551,5.0349975,0.0,0.0,0.0,0.0,0,0,1,0,1,0,0,0,0
431442550,5.078906,0.0,0.0,0.0,0.0,0,0,1,0,1,0,0,0,0
431942576,5.0239196,0.0,0.0,0.0,0.0,0,0,1,0,1,0,0,0,0
432442569,5.04104,0.0,0.0,0.0,0.0,0,0,1,0,1,0,0,0,0
432942551,4.937915,0.0,0.0,0.0,0.0,0,0,1,0,1,0,0,0,0
433442551,5.0508084,0.0,0.0,0.0,0.0,0,0,1,0,1,0,0,0,0
433942551,5.0509095,0.0,0.0,0.0,0.0,0,0,1,0,1,0,0,0,0
434442553,5.0300627,0.0,0.0,0.0,0.0,0,0,1,0,1,0,0,0,0
434942551,5.0472836,0.0,0.0,0.0,0.0,0,0,1,0,1,0,0,0,0
435442551,5.0274444,0.0,0.0,0.0,0.0,0,0,1,0,1,0,0,0,0
435942551,4.9424467,0.0,0.0,0.0,0.0,0,0,1,0,1,0,0,0,0
436442553,5.0452695,0.0,0.0,0.0,0.0,0,0,1,0,1,0,0,0,0
436942551,5.0502043,0.0,0.0,0.0,0.0,0,0,1,0,1,0,0,0,0
437442552,5.0497007,0.0,0.0,0.0,0.0,0,0,1,0,1,0,0,0,0
437942551,5.025128,0.0,0.0,0.0,0.0,0,0,1,0,1,0,0,0,0
438442551,5.0490966,0.0,0.0,0.0,0.0,0,0,1,0,1,0,0,0,0
438942832,4.928448,0.0,0.0,0.0,0.0,0,0,1,0,1,0,0,0,0
439442573,5.0419464,0.0,0.0,0.0,0.0,0,0,1,0,1,0,0,0,0
439942568,5.026236,0.0,0.0,0.0,0.0,0,0,1,0,1,0,0,0,0
440442551,5.037918,0.0,0.0,0.0,0.0,0,0,1,0,1,0,0,0,0
440942551,5.030969,0.0,0.0,0.0,0.0,0,0,1,0,1,0,0,0,0
441442552,5.051312,0.0,0.0,0.0,0.0,0,0,1,0,1,0,0,0,0
441942551,5.050003,0.0,0.0,0.0,0.0,0,0,1,0,1,0,0,0,0
442442550,5.027142,0.0,0.0,0.0,0.0,0,0,1,0,1,0,0,0,0
442942551,5.050607,0.0,0.0,0.0,0.0,0,0,1,0,1,0,0,0,0
443442551,4.9297576,0.0,0.0,0.0,0.0,0,0,1,0,1,0,0,0,0
443942569,5.038321,0.0,0.0,0.0,0.0,0,0,1,0,1,0,0,0,0
444442552,5.044162,0.0,0.0,0.0,0.0,0,0,1,0,1,0,0,0,0
444942551,4.949698,0.0,0.0,0.0,0.0,0,0,1,0,1,0,0,0,0
445443487,5.0421476,0.0,0.0,0.0,0.0,0,0,1,0,1,0,0,0,0
445942552,5.033487,0.0,0.0,0.0,0.0,0,0,1,0,1,0,0,0,0
446442554,5.050003,0.0,0.0,0.0,0.0,0,0,1,0,1,0,0,0,0
446942606,5.0278473,0.0,0.0,0.0,0.0,0,0,1,0,1,0,0,0,0
447442709,5.040637,0.0,0.0,0.0,0.0,0,0,1,0,1,0,0,0,0
447942794,5.034494,0.0,0.0,0.0,0.0,0,0,1,0,1,0,0,0,0
448442735,5.0478883,0.0,0.0,0.0,0.0,0,0,1,0,1,0,0,0,0
448942744,5.044464,0.0,0.0,0.0,0.0,0,0,1,0,1,0,0,0,0
449443219,5.0436583,0.0,0.0,0.0,0.0,0,0,1,0,1,0,0,0,0
449942808,5.045169,0.0,0.0,0.0,0.0,0,0,1,0,1,0,0,0,0
450443153,5.034897,0.0,0.0,0.0,0.0,0,0,1,0,1,0,0,0,0
450943068,4.95141,0.0,0.0,0.0,0.0,0,0,1,0,1,0,0,0,0
451443082,5.0367093,0.0,0.0,0.0,0.0,0,0,1,0,1,0,0,0,0
451942981,5.040033,0.0,0.0,0.0,0.0,0,0,1,0,1,0,0,0,0
452443127,5.0494995,0.0,0.0,0.0,0.0,0,0,1,0,1,0,0,0,0
452943060,5.060074,0.0,0.0,0.0,0.0,0,0,1,0,1,0,0,0,0
453442571,5.03389,0.0,0.0,0.0,0.0,0,0,1,0,1,0,0,0,0
453942550,4.9344907,0.0,0.0,0.0,0.0,0,0,1,0,1,0,0,0,0
454442551,5.0498013,0.0,0.0,0.0,0.0,0,0,1,0,1,0,0,0,0
454942551,5.030365,0.0,0.0,0.0,0.0,0,0,1,0,1,0,0,0,0
455442551,5.05101,0.0,0.0,0.0,0.0,0,0,1,0,1,0,0,0,0
455942693,5.0505066,0.0,0.0,0.0,0.0,0,0,1,0,1,0,0,0,0
456442551,5.0443635,0.0,0.0,0.0,0.0,0,0,1,0,1,0,0,0,0
456942551,4.947885,0.0,0.0,0.0,0.0,0,0,1,0,1,0,0,0,0
457442551,5.0367093,0.0,0.0,0.0,0.0,0,0,1,0,1,0,0,0,0
457942648,5.040436,0.0,0.0,0.0,0.0,0,0,1,0,1,0,0,0,0
458442551,5.04819,0.0,0.0,0.0,0.0,0,0,1,0,1,0,0,0,0
458942565,5.0515137,0.0,0.0,0.0,0.0,0,0,1,0,1,0,0,0,0
459442563,5.041846,0.0,0.0,0.0,0.0,0,0,1,0,1,0,0,0,0
459942551,4.9515104,0.0,0.0,0.0,0.0,0,0,1,0,1,0,0,0,0
460442551,5.046881,0.0,0.0,0.0,0.0,0,0,1,0,1,0,0,0,0
460942551,5.0229125,0.0,0.0,0.0,0.0,0,0,1,0,1,0,0,0,0
461442551,5.0116334,0.0,0.0,0.0,0.0,0,0,1,0,1,0,0,0,0
461942572,5.032782,0.0,0.0,0.0,0.0,0,0,1,0,1,0,0,0,0
462442554,5.0407376,0.0,0.0,0.0,0.0,0,0,1,0,1,0,0,0,0
462942594,4.940735,0.0,0.0,0.0,0.0,0,0,1,0,1,0,0,0,0
463442551,5.050607,0.0,0.0,0.0,0.0,0,0,1,0,1,0,0,0,0
463942551,5.0422482,0.0,0.0,0.0,0.0,0,0,1,0,1,0,0,0,0
464442551,4.9222045,0.0,0.0,0.0,0.0,0,0,1,0,1,0,0,0,0
464942551,5.0466795,0.0,0.0,0.0,0.0,0,0,1,0,1,0,0,0,0
465442551,5.0335875,0.0,0.0,0.0,0.0,0,0,1,0,1,0,0,0,0
465942564,4.946274,0.0,0.0,0.0,0.0,0,0,1,0,1,0,0,0,0
466442941,5.0233154,0.0,0.0,0.0,0.0,0,0,1,0,1,0,0,0,0
466942566,5.037918,0.0,0.0,0.0,0.0,0,0,1,0,1,0,0,0,0
467442551,4.948892,0.0,0.0,0.0,0.0,0,0,1,0,1,0,0,0,0
467942551,5.0548368,0.0,0.0,0.0,0.0,0,0,1,0,1,0,0,0,0
468442552,5.0530243,0.0,0.0,0.0,0.0,0,0,1,0,1,0,0,0,0
468942551,4.93298,0.0,0.0,0.0,0.0,0,0,1,0,1,0,0,0,0
469442597,5.0187836,0.0,0.0,0.0,0.0,0,0,1,0,1,0,0,0,0
469942551,5.0343933,0.0,0.0,0.0,0.0,0,0,1,0,1,0,0,0,0
470442551,4.9490933,0.0,0.0,0.0,0.0,0,0,1,0,1,0,0,0,0
470942551,5.045773,0.0,0.0,0.0,0.0,0,0,1,0,1,0,0,0,0
471442551,5.058563,0.0,0.0,0.0,0.0,0,0,1,0,1,0,0,0,0
471942551,4.9483886,0.0,0.0,0.0,0.0,0,0,1,0,1,0,0,0,0
472442551,5.0580597,0.0,0.0,0.0,0.0,0,0,1,0,1,0,0,0,0
472942785,5.079712,0.0,0.0,0.0,0.0,0,0,1,0,1,0,0,0,0
473442551,4.9742703,0.0,0.0,0.0,0.0,0,0,1,0,1,0,0,0,0
473942622,5.0904875,0.0,0.0,0.0,0.0,0,0,1,0,1,0,0,0,0
474442552,5.071051,0.0,0.0,0.0,0.0,0,0,1,0,1,0,0,0,0
474942567,4.950604,0.0,0.0,0.0,0.0,0,0,1,0,1,0,0,0,0
475442575,5.08374,0.0,0.0,0.0,0.0,0,0,1,0,1,0,0,0,0
475942551,5.0716553,0.0,0.0,0.0,0.0,0,0,1,0,1,0,0,0,0
476442575,5.086862,0.0,0.0,0.0,0.0,0,0,1,0,1,0,0,0,0
476942551,5.069943,0.0,0.0,0.0,0.0,0,0,1,0,1,0,0,0,0
477442579,5.088977,0.0,0.0,0.0,0.0,0,0,1,0,1,0,0,0,0
477942651,4.9670196,0.0,0.0,0.0,0.0,0,0,1,0,1,0,0,0,0
478442666,5.0638,0.0,0.0,0.0,0.0,0,0,1,0,1,0,0,0,0
478942572,5.083438,0.0,0.0,0.0,0.0,0,0,1,0,1,0,0,0,0
479442977,4.9846435,0.0,0.0,0.0,0.0,0,0,1,0,1,0,0,0,0
479942551,5.0825315,0.0,0.0,0.0,0.0,0,0,1,0,1,0,0,0,0
480442552,5.0564485,0.0,0.0,0.0,0.0,0,0,1,0,1,0,0,0,0
480942550,4.981421,0.0,0.0,0.0,0.0,0,0,1,0,1,0,0,0,0
481442629,5.054938,0.0,0.0,0.0,0.0,0,0,1,0,1,0,0,0,0
481942551,5.082028,0.0,0.0,0.0,0.0,0,0,1,0,1,0,0,0,0
482442554,4.9745727,0.0,0.0,0.0,0.0,0,0,1,0,1,0,0,0,0
482942551,5.084042,0.0,0.0,0.0,0.0,0,0,1,0,1,0,0,0,0
483442564,5.082129,0.0,0.0,0.0,0.0,0,0,1,0,1,0,0,0,0
483942550,4.9676237,0.0,0.0,0.0,0.0,0,0,1,0,1,0,0,0,0
484442568,5.0748777,0.0,0.0,0.0,0.0,0,0,1,0,1,0,0,0,0
484942551,5.0659146,0.0,0.0,0.0,0.0,0,0,1,0,1,0,0,0,0
485442552,4.977594,0.0,0.0,0.0,0.0,0,0,1,0,1,0,0,0,0
485942575,4.9612794,0.0,0.0,0.0,0.0,0,0,1,0,1,0,0,0,0
486442551,5.0857544,0.0,0.0,0.0,0.0,0,0,1,0,1,0,0,0,0
486942551,4.9762845,0.0,0.0,0.0,0.0,0,0,1,0,1,0,0,0,0
487442552,5.0659146,0.0,0.0,0.0,0.0,0,0,1,0,1,0,0,0,0
487942551,5.082129,0.0,0.0,0.0,0.0,0,0,1,0,1,0,0,0,0
488442592,4.996426,0.0,0.0,0.0,0.0,0,0,1,0,1,0,0,0,0
488942562,5.078906,0.0,0.0,0.0,0.0,0,0,1,0,1,0,0,0,0
489442551,5.052319,0.0,0.0,0.0,0.0,0,0,1,0,1,0,0,0,0
489942566,4.981421,0.0,0.0,0.0,0.0,0,0,1,0,1,0,0,0,0
490442552,5.06662,0.0,0.0,0.0,0.0,0,0,1,0,1,0,0,0,0
490942550,5.077899,0.0,0.0,0.0,0.0,0,0,1,0,1,0,0,0,0
491442552,5.071353,0.0,0.0,0.0,0.0,0,0,1,0,1,0,0,0,0
491942551,5.062491,0.0,0.0,0.0,0.0,0,0,1,0,1,0,0,0,0
492442583,5.085855,0.0,0.0,0.0,0.0,0,0,1,0,1,0,0,0,0
492942551,4.964905,0.0,0.0,0.0,0.0,0,0,1,0,1,0,0,0,0
493442552,5.078906,0.0,0.0,0.0,0.0,0,0,1,0,1,0,0,0,0
493942551,5.084445,0.0,0.0,0.0,0.0,0,0,1,0,1,0,0,0,0
494442571,4.960977,0.0,0.0,0.0,0.0,0,0,1,0,1,0,0,0,0
494942553,5.0742736,0.0,0.0,0.0,0.0,0,0,1,0,1,0,0,0,0
495442552,5.077496,0.0,0.0,0.0,0.0,0,0,1,0,1,0,0,0,0
495942608,4.980313,0.0,0.0,0.0,0.0,0,0,1,0,1,0,0,0,0
496443341,5.0638,0.0,0.0,0.0,0.0,0,0,1,0,1,0,0,0,0
496942577,5.08092,0.0,0.0,0.0,0.0,0,0,1,0,1,0,0,0,0
497442670,4.98273,0.0,0.0,0.0,0.0,0,0,1,0,1,0,0,0,0
497942729,5.080115,0.0,0.0,0.0,0.0,0,0,1,0,1,0,0,0,0
498443004,5.079913,0.0,0.0,0.0,0.0,0,0,1,0,1,0,0,0,0
498942845,4.9825287,0.0,0.0,0.0,0.0,0,0,1,0,1,0,0,0,0
499443108,5.081323,0.0,0.0,0.0,0.0,0,0,1,0,1,0,0,0,0
499942946,5.067224,0.0,0.0,0.0,0.0,0,0,1,0,1,0,0,0,0
500443135,4.995419,0.0,0.0,0.0,0.0,0,0,1,0,1,0,0,0,0
500942572,5.049399,0.0,0.0,0.0,0.0,0,0,1,0,1,0,0,0,0
501442551,5.0845456,0.0,0.0,0.0,0.0,0,0,1,0,1,0,0,0,0
501942551,4.979004,0.0,0.0,0.0,0.0,0,0,1,0,1,0,0,0,0
502442550,5.085452,0.0,0.0,0.0,0.0,0,0,1,0,1,0,0,0,0
502943406,5.075885,0.0,0.0,0.0,0.0,0,0,1,0,1,0,0,0,0
503442553,4.96853,0.0,0.0,0.0,0.0,0,0,1,0,1,0,0,0,0
503942550,5.067627,0.0,0.0,0.0,0.0,0,0,1,0,1,0,0,0,0
504442551,5.067224,0.0,0.0,0.0,0.0,0,0,1,0,1,0,0,0,0
504942551,4.976587,0.0,0.0,0.0,0.0,0,0,1,0,1,0,0,0,0
505442552,4.926434,0.0,0.0,0.0,0.0,0,0,1,0,1,0,0,0,0
505942554,5.069641,0.0,0.0,0.0,0.0,0,0,1,0,1,0,0,0,0
506442551,4.9801116,0.0,0.0,0.0,0.0,0,0,1,0,1,0,0,0,0
506942551,5.067627,0.0,0.0,0.0,0.0,0,0,1,0,1,0,0,0,0
507442551,5.0770936,0.0,0.0,0.0,0.0,0,0,1,0,1,0,0,0,0
507942551,4.9594665,0.0,0.0,0.0,0.0,0,0,1,0,1,0,0,0,0
508442565,5.0665193,0.0,0.0,0.0,0.0,0,0,1,0,1,0,0,0,0
508942551,5.0698423,0.0,0.0,0.0,0.0,0,0,1,0,1,0,0,0,0
509443195,4.9618835,0.0,0.0,0.0,0.0,0,0,1,0,1,0,0,0,0
509942553,5.063095,0.0,0.0,0.0,0.0,0,0,1,0,1,0,0,0,0
510442551,5.0497007,0.0,0.0,0.0,0.0,0,0,1,0,1,0,0,0,0
