timestamp,timestamp_sample,accel_device_id,gyro_device_id,delta_angle[0],delta_angle[1],delta_angle[2],delta_velocity[0],delta_velocity[1],delta_velocity[2],delta_angle_dt,delta_velocity_dt,delta_velocity_clipping,accel_calibration_count,gyro_calibration_count
217698124,217697930,2490378,2490378,1.7151815e-06,-6.0288735e-06,9.097179e-06,0.00043285333,-0.001043877,-0.04857087,4939,4939,0,1,1
218201898,218201700,2490378,2490378,-2.9353503e-06,-5.944767e-06,4.1634166e-06,0.00039196297,-0.0009739507,-0.048759226,4939,4939,0,1,1
218700726,218700532,2490378,2490378,1.5895439e-06,-2.207295e-06,2.6764465e-06,0.00045102104,-0.0010494107,-0.04852034,4939,4939,0,1,1
219199559,219199364,2490378,2490378,-9.815282e-06,-1.2782695e-05,2.7853486e-05,4.6022637e-05,-0.0012428178,-0.049677916,4939,4939,0,1,1
219703329,219703135,2490378,2490378,1.0783433e-05,2.2136031e-05,-5.2846963e-06,2.8195183e-05,-0.0022324892,-0.051242493,4939,4939,0,1,1
220197225,220197029,2490378,2490378,-0.00010757225,1.3323749e-05,-4.77572e-05,0.0013048663,0.00094100944,-0.046886973,4939,4939,0,1,1
220700995,220700800,2490378,2490378,-3.811119e-05,0.000110566325,2.3835348e-05,0.0013592112,-0.0015687188,-0.052519485,4939,4939,0,1,1
221199829,221199632,2490378,2490378,-8.5622974e-05,0.00016656761,2.4279545e-05,0.0012230293,0.0007783647,-0.04715921,4938,4938,0,1,1
221698676,221698465,2490378,2490378,-6.836838e-05,0.00039368973,0.00013455,0.004440448,-0.0057054823,-0.052340224,4939,4939,0,1,1
222202453,222202237,2490378,2490378,-0.00016503475,8.996289e-05,0.00044077312,0.00451907,-0.0044619837,-0.044839766,4939,4939,0,1,1
222701275,222701070,2490378,2490378,-0.00050391414,0.00021503629,0.00038409638,0.0057813637,-0.0031501506,-0.03272045,4939,4939,0,1,1
223200094,223199903,2490378,2490378,-0.00052472414,-0.00056701835,-0.000108542845,-0.0033881066,-0.0014409628,-0.05389447,4939,4939,0,1,1
223698943,223698736,2490378,2490378,-0.00036232627,-9.1611524e-05,-0.00017401217,0.002587554,-0.00093550794,-0.038631104,4939,4939,0,1,1
224197765,224197570,2490378,2490378,0.0006191439,-0.0011044235,-7.014199e-05,-0.0016514714,0.0029647897,-0.041234717,4939,4939,0,1,1
224701548,224701343,2490378,2490378,-2.7338763e-05,-0.00014157122,9.876436e-05,-0.003721551,-0.00081240066,-0.059112743,4940,4940,0,1,1
225200374,225200176,2490378,2490378,0.0007459293,-8.49933e-06,8.4156665e-05,-0.0005257092,-0.0028201255,-0.056204997,4938,4938,0,1,1
225699546,225699010,2490378,2490378,-0.00044178002,0.00026796848,-0.0001547545,-0.0037046084,0.0011891613,-0.05321112,4939,4939,0,1,1
226202980,226202784,2490378,2490378,-0.0004594082,8.2420105e-05,-6.2448504e-05,0.00023170449,0.00347617,-0.0487271,4940,4940,0,1,1
226701870,226701619,2490378,2490378,-2.5869755e-05,-0.00020449149,0.000102350794,-0.0016839319,-0.003686988,-0.056144554,4940,4940,0,1,1
227200652,227200452,2490378,2490378,0.00017309203,-0.0003022668,3.0591964e-05,-0.002808019,0.002487298,-0.04728805,4939,4939,0,1,1
227699723,227699286,2490378,2490378,9.8724784e-05,-0.00016893583,0.0003324119,-0.0028464943,0.0049537406,-0.044537794,4938,4938,0,1,1
228198314,228198121,2490378,2490378,0.0002802002,0.00033965614,0.00045398355,-0.006052932,-0.00046403543,-0.05898213,4939,4939,0,1,1
228702127,228701895,2490378,2490378,-0.00024949588,0.00017654477,0.00041791573,0.0043150573,0.007955668,-0.034669865,4939,4939,0,1,1
229200925,229200729,2490378,2490378,-8.210808e-06,0.00038971187,0.0002181552,0.00027382377,-0.008805224,-0.048432007,4938,4938,0,1,1
229699897,229699565,2490378,2490378,0.00019471732,-0.00022876996,0.00010690173,-0.002547475,-0.0013313117,-0.05449045,4940,4940,0,1,1
230203533,230203339,2490378,2490378,-2.6151247e-05,0.00027008707,9.310594e-05,0.0044185463,0.00041568026,-0.043134585,4939,4939,0,1,1
230697444,230697235,2490378,2490378,1.6911397e-05,-0.00029415177,7.5486605e-05,-0.0031537616,0.0027733753,-0.054381784,4939,4939,0,1,1
231201209,231201009,2490378,2490378,-0.0001023697,1.2998332e-05,6.900387e-05,0.0031350271,-0.0055622063,-0.043809757,4937,4937,0,1,1
231700126,231699845,2490378,2490378,-0.00016398923,0.00025053252,6.635778e-05,0.00087847427,-0.007146419,-0.045713097,4939,4939,0,1,1
232198906,232198683,2490378,2490378,5.6620924e-05,-0.00019387339,-8.4787134e-05,-0.0020016357,-0.0030257076,-0.053324107,4941,4941,0,1,1
232702665,232702456,2490378,2490378,0.0002731977,-0.0002347621,-0.00023034368,0.0033333716,0.0011467566,-0.043017343,4939,4939,0,1,1
233201484,233201292,2490378,2490378,-0.000101453086,1.8681003e-05,-0.00025107467,0.0019178361,-0.002070401,-0.044748932,4939,4939,0,1,1
233700325,233700128,2490378,2490378,-0.0003106644,0.00018176321,-0.00017523975,0.0074150185,2.8678976e-05,-0.031641185,4937,4937,0,1,1
234199158,234198964,2490378,2490378,8.917446e-05,0.00017332501,-0.0001549961,0.0013832023,-0.0019094032,-0.048893258,4939,4939,0,1,1
234697994,234697800,2490378,2490378,0.00011667427,5.0728373e-05,-6.27364e-05,1.7360546e-05,-0.0018165727,-0.04998556,4939,4939,0,1,1
235201786,235201576,2490378,2490378,-0.00015115412,0.00015723344,3.720316e-05,0.0009054913,-0.0024340237,-0.06559771,4939,4939,0,1,1
235700611,235700413,2490378,2490378,0.00022366495,-0.00018816846,9.2015856e-05,0.0017732847,-0.009122453,-0.059664063,4939,4939,0,1,1
236199445,236199249,2490378,2490378,0.00029225135,0.00023021754,5.4845976e-05,0.0011061139,0.0046594692,-0.033620786,4938,4938,0,1,1
236703221,236703025,2490378,2490378,0.00024443318,3.879085e-05,0.00028674153,9.7431985e-06,-0.00735018,-0.061203323,4939,4939,0,1,1
237197119,237196924,2490378,2490378,-0.00012010803,-0.00058104796,0.0003877418,-0.0016738642,-0.002316125,-0.047200438,4939,4939,0,1,1
237695952,237695761,2490378,2490378,-0.00047958823,-0.00013278374,9.0803886e-05,0.0016729437,0.005794815,-0.05375738,4939,4939,0,1,1
238199732,238199537,2490378,2490378,4.647127e-05,0.0001786648,1.8425719e-05,0.0033455105,-0.0029717383,-0.055956878,4939,4939,0,1,1
238698583,238698375,2490378,2490378,2.7426257e-05,0.00010287929,0.00014656324,-0.0032423676,-0.0002898744,-0.05584148,4939,4939,0,1,1
239197408,239197212,2490378,2490378,-0.0003825102,-0.00022396419,0.00016368931,0.0043981406,0.0020932746,-0.04310793,4939,4939,0,1,1
239701186,239700989,2490378,2490378,4.3149634e-05,-0.00023429413,0.00015726754,-0.00039921698,0.0012768479,-0.047156483,4939,4939,0,1,1
240200024,240199827,2490378,2490378,-0.00021011621,-8.2345476e-05,0.000109133834,-0.0076697324,0.0067375624,-0.052645225,4939,4939,0,1,1
240698858,240698665,2490378,2490378,5.913101e-06,-0.00021525356,0.00019614365,-0.002237556,0.0022511224,-0.060858928,4939,4939,0,1,1
241197702,241197503,2490378,2490378,-4.6365796e-05,0.00022928168,9.112729e-05,0.0036285035,-0.002242902,-0.04120274,4939,4939,0,1,1
241696550,241696341,2490378,2490378,-0.00012693318,0.00016677935,-2.7973289e-05,0.00385853,0.00728704,-0.040116295,4939,4939,0,1,1
242200326,242200119,2490378,2490378,0.00011069207,0.00013271443,0.00013102012,0.005391181,-0.00232052,-0.041976955,4939,4939,0,1,1
242699149,242698957,2490378,2490378,0.00011899142,5.267418e-06,4.1315107e-05,-0.0032206292,0.0034670879,-0.04105125,4939,4939,0,1,1
243197992,243197795,2490378,2490378,-9.598047e-05,-2.899677e-05,-0.00015998728,0.00036180252,-0.0020750298,-0.044911105,4938,4938,0,1,1
243701769,243701573,2490378,2490378,-0.00031319284,-7.639516e-05,-0.00014231571,0.004386066,-0.0014950191,-0.0471535,4939,4939,0,1,1
244200629,244200412,2490378,2490378,0.00013827972,-0.00027168135,0.00010111476,-0.008457518,-0.0021273668,-0.059668012,4939,4939,0,1,1
244699443,244699251,2490378,2490378,2.2525053e-05,-0.00017111642,5.0562845e-05,-0.0051099504,-0.0013214002,-0.037990373,4939,4939,0,1,1
245198314,245198090,2490378,2490378,-6.197968e-05,-2.3554034e-05,0.0001655568,-0.00037258922,-0.007952421,-0.054570157,4939,4939,0,1,1
245697123,245696929,2490378,2490378,-0.0001880693,0.00011803325,0.000121743695,0.0048558936,0.0031187849,-0.03536369,4939,4939,0,1,1
246200914,246200707,2490378,2490378,3.2895805e-05,0.00037359662,-2.114564e-06,-0.0028981336,0.0021551435,-0.04786098,4939,4939,0,1,1
246699739,246699546,2490378,2490378,2.1515734e-06,-0.00019172466,-2.261342e-06,0.0018335583,-0.0036965916,-0.049917135,4939,4939,0,1,1
247198787,247198389,2490378,2490378,4.120332e-05,0.00031306155,-8.537436e-05,0.0016813704,0.0007099271,-0.040614042,4941,4941,0,1,1
247702356,247702164,2490378,2490378,0.00025006625,-1.6484119e-05,1.7097926e-05,0.0030756448,0.0012603613,-0.05154481,4939,4939,0,1,1
248196453,248196064,2490378,2490378,8.240724e-05,1.299229e-05,4.8581926e-05,-0.00220428,0.0010199165,-0.047473285,4939,4939,0,1,1
248700034,248699843,2490378,2490378,7.538342e-05,0.0001106815,0.0001131652,0.0056254724,-0.0007162244,-0.03460913,4939,4939,0,1,1
249198909,249198682,2490378,2490378,0.00019602294,-2.8746697e-07,0.000176235,0.007627613,-0.006025088,-0.035784952,4939,4939,0,1,1
249697733,249697522,2490378,2490378,-0.00012710343,-0.00026649947,0.00021618923,0.0048567164,0.0012344216,-0.04011662,4939,4939,0,1,1
250201802,250201301,2490378,2490378,0.00016500856,-0.0004890149,0.00025770217,-0.006993375,-0.0010653638,-0.052247144,4939,4939,0,1,1
250700333,250700140,2490378,2490378,0.0001226963,-0.0003682324,0.00023149658,-0.0004719048,-0.005170652,-0.04505954,4939,4939,0,1,1
251199182,251198980,2490378,2490378,0.0005554893,0.0037033586,0.00016492256,0.00072180066,0.0024395564,-0.039227016,4939,4939,0,1,1
251698015,251697820,2490378,2490378,-0.0024524971,-0.0016506341,0.00047494678,-0.0069884364,0.008264123,-0.056213178,4939,4939,0,1,1
252196895,252196660,2490378,2490378,0.00022346688,-0.001883965,0.0005748652,4.644204e-05,-0.0042156205,-0.05280247,4939,4939,0,1,1
252700637,252700439,2490378,2490378,0.0034625928,0.0004460815,0.00042061406,-0.00081410044,-0.003491145,-0.0494201,4939,4939,0,1,1
253199473,253199279,2490378,2490378,-0.0032609089,-0.0022516467,-0.00025782268,0.0035393522,-0.0011360426,-0.05257379,4939,4939,0,1,1
253698313,253698120,2490378,2490378,-0.0011653809,-0.00029397788,-0.00084295747,-0.0005264796,0.0013593064,-0.05488095,4939,4939,0,1,1
254202119,254201899,2490378,2490378,3.473322e-05,0.007622191,-0.0001490279,0.0017379978,0.0012290557,-0.04791879,4939,4939,0,1,1
254700954,254700739,2490378,2490378,0.00041128512,0.00093667203,-0.0007083143,-0.0005662115,0.010281994,-0.06310206,4939,4939,0,1,1
255199774,255199580,2490378,2490378,-2.6312307e-05,-0.0005457994,-0.0007071767,0.0002030305,0.014667886,-0.055996206,4939,4939,0,1,1
255698629,255698420,2490378,2490378,0.0016708601,0.0008471975,-0.00044354305,0.0007782081,0.0012709216,-0.05716212,4939,4939,0,1,1
256197455,256197261,2490378,2490378,0.0017598526,0.0012471208,-0.0005751527,-0.0022779999,-0.0017101031,-0.041637585,4938,4938,0,1,1
256701233,256701041,2490378,2490378,-0.0022237974,-0.0018466881,-0.0010992753,0.0044792653,0.00077828846,-0.04981574,4939,4939,0,1,1
257200134,257199881,2490378,2490378,-0.0005247691,-0.0018801494,-0.0008406886,0.002381804,0.017548243,-0.054724254,4939,4939,0,1,1
257698929,257698722,2490378,2490378,0.00053587154,-0.0018347976,-0.0006158607,0.009352538,-0.0069397814,-0.04135742,4939,4939,0,1,1
258202703,258202509,2490378,2490378,0.0006946401,0.00010696434,9.168288e-06,0.0026042673,-0.00045273863,-0.040087786,4946,4946,0,1,1
258696597,258696404,2490378,2490378,0.0003301562,-1.4917603e-05,0.00023544976,-0.005011315,0.010348735,-0.053095642,4939,4939,0,1,1
259200377,259200184,2490378,2490378,0.001277361,4.681539e-05,0.00062488526,-0.0043514646,-0.002561409,-0.055582732,4939,4939,0,1,1
259699219,259699026,2490378,2490378,-0.002614927,-0.0009562708,5.6443285e-05,0.003512427,0.011235574,-0.04866796,4940,4940,0,1,1
260198098,260197867,2490378,2490378,0.00016655741,0.0015753146,-4.727499e-05,0.0008657443,0.010717152,-0.046144962,4939,4939,0,1,1
260701843,260701647,2490378,2490378,0.0023614857,0.0012726927,0.00025838314,0.0014090821,0.002672693,-0.046762895,4939,4939,0,1,1
261200682,261200489,2490378,2490378,-0.0008504681,-0.0023058965,0.00046209857,-0.0022114646,-0.0077359816,-0.04725588,4939,4939,0,1,1
261699524,261699330,2490378,2490378,0.0002113997,-0.0025587368,0.00044555523,-0.0066140187,-0.0029695444,-0.043685663,4939,4939,0,1,1
262198373,262198172,2490378,2490378,-0.0005831577,-1.7654196e-05,0.00032100882,-0.00051153405,0.0070665274,-0.039285846,4939,4939,0,1,1
262697209,262697013,2490378,2490378,0.00080798037,0.0012512802,0.00024318042,-0.006593858,0.007722412,-0.041265644,4939,4939,0,1,1
263200987,263200794,2490378,2490378,0.00020720137,0.00051835127,0.00020593415,0.008285743,-0.0049155527,-0.046251524,4939,4939,0,1,1
263699847,263699636,2490378,2490378,-0.00013482627,2.5223404e-05,0.00021042861,0.004805456,-0.007298811,-0.06890255,4939,4939,0,1,1
264198692,264198478,2490378,2490378,-0.0006846142,-0.00038277858,0.0004298512,0.033372823,-0.015179637,-0.0463055,4939,4939,0,1,1
264702452,264702259,2490378,2490378,-0.0007862313,2.85035e-05,0.00015224797,0.03106507,-0.0014922916,-0.04859181,4939,4939,0,1,1
265201309,265201101,2490378,2490378,0.0010800967,0.0004098035,-0.0006505917,0.03155718,-0.02707363,-0.030410463,4939,4939,0,1,1
265700137,265699944,2490378,2490378,5.2522162e-05,0.00073443266,-0.0007556472,0.008424316,-0.009233607,-0.025251837,4940,4940,0,1,1
266198981,266198786,2490378,2490378,0.00097514055,-0.00011340427,-0.0002165875,0.015579265,-0.013268279,-0.06595838,4939,4939,0,1,1
266697836,266697628,2490378,2490378,9.682837e-05,-0.0012655709,-0.0004688855,-0.0006130172,-0.002078711,-0.06743923,4939,4939,0,1,1
267201604,267201410,2490378,2490378,0.00037132917,-0.0013026089,1.4016092e-06,-0.0038268336,-0.002962791,-0.052789506,4939,4939,0,1,1
267700460,267700252,2490378,2490378,0.0009511942,0.00018628174,0.00042043702,0.015180418,-0.010545607,-0.0834186,4939,4939,0,1,1
268199290,268199095,2490378,2490378,-0.00035477616,-0.00051682175,-0.0002748303,0.008859547,-0.0004279457,-0.042583667,4939,4939,0,1,1
268703084,268702877,2490378,2490378,0.00032187896,0.00051597017,0.0003459717,0.00482273,0.003656517,-0.04077205,4939,4939,0,1,1
269196976,269196780,2490378,2490378,0.005130343,-0.0014357413,0.00019604634,0.004061207,0.005624501,-0.040184107,4939,4939,0,1,1
269700894,269700562,2490378,2490378,0.0032820674,0.0033494516,0.001637988,0.0125783505,0.0096994685,-0.0775413,4936,4936,0,1,1
270199598,270199405,2490378,2490378,-0.0036815263,0.0007012499,0.00266849,-0.0008926007,0.0042128265,-0.058495473,4939,4939,0,1,1
270698753,270698248,2490378,2490378,-0.00581319,-1.0877328e-05,-0.0013661042,-0.0035864175,0.0062100603,-0.026324155,4939,4939,0,1,1
271202226,271202030,2490378,2490378,-0.0013531952,0.00048426178,0.00012359722,0.0034203706,0.0020940625,-0.031597655,4939,4939,0,1,1
271701088,271700873,2490378,2490378,-0.0009198837,0.00026203165,-0.0013317352,-0.00016444127,0.0010920817,-0.05402494,4939,4939,0,1,1
272199924,272199716,2490378,2490378,0.0012969289,0.0008005245,-0.0007854913,0.0012103544,0.0041066874,-0.054184653,4935,4935,0,1,1
272698917,272698559,2490378,2490378,0.00020669136,0.00042115033,-0.00036108037,-0.0033847024,-0.009670801,-0.048744887,4939,4939,0,1,1
273197596,273197402,2490378,2490378,0.0010560316,0.0002731312,-0.00020035247,0.0060237655,0.0071335817,-0.040028963,4939,4939,0,1,1
273701392,273701184,2490378,2490378,0.00041766083,-0.00022310865,-0.00019102698,-0.0019998327,0.004380137,-0.054695416,4938,4938,0,1,1
274200219,274200028,2490378,2490378,-0.00026605785,-0.00059753755,-9.8537676e-05,0.0004767189,-0.012359472,-0.050966118,4936,4936,0,1,1
274699111,274698871,2490378,2490378,0.0007229598,-0.0006042433,0.00021602942,-0.0011079516,-0.014022454,-0.046795376,4939,4939,0,1,1
275202846,275202653,2490378,2490378,-0.005338648,-0.00055243657,-2.5348781e-05,-0.0021394393,-0.0106582865,-0.05128659,4939,4939,0,1,1
275701690,275701496,2490378,2490378,-0.0058992924,0.00045885192,-0.001632564,-0.0010787328,-0.00883709,-0.048628476,4939,4939,0,1,1
276200534,276200339,2490378,2490378,-0.00018590808,0.0032814357,-0.0031889328,0.015528028,0.0020757874,-0.106637076,4939,4939,0,1,1
276699380,276699182,2490378,2490378,0.0001784751,0.004024054,-0.0030678026,0.011392742,0.0014078427,-0.09955036,4939,4939,0,1,1
277198223,277198025,2490378,2490378,0.00048060928,0.0036164653,-0.0026842095,0.012592552,-0.0042848466,-0.08703043,4939,4939,0,1,1
277702047,277701808,2490378,2490378,-0.00086550816,0.0034025759,-0.0028841875,0.01897152,-0.0070603536,-0.088594295,4940,4940,0,1,1
278200866,278200650,2490378,2490378,0.0008990269,0.003020278,-0.002717199,0.008759903,-0.016107224,-0.10366383,4936,4936,0,1,1
278699696,278699493,2490378,2490378,-0.0003357351,0.002430273,-0.0021947932,0.011958327,-0.018456314,-0.07958349,4939,4939,0,1,1
279203488,279203274,2490378,2490378,0.0013375237,0.0028179255,-0.0028698395,0.005974564,-0.022339854,-0.063945815,4939,4939,0,1,1
279697376,279697178,2490378,2490378,0.0052422187,-9.777755e-05,-0.00036686295,2.3525175e-05,-0.008865449,-0.039284863,4939,4939,0,1,1
280201155,280200960,2490378,2490378,0.006089472,0.00041705024,-0.00037055422,-0.0012717322,-0.013875656,-0.045411482,4939,4939,0,1,1
280699998,280699802,2490378,2490378,0.0020241516,0.0020599554,0.001695961,-0.0022054494,-0.019499741,-0.06414144,4939,4939,0,1,1
281198840,281198645,2490378,2490378,-0.0015597241,0.0007363427,0.002119328,0.0018732781,0.002981615,-0.0739731,4940,4940,0,1,1
281702632,281702426,2490378,2490378,-0.00031723653,0.00040118743,0.0004089136,-0.002970375,-0.008070657,-0.054401968,4939,4939,0,1,1
282201476,282201268,2490378,2490378,0.00026297208,0.0008201293,0.0018184159,0.0017641524,0.00016561699,-0.059979405,4939,4939,0,1,1
282700321,282700110,2490378,2490378,-0.0008612698,0.0012726352,0.0010094966,0.0037219408,0.0013161075,-0.05857777,4939,4939,0,1,1
283199147,283198952,2490378,2490378,-0.00013994762,0.0010051208,0.00059013616,-0.001669746,0.0028319424,-0.058496173,4939,4939,0,1,1
283697988,283697794,2490378,2490378,0.00017025758,0.00037158414,0.0012846024,-0.0017739763,-0.014263144,-0.044235487,4939,4939,0,1,1
284201768,284201575,2490378,2490378,-0.0019933954,0.00039951067,0.0002643943,0.0016575055,0.008704461,-0.0438958,4939,4939,0,1,1
284700614,284700417,2490378,2490378,-0.001184796,-0.00047573246,0.0004426892,-0.0028979476,-0.0031820417,-0.033612113,4939,4939,0,1,1
285199453,285199258,2490378,2490378,0.0009760897,-0.0006530017,0.00030826966,-0.0074672056,-0.007847504,-0.051775273,4939,4939,0,1,1
285703235,285703039,2490378,2490378,-0.00052862277,-0.00048738028,0.00020416986,-0.0021296951,-0.01399658,-0.04050576,4939,4939,0,1,1
286202075,286201880,2490378,2490378,-0.0010706375,-0.00060832663,-0.000576995,-0.0008572445,-0.00054440624,-0.056795377,4939,4939,0,1,1
286696001,286695782,2490378,2490378,8.532418e-05,-0.0005234082,-5.8199887e-05,-0.003448182,-0.014179084,-0.053714253,4939,4939,0,1,1
287199766,287199562,2490378,2490378,0.00112696,-0.00055095175,0.00031084905,-0.0004878901,-0.011173783,-0.051608104,4939,4939,0,1,1
287698596,287698403,2490378,2490378,0.00036181157,7.721671e-06,-0.00025705033,-0.0021732354,-0.0048422436,-0.05391813,4939,4939,0,1,1
288197453,288197243,2490378,2490378,-0.0002481208,0.0007201783,-0.00013829838,0.0020697226,0.00502641,-0.060520276,4938,4938,0,1,1
288701233,288701023,2490378,2490378,8.849534e-05,0.0007032553,3.925378e-06,0.004198257,0.0068859197,-0.056013383,4939,4939,0,1,1
289200069,289199864,2490378,2490378,0.0013629593,0.0004763076,6.370411e-05,0.0007173588,-0.008471706,-0.041276753,4940,4940,0,1,1
289698895,289698704,2490378,2490378,9.1391455e-05,0.0003814147,-0.00010026573,-0.0006067054,0.000922854,-0.05560534,4939,4939,0,1,1
290197756,290197544,2490378,2490378,0.00041223396,-0.00032868542,0.00062308856,-0.0022258423,-0.013342894,-0.04177118,4939,4939,0,1,1
290696578,290696384,2490378,2490378,-0.00036992464,-0.0003632548,0.00043178062,0.00531556,0.0072411965,-0.031295195,4939,4939,0,1,1
291200698,291200163,2490378,2490378,-0.0009160584,-0.0005160846,0.00042338663,0.007513834,0.009350328,-0.03900576,4939,4939,0,1,1
291699211,291699002,2490378,2490378,-0.0004552942,-0.0008035537,0.0005992264,-0.00028120007,-0.012217883,-0.044794958,4939,4939,0,1,1
292198075,292197842,2490378,2490378,-5.142545e-05,-0.00040039784,9.2272465e-05,0.0024623524,-0.009220105,-0.047056913,4939,4939,0,1,1
292701812,292701620,2490378,2490378,-0.00044692442,2.4914007e-05,-0.00020468264,-0.0028887636,-0.0076989043,-0.051843055,4939,4939,0,1,1
293200985,293200459,2490378,2490378,-0.0005316567,0.00094486796,-0.00010439776,0.0032772904,0.0077105765,-0.054413557,4938,4938,0,1,1
293699491,293699298,2490378,2490378,-0.00038560797,0.000304571,7.7444194e-05,-0.00060704345,-0.0044836123,-0.06175273,4939,4939,0,1,1
294198356,294198137,2490378,2490378,-0.00045608485,0.0003569669,-0.00032745337,0.0036311776,0.0022793845,-0.041770954,4939,4939,0,1,1
294697172,294696976,2490378,2490378,0.0001434666,-0.00044976786,-0.00019244559,0.00035252143,-0.0022020545,-0.039767835,4939,4939,0,1,1
295201101,295200755,2490378,2490378,0.00065629184,-0.00063396274,0.00045587026,0.0044980827,0.0016056151,-0.035289444,4940,4940,0,1,1
295699805,295699592,2490378,2490378,-1.8270239e-05,-7.00605e-05,-2.1409685e-05,0.0016845459,0.0078067547,-0.043228883,4937,4937,0,1,1
296198630,296198430,2490378,2490378,0.00038612532,-6.022365e-05,-7.464492e-05,0.00063693215,0.0040888996,-0.067258805,4939,4939,0,1,1
296702403,296702207,2490378,2490378,0.0008253573,0.0005777814,-0.00013978867,0.0026083472,-0.0036799582,-0.04155676,4939,4939,0,1,1
297196301,297196106,2490378,2490378,6.462134e-05,0.00018977189,2.6183649e-05,0.0010111887,-0.00064802176,-0.06712825,4939,4939,0,1,1
297700079,297699883,2490378,2490378,-0.0001232854,0.00039496666,6.418386e-05,0.0055776075,0.008182667,-0.03929623,4939,4939,0,1,1
298198912,298198720,2490378,2490378,-4.830537e-05,-0.00028319124,-0.0001594554,-0.0015979697,0.0067275083,-0.048229855,4939,4939,0,1,1
298697752,298697558,2490378,2490378,-0.00025849682,-0.00086783513,-7.6989316e-05,0.0016566654,-0.011497439,-0.044479173,4939,4939,0,1,1
299201532,299201334,2490378,2490378,-0.00044225767,-0.00072300335,-2.0648486e-05,-0.002221326,-0.009708144,-0.044356212,4939,4939,0,1,1
299700365,299700171,2490378,2490378,0.0007571889,-1.1274481e-05,0.00012300164,0.0019228191,-0.0008069231,-0.06500701,4939,4939,0,1,1
300199201,300199008,2490378,2490378,0.0005407405,0.00071090227,0.00036196,8.799597e-06,0.0067348513,-0.054903734,4939,4939,0,1,1
300698040,300697845,2490378,2490378,0.0006341179,0.0007034553,0.000102542464,0.0024315044,0.0065071196,-0.053801544,4939,4939,0,1,1
301196877,301196681,2490378,2490378,0.004322253,0.0007730493,-0.0002052981,0.0032391557,0.004968348,-0.050098717,4939,4939,0,1,1
301700652,301700457,2490378,2490378,0.0034827366,0.0023994194,0.0022665246,0.005977879,-0.008354734,-0.06807508,4939,4939,0,1,1
302199486,302199293,2490378,2490378,0.0010552472,0.0035663547,0.0027373368,0.011243513,-0.007198944,-0.09316414,4939,4939,0,1,1
302698322,302698129,2490378,2490378,-0.0016286963,0.00085670204,0.001871987,-0.0007506377,-0.0024246983,-0.060125835,4939,4939,0,1,1
303202106,303201904,2490378,2490378,0.0009358227,0.0013372285,0.0014126813,0.0029652177,0.0038981403,-0.041591916,4939,4939,0,1,1
303700933,303700740,2490378,2490378,-0.0034258806,-0.00054467673,0.0011193993,-0.0038391969,-0.006540386,-0.036908306,4939,4939,0,1,1
304199771,304199576,2490378,2490378,-0.0027017863,0.00054525706,0.0011562259,0.00023181448,0.007852372,-0.0575194,4939,4939,0,1,1
304698604,304698411,2490378,2490378,-0.0013602142,0.0009365633,-0.00016480446,-0.0013032623,0.004771372,-0.066745006,4939,4939,0,1,1
305197441,305197246,2490378,2490378,0.005623125,0.00019147775,-2.2998309e-07,-0.004949003,0.0012338861,-0.036305707,4939,4939,0,1,1
305701213,305701021,2490378,2490378,0.0043046135,0.00089811126,0.0014135557,-0.0038333393,-0.010489017,-0.038184535,4939,4939,0,1,1
306200067,306199856,2490378,2490378,5.6728753e-05,0.004079862,0.0021829675,0.0154854525,0.006342158,-0.08296912,4939,4939,0,1,1
306698891,306698690,2490378,2490378,-0.00018254544,0.0032917678,0.002358054,0.00841431,0.0022687889,-0.1030818,4939,4939,0,1,1
307202664,307202464,2490378,2490378,-0.0004102377,0.0024269118,0.001994234,0.009349216,0.0025899245,-0.0909126,4939,4939,0,1,1
307696566,307696360,2490378,2490378,-0.0012638116,0.0024459325,0.0023110856,0.0043489747,0.01130657,-0.066302106,4939,4939,0,1,1
308200345,308200133,2490378,2490378,-0.00032625016,0.0027082008,0.0017021258,-0.0026840246,0.0024135434,-0.058177073,4939,4939,0,1,1
308699160,308698967,2490378,2490378,-0.001465507,0.00198255,0.0024524669,-0.009233003,0.0042150323,-0.07336047,4939,4939,0,1,1
309197994,309197801,2490378,2490378,-0.0040151617,0.001217794,0.0018234246,-0.008814613,0.012955928,-0.055900954,4939,4939,0,1,1
309701767,309701574,2490378,2490378,-0.0044580223,3.194684e-05,0.0002835773,-0.005710221,-0.00060014875,-0.014098016,4939,4939,0,1,1
310200604,310200408,2490378,2490378,-0.0019223106,5.928208e-07,-0.00083032495,-0.009207353,0.0020330774,-0.054711,4939,4939,0,1,1
310699447,310699242,2490378,2490378,-0.00091142755,0.00062317133,-0.0013861918,-0.005930136,0.0008397829,-0.055101696,4939,4939,0,1,1
311198290,311198075,2490378,2490378,0.00027501298,0.0003765621,-0.00064575975,-0.0050060344,0.0012281506,-0.04270642,4939,4939,0,1,1
311697114,311696909,2490378,2490378,0.0004779761,-0.0003375752,-0.0006477157,-0.006272451,0.0011192424,-0.056921918,4940,4940,0,1,1
312200889,312200681,2490378,2490378,-0.00030604858,0.00021097303,-0.0009713707,-0.0071711815,-0.0015356472,-0.046620123,4939,4939,0,1,1
312699726,312699514,2490378,2490378,3.203318e-05,-0.00029057203,-0.0007036397,-0.009642257,0.00015830663,-0.06381205,4939,4939,0,1,1
313198540,313198346,2490378,2490378,0.00053441356,0.00020914138,-0.00057006493,-0.004885377,0.0018851509,-0.036376733,4938,4938,0,1,1
313702586,313702118,2490378,2490378,0.0004746532,6.138526e-05,8.05293e-05,-0.0059266966,0.0024016637,-0.04122462,4939,4939,0,1,1
314201146,314200951,2490378,2490378,0.0004248318,-0.00010256895,-3.874624e-05,-0.0075582634,0.0005740856,-0.059154183,4939,4939,0,1,1
314700016,314699783,2490378,2490378,0.00022238112,-0.00019221402,0.0003450102,-0.0053937384,-0.004398674,-0.053793237,4939,4939,0,1,1
315198813,315198618,2490378,2490378,0.0007337125,9.618658e-06,0.000552499,-0.004278178,-0.0011560131,-0.052332368,4941,4941,0,1,1
315697743,315697448,2490378,2490378,-0.0007911434,6.2361716e-05,4.853994e-05,-0.0053571616,0.004166815,-0.05847179,4939,4939,0,1,1
316201412,316201219,2490378,2490378,-0.0008488753,0.00027707548,-0.00045547573,-0.0049601295,0.002338843,-0.041669868,4939,4939,0,1,1
316700273,316700051,2490378,2490378,0.0003388689,3.6549616e-05,0.0006491325,-0.0064539835,-0.0003759648,-0.058854677,4939,4939,0,1,1
317199078,317198883,2490378,2490378,-0.00028335175,-0.00018246674,0.00026267546,-0.0058238944,0.0020415697,-0.040449873,4939,4939,0,1,1
317703042,317702653,2490378,2490378,0.0035554515,6.1873274e-05,-0.0005269213,-0.002762298,0.0009025242,-0.042213056,4938,4938,0,1,1
318196741,318196546,2490378,2490378,0.0032223868,0.0009644627,0.00037404924,-0.0024891773,-0.0055266945,-0.047518257,4939,4939,0,1,1
318700510,318700317,2490378,2490378,-0.0032368237,0.00016611259,0.0040632207,-0.0031343412,-0.0044596246,-0.0743133,4939,4939,0,1,1
319199347,319199148,2490378,2490378,-0.0030900673,0.0012515768,0.0023899714,-0.0051665627,0.0032914786,-0.054704655,4939,4939,0,1,1
319698174,319697980,2490378,2490378,-0.00464147,0.0007363444,-0.0025013676,-0.007005493,0.00595785,-0.061670728,4939,4939,0,1,1
320201943,320201750,2490378,2490378,-0.0037536474,0.0030664513,-0.0026683714,-0.0062202485,0.007967275,-0.058046717,4939,4939,0,1,1
320700773,320700581,2490378,2490378,0.003314541,0.0018901599,-0.0023134612,0.008403615,0.0006103985,-0.05193721,4939,4939,0,1,1
321199658,321199412,2490378,2490378,0.0039061478,0.0010040723,-0.0014280931,0.00362829,-0.004512049,-0.049413204,4939,4939,0,1,1
321698437,321698243,2490378,2490378,0.003437397,0.000663202,5.2647112e-05,0.0012513475,0.0017765625,-0.059404135,4939,4939,0,1,1
322197267,322197074,2490378,2490378,0.0018351834,0.00021131091,0.0019799916,0.003895465,-0.0075444947,-0.041710805,4939,4939,0,1,1
322701037,322700844,2490378,2490378,-0.0003451345,0.0005122196,0.0014591133,0.010211103,0.003979864,-0.048428044,4939,4939,0,1,1
323199871,323199675,2490378,2490378,-0.002015867,0.00090469926,0.0009415567,0.006634727,-0.0001417597,-0.08640072,4939,4939,0,1,1
323698701,323698506,2490378,2490378,0.00034129556,0.0007412517,-3.5850124e-05,0.00014508866,-0.008291875,-0.0627998,4940,4940,0,1,1
324202472,324202275,2490378,2490378,-0.0004663922,-9.3008515e-05,-0.00053302036,0.0019291353,-0.0038845853,-0.06222191,4939,4939,0,1,1
324701300,324701106,2490378,2490378,0.00065047893,-0.0007001729,0.0007523657,-0.00107134,-0.0034288713,-0.046235394,4939,4939,0,1,1
325200132,325199939,2490378,2490378,4.0748106e-05,-0.00035309713,2.256605e-05,-0.0029137689,0.0033248514,-0.030812327,4942,4942,0,1,1
325698976,325698767,2490378,2490378,0.0007488891,0.00028335274,-0.00035944293,-9.905546e-05,0.0007899446,-0.028743083,4939,4939,0,1,1
326197795,326197597,2490378,2490378,0.00029118118,0.00011459913,6.126789e-05,0.0026227676,-0.0044687614,-0.050020743,4939,4939,0,1,1
326701560,326701366,2490378,2490378,0.000949782,-0.00028979132,-0.0003225594,0.0033255073,0.0027416192,-0.030738726,4939,4939,0,1,1
327200389,327200197,2490378,2490378,5.5607343e-06,-0.00042242208,-0.00016859926,0.0035762307,-0.0050255274,-0.03843349,4939,4939,0,1,1
327699222,327699027,2490378,2490378,-0.00022978144,0.0007034605,0.00015779212,0.0036041252,0.00054530153,-0.06300089,4939,4939,0,1,1
328202989,328202796,2490378,2490378,-0.0009703882,0.0004101782,-0.0003033767,0.0071148705,0.011250449,-0.048032355,4939,4939,0,1,1
328696880,328696687,2490378,2490378,0.00113631,-9.268584e-05,0.0003423156,0.0050855856,0.010496573,-0.056340855,4939,4939,0,1,1
329200652,329200456,2490378,2490378,-0.0010070686,0.0003432519,-8.238054e-05,0.0032155344,0.011503214,-0.060204696,4939,4939,0,1,1
329699482,329699286,2490378,2490378,0.00013035026,0.00034322162,0.00010358791,0.00077284186,-0.0011589701,-0.05428129,4939,4939,0,1,1
330198309,330198116,2490378,2490378,0.0006270759,-0.00023992885,2.0906928e-05,0.0015365008,0.0016565894,-0.038353376,4939,4939,0,1,1
330702079,330701885,2490378,2490378,-0.0004201748,-0.00039942714,5.899535e-06,0.0019979065,-0.003382188,-0.041267507,4939,4939,0,1,1
331200910,331200715,2490378,2490378,-0.00027201604,0.0002780231,3.5738765e-05,-0.0035105539,9.7914926e-05,-0.060481347,4939,4939,0,1,1
331699741,331699545,2490378,2490378,-0.0007650311,0.00030459097,0.00022623742,0.0007852144,0.0028554294,-0.03107782,4939,4939,0,1,1
332198568,332198374,2490378,2490378,-0.0020048353,-0.0001521561,0.00011280742,-0.003192526,0.0035216662,-0.043382198,4939,4939,0,1,1
332697410,332697204,2490378,2490378,0.0005784934,-2.4316756e-05,-9.95581e-06,0.0009877445,0.0048099174,-0.064552315,4939,4939,0,1,1
333201183,333200973,2490378,2490378,0.0008899693,0.00019443322,-0.00025264415,0.0014960839,-0.004578817,-0.05938464,4939,4939,0,1,1
333699996,333699802,2490378,2490378,0.0011521997,-0.00037447189,0.00020744925,0.0050781937,9.839488e-05,-0.03065421,4939,4939,0,1,1
334198841,334198632,2490378,2490378,0.00022730688,-8.4688836e-05,-5.2155327e-05,0.003292091,0.0068266564,-0.048247434,4939,4939,0,1,1
334702593,334702400,2490378,2490378,-6.853165e-05,0.000877783,-1.7114413e-05,0.008998404,0.0076066693,-0.04481765,4939,4939,0,1,1
335201436,335201230,2490378,2490378,-0.0007675739,-5.8615497e-05,0.00022552015,0.0032694691,-0.009393558,-0.047258638,4939,4939,0,1,1
335700271,335700059,2490378,2490378,-0.0012524112,0.00081463816,7.864732e-05,0.014601149,0.009098729,-0.057730258,4939,4939,0,1,1
336199322,336198888,2490378,2490378,-0.00066369347,-0.0004925067,-0.0003781769,0.0090680355,0.008774641,-0.043891877,4937,4937,0,1,1
336697910,336697718,2490378,2490378,-0.0037907008,0.0005117876,-0.0004220565,0.0066709626,0.008736946,-0.05895287,4939,4939,0,1,1
337201786,337201486,2490378,2490378,-0.0018078856,0.00044962697,-0.0011035947,0.0056182207,0.003810897,-0.06389852,4939,4939,0,1,1
337700509,337700315,2490378,2490378,0.0006601998,0.0007590133,-0.001263694,0.0146061145,-0.0030471345,-0.063930355,4939,4939,0,1,1
338199483,338199146,2490378,2490378,0.00086178613,0.0009205622,-0.0008838655,0.016780658,0.00883007,-0.059295848,4941,4941,0,1,1
338703126,338702912,2490378,2490378,-0.002382333,0.00039003018,-0.0010300104,0.011284663,-0.0117959995,-0.061776847,4939,4939,0,1,1
339197016,339196802,2490378,2490378,-0.00056619983,0.00058807473,-0.0016447259,0.010253671,-0.009989073,-0.058379624,4939,4939,0,1,1
339700789,339700570,2490378,2490378,-0.0010899524,0.0008074077,-0.0012680152,0.011048397,0.0015196906,-0.0692124,4939,4939,0,1,1
340199711,340199399,2490378,2490378,0.00055276573,0.0005019944,-0.001755121,0.005018235,0.0022396077,-0.083403975,4939,4939,0,1,1
340698421,340698228,2490378,2490378,-0.00014438629,0.0008956478,-0.0004570097,0.0042577223,-0.0051748753,-0.057305228,4939,4939,0,1,1
341202192,341201996,2490378,2490378,0.00016544438,0.0009207396,-0.0012258103,0.008166791,-0.008445931,-0.054077864,4934,4934,0,1,1
341701016,341700825,2490378,2490378,-0.00025917217,0.0013913587,-0.0017544576,0.0019755166,-0.01771695,-0.06408603,4939,4939,0,1,1
342199851,342199653,2490378,2490378,0.0010639916,0.000994439,-0.0008710381,0.010072108,-0.0013439779,-0.053265613,4935,4935,0,1,1
342698673,342698482,2490378,2490378,6.304341e-05,0.0010070435,-0.00063297636,0.014879119,0.013368499,-0.03712217,4939,4939,0,1,1
343197503,343197311,2490378,2490378,-7.030084e-05,0.0008836195,-0.0010722125,0.0021194587,-0.0004188084,-0.05144283,4939,4939,0,1,1
343701278,343701078,2490378,2490378,0.000819863,0.0013474659,-0.001251394,0.013609408,0.0095034605,-0.049136616,4938,4938,0,1,1
344200104,344199907,2490378,2490378,0.00052547053,0.0010748956,-0.0013035197,0.003910439,-0.0014812688,-0.05829654,4939,4939,0,1,1
344698930,344698735,2490378,2490378,0.00012238014,0.0008344723,-0.0011050366,0.008848388,-0.0030140814,-0.05938598,4939,4939,0,1,1
345202717,345202509,2490378,2490378,-0.00056646817,0.00064540195,-0.0010939223,0.002082011,-0.0024209975,-0.056842547,4945,4945,0,1,1
345701522,345701331,2490378,2490378,-0.0005477657,0.00011420009,-0.001128677,0.0037625183,-0.014761621,-0.0453398,4939,4939,0,1,1
346200353,346200159,2490378,2490378,6.37773e-05,4.1949028e-05,-0.00093951327,0.0047632735,-0.0016770947,-0.052318014,4938,4938,0,1,1
346699180,346698988,2490378,2490378,0.0020717373,-0.00052941457,-0.0011893731,0.0057400544,-0.013783745,-0.05227985,4939,4939,0,1,1
347198009,347197816,2490378,2490378,0.0010360772,-6.680822e-05,-0.00055539754,0.013547699,0.012535139,-0.041564994,4939,4939,0,1,1
347701778,347701583,2490378,2490378,7.302423e-05,-5.0286257e-05,-0.0011840215,0.010080884,0.0022627914,-0.04319957,4939,4939,0,1,1
348200605,348200411,2490378,2490378,0.0007463558,-0.00032224547,-0.0008994937,0.007377377,0.003076944,-0.04958123,4939,4939,0,1,1
348699431,348699239,2490378,2490378,0.00061296,0.00035943105,-0.0013624594,0.01336708,0.011692535,-0.040788837,4939,4939,0,1,1
349203198,349203006,2490378,2490378,0.00072526134,0.0003529596,-0.0011371671,0.014164382,0.0096608745,-0.049452495,4937,4937,0,1,1
349697088,349696895,2490378,2490378,0.0010219108,-0.00028006875,-0.001029158,0.0040867347,-0.0015169119,-0.059517995,4939,4939,0,1,1
350200857,350200662,2490378,2490378,-0.00055055687,0.00088102184,-0.001023563,0.0051844125,-0.0005063156,-0.056799572,4939,4939,0,1,1
350699682,350699489,2490378,2490378,-0.00035956304,0.0005946767,-0.00106159,0.0008901455,-0.011850712,-0.052857377,4939,4939,0,1,1
351198526,351198317,2490378,2490378,-0.0010467725,0.0010231481,-0.0011839211,0.0075841234,-0.0002497033,-0.039262183,4939,4939,0,1,1
351702275,351702084,2490378,2490378,0.0006922663,0.0005896272,-0.0011051543,0.0036893308,0.0062162974,-0.043538477,4939,4939,0,1,1
352201107,352200911,2490378,2490378,-3.8638285e-05,-8.721637e-05,-0.0012347215,0.002141422,-0.001439545,-0.05549642,4939,4939,0,1,1
352699934,352699739,2490378,2490378,0.00050267385,0.00012635319,-0.0012088319,0.010691592,0.006779978,-0.043082062,4939,4939,0,1,1
353198782,353198566,2490378,2490378,0.00087010715,0.0002797125,-0.0010250622,0.004204888,-0.0043717893,-0.044465244,4939,4939,0,1,1
353697604,353697393,2490378,2490378,-0.00014687667,0.0007769805,-0.0010325803,0.0029612929,-0.011263354,-0.054235566,4938,4938,0,1,1
354201355,354201160,2490378,2490378,-0.000343545,0.0013717241,-0.0012450977,0.0039438684,0.0068061096,-0.059230924,4939,4939,0,1,1
354700192,354699987,2490378,2490378,-0.00015172784,0.0012919052,-0.001226204,0.001768524,0.005857079,-0.06605753,4939,4939,0,1,1
355199021,355198814,2490378,2490378,-0.0011906264,0.00092017325,-0.0011265372,-0.00016813252,-0.011039792,-0.053615224,4939,4939,0,1,1
355702772,355702580,2490378,2490378,6.62703e-05,8.952952e-05,-0.0009598952,0.0031282385,-0.009453744,-0.035640072,4939,4939,0,1,1
356201598,356201407,2490378,2490378,7.755077e-05,6.228404e-05,-0.0011991179,-0.002447127,-0.00948061,-0.04564106,4939,4939,0,1,1
356700445,356700234,2490378,2490378,0.0016770173,0.00042409278,-0.0009777835,0.0006970469,0.0035397236,-0.06081211,4939,4939,0,1,1
357199254,357199061,2490378,2490378,0.00028057848,0.0004201504,-0.0013000735,0.0051403022,0.0060490635,-0.051361017,4939,4939,0,1,1
357698227,357697888,2490378,2490378,0.0006493052,0.00047086354,-0.001636886,0.00818616,0.000861062,-0.053230196,4939,4939,0,1,1
358201849,358201653,2490378,2490378,-0.0003390158,0.0015226614,-0.0014642648,0.004857456,0.004386146,-0.07110972,4938,4938,0,1,1
358700686,358700480,2490378,2490378,-0.00074592564,0.0014811837,-0.001541115,0.004858354,0.005081671,-0.055143926,4939,4939,0,1,1
359199500,359199307,2490378,2490378,0.0010822295,0.0012700815,-0.0016623767,0.00020428565,0.0055634063,-0.075906634,4939,4939,0,1,1
359703279,359703072,2490378,2490378,0.0018917009,0.0005343646,-0.0006465524,-0.00089389307,-0.0154929925,-0.036203533,4939,4939,0,1,1
360197155,360196960,2490378,2490378,0.00020863784,8.637659e-05,-0.001733668,-0.0007852191,0.0057894597,-0.05156593,4939,4939,0,1,1
360701322,360700725,2490378,2490378,0.00093628827,0.0007185069,-0.0012701105,0.0034366075,0.005002742,-0.053049512,4939,4939,0,1,1
361199747,361199552,2490378,2490378,0.00023346617,0.0015674551,-0.0010415314,0.006937887,0.0076445662,-0.06527345,4939,4939,0,1,1
361698635,361698378,2490378,2490378,0.00035495905,0.0015542192,-0.0016971081,0.0068792277,0.003779182,-0.050212063,4939,4939,0,1,1
362202337,362202143,2490378,2490378,-0.00022657902,0.0004708953,-0.0011152022,-0.0027329538,-0.011156647,-0.045491464,4939,4939,0,1,1
362701381,362700969,2490378,2490378,-0.00017393974,-0.00061925367,-0.00023303663,0.0008336079,0.0024883093,-0.062908396,4939,4939,0,1,1
363199989,363199795,2490378,2490378,0.00037029572,0.0006880732,-0.0017821614,-0.00034269528,0.0065821703,-0.051240653,4939,4939,0,1,1
363698830,363698621,2490378,2490378,-0.00075631146,0.0020284303,-0.0016756535,0.0015662642,0.0033323893,-0.05468143,4937,4937,0,1,1
364197643,364197447,2490378,2490378,-0.0005842856,0.00091936556,-0.0012661846,0.005881566,0.00090513343,-0.0426756,4938,4938,0,1,1
364701589,364701212,2490378,2490378,0.0006662395,0.00020440739,-0.0011001267,0.00032579788,0.002991373,-0.06676994,4939,4939,0,1,1
365200231,365200037,2490378,2490378,-3.2171556e-05,0.00020120598,-0.00085043075,0.0019419056,0.0044507356,-0.056375116,4939,4939,0,1,1
365699055,365698863,2490378,2490378,0.00015595483,0.0007776977,-0.0009668598,0.004577432,0.005066803,-0.05136417,4938,4938,0,1,1
366202822,366202627,2490378,2490378,-0.0008746134,0.0010061567,-0.0012772541,-0.0026915797,-0.009782909,-0.06122175,4939,4939,0,1,1
366701651,366701453,2490378,2490378,-0.00040180847,0.0010059215,-0.0011940908,0.007361138,0.001566801,-0.049064796,4939,4939,0,1,1
367200471,367200278,2490378,2490378,-9.821651e-05,0.00075645535,-0.0010003112,0.0039132484,0.004511855,-0.05596811,4939,4939,0,1,1
367699296,367699104,2490378,2490378,0.00017143963,0.00043154397,-0.0010447388,0.004293561,0.005305127,-0.047168016,4939,4939,0,1,1
368198125,368197929,2490378,2490378,2.778175e-05,-0.00038953408,-0.00066642754,-0.002448486,-0.007901285,-0.055276908,4939,4939,0,1,1
368701890,368701693,2490378,2490378,-0.00047560467,-0.00012084413,-0.001589998,0.0023186975,0.0060544265,-0.061822053,4939,4939,0,1,1
369200714,369200518,2490378,2490378,-0.0001634448,0.00039725428,-0.0015843597,0.0013818236,0.0023819292,-0.07722517,4939,4939,0,1,1
369699573,369699343,2490378,2490378,9.7849115e-05,0.00016174492,-0.0008235947,0.003003096,-0.014931231,-0.054640513,4938,4938,0,1,1
370203341,370203107,2490378,2490378,-0.0008106614,0.00057729636,-0.0005408021,0.00024754376,-0.002706433,-0.061381184,4939,4939,0,1,1
370697191,370696993,2490378,2490378,-0.0018488644,0.0006345571,-0.0013496954,0.000107601976,-0.004475559,-0.034485288,4938,4938,0,1,1
371200950,371200757,2490378,2490378,5.231126e-05,-0.00025939912,-0.0009701921,0.0035336143,-0.008382579,-0.046175353,4939,4939,0,1,1
371699777,371699582,2490378,2490378,0.0014151951,-1.7104994e-05,-0.0010538076,0.00089630694,0.0039952486,-0.05651076,4939,4939,0,1,1
372198598,372198407,2490378,2490378,0.00037286346,0.00051310955,-0.0009037601,0.005078962,0.0038073484,-0.054495685,4939,4939,0,1,1
372702363,372702170,2490378,2490378,-0.00028539848,0.0008507592,-0.0007448136,0.0014277903,-0.005003039,-0.06971162,4939,4939,0,1,1
373201190,373200995,2490378,2490378,-0.00048161452,0.001059633,-0.001123599,5.276476e-05,0.005107657,-0.06076042,4939,4939,0,1,1
373700012,373699819,2490378,2490378,9.5118965e-05,0.0008469085,-0.0010758056,0.00611985,0.007558849,-0.04354782,4938,4938,0,1,1
374198839,374198644,2490378,2490378,0.00080265466,-0.00026887518,-0.0008735612,-0.002546013,-0.010841154,-0.04962844,4939,4939,0,1,1
374697666,374697468,2490378,2490378,0.00043508376,0.00015311342,-0.0010188528,0.0031530499,0.005943317,-0.049307793,4937,4937,0,1,1
375201424,375201232,2490378,2490378,0.00020597338,0.0005638993,-0.0010018869,0.003156929,-0.0069758072,-0.04786807,4939,4939,0,1,1
375700270,375700056,2490378,2490378,-0.0007507269,0.0009916737,-0.0010323398,0.002604098,-0.004080389,-0.048063803,4939,4939,0,1,1
376199093,376198880,2490378,2490378,-0.00088679476,0.0005802706,-0.0011020048,0.0030714038,-0.010785592,-0.046604674,4939,4939,0,1,1
376702838,376702643,2490378,2490378,1.6265945e-05,7.1038055e-05,-0.00100825,0.0082538,0.0032582118,-0.041591078,4939,4939,0,1,1
377201666,377201467,2490378,2490378,0.0012039108,-0.0002700954,-0.00086552167,0.003593584,-0.006882479,-0.04031616,4938,4938,0,1,1
377700484,377700291,2490378,2490378,0.00046699838,0.000103688864,-0.00090419437,0.0031623098,-0.011933031,-0.047927856,4938,4938,0,1,1
378199310,378199115,2490378,2490378,-0.0001598178,0.00088118034,-0.0011925518,0.0036844402,-0.011479771,-0.05913988,4938,4938,0,1,1
378698135,378697939,2490378,2490378,-0.00085460977,0.00082216656,-0.0010223676,-0.0024167874,-0.008290051,-0.06157808,4938,4938,0,1,1
379201898,379201702,2490378,2490378,-0.00031741348,2.8275332e-05,-0.0009789242,0.00023385017,-0.007441491,-0.03975389,4939,4939,0,1,1
379700733,379700526,2490378,2490378,-7.168396e-05,-0.00025603417,-0.0010853981,0.0027405298,-0.0057745622,-0.04378879,4939,4939,0,1,1
380199541,380199350,2490378,2490378,-0.0009892774,-0.00010947927,-0.0011603066,0.0059041865,-0.0032030123,-0.035588104,4939,4939,0,1,1
380703307,380703112,2490378,2490378,0.0013705223,-8.404045e-05,-0.0014573566,0.00093321357,-0.0055492753,-0.057430323,4939,4939,0,1,1
381197207,381196997,2490378,2490378,0.0005093307,0.000707405,-0.0007672558,0.0036668908,0.0019791413,-0.0675803,4939,4939,0,1,1
381700953,381700760,2490378,2490378,-0.0009356206,0.0013674299,-0.0012038413,0.008274432,0.0015838608,-0.043069396,4939,4939,0,1,1
382199791,382199583,2490378,2490378,0.0006284631,0.0011719642,-0.0015298042,0.008808182,0.0034236556,-0.04933437,4939,4939,0,1,1
382698624,382698407,2490378,2490378,-6.225949e-05,0.0003084291,-0.001173218,0.0015696259,-0.0114539685,-0.043625962,4939,4939,0,1,1
383202375,383202169,2490378,2490378,0.0013937723,-0.00021285204,-0.0010473506,5.623937e-05,-0.010240086,-0.045607027,4939,4939,0,1,1
383701185,383700992,2490378,2490378,0.006131233,0.00026991623,-0.0017191087,-0.012192347,0.008024812,-0.07424241,4937,4937,0,1,1
384200027,384199815,2490378,2490378,0.0065196343,0.0017098803,-0.00034905327,0.0049071973,0.01649753,0.015460413,4939,4939,0,1,1
384698832,384698639,2490378,2490378,0.0054344,0.002532717,0.0027086963,-0.015056519,0.0043690964,-0.0033431654,4939,4939,0,1,1
385198032,385197462,2490378,2490378,-0.00062468875,0.003422686,0.0032753893,-0.0136347255,-0.011669866,-0.06911651,4939,4939,0,1,1
385701417,385701224,2490378,2490378,0.00022134533,0.0034956166,0.0028821782,-0.002885944,0.0021867265,-0.05028285,4939,4939,0,1,1
386200323,386200047,2490378,2490378,0.0010829679,0.0033030782,0.0021516546,-0.009361967,-0.0030049912,-0.06610473,4939,4939,0,1,1
386699065,386698870,2490378,2490378,-0.0052303183,0.00046105473,0.0033022799,-0.008063669,-0.001705481,-0.08619406,4939,4939,0,1,1
387203046,387202633,2490378,2490378,-0.0038826403,0.0010161225,0.0006917421,0.00036873383,-0.010161531,-0.05188647,4940,4940,0,1,1
387701650,387701454,2490378,2490378,-0.0009783752,0.017419975,-0.00025409213,-0.008116756,0.005488295,-0.069032386,4938,4938,0,1,1
388200471,388200277,2490378,2490378,0.001063356,-0.0016227423,0.000118756696,0.0043737185,-0.004965267,-0.011834178,4939,4939,0,1,1
388699295,388699100,2490378,2490378,0.0033573941,-0.01882484,0.000108182554,-0.016399035,-0.0063082944,-0.07509624,4939,4939,0,1,1
389198274,389197923,2490378,2490378,-0.0061318125,0.022911737,-0.0010531505,-0.017719325,-0.0073882113,-0.046790466,4938,4938,0,1,1
389701878,389701684,2490378,2490378,-0.000333654,-0.016620023,0.0013145644,-0.019215036,0.0058362777,-0.058599852,4938,4938,0,1,1
390200700,390200507,2490378,2490378,0.0055115293,0.003433332,0.001516687,-0.0006345433,-0.003677756,-0.070167236,4939,4939,0,1,1
390699525,390699330,2490378,2490378,-0.008379928,0.0011637313,0.0016937688,0.002434437,-0.006561038,-0.031027889,4939,4939,0,1,1
391203396,391203092,2490378,2490378,0.0093113985,-0.004909379,0.0004343062,-0.0061659543,-0.008417777,-0.059164632,4939,4939,0,1,1
391697168,391696975,2490378,2490378,-0.011688874,0.0034411012,0.00055738474,0.0032122592,-0.005628079,-0.05100661,4939,4939,0,1,1
392200956,392200739,2490378,2490378,0.008921652,0.0003874713,0.00046727993,-0.0032271189,0.002599547,-0.07712526,4941,4941,0,1,1
392699756,392699559,2490378,2490378,-0.00610709,0.0016170391,-0.0012069615,-0.014541154,0.0014648685,-0.07059431,4939,4939,0,1,1
393198578,393198382,2490378,2490378,0.0017618416,-0.000500689,-0.0027144211,-0.0016872956,-0.004533693,-0.052340504,4939,4939,0,1,1
393702348,393702143,2490378,2490378,-0.0030681961,-7.591876e-05,-0.0026383235,0.0008806632,0.005896964,-0.050539427,4939,4939,0,1,1
394201160,394200966,2490378,2490378,0.0029693989,0.0002981089,-0.0020708437,0.00071662536,0.004489132,-0.046992224,4939,4939,0,1,1
394700028,394699789,2490378,2490378,-0.00079808,0.00040300144,-0.0014860521,-0.0006425326,-0.001480074,-0.032914575,4939,4939,0,1,1
395198825,395198611,2490378,2490378,9.8958444e-05,0.00023085442,-0.00061953295,-0.011542951,-6.0099872e-05,-0.06761852,4938,4938,0,1,1
395697627,395697434,2490378,2490378,0.0009529273,-0.00035038858,-4.4061937e-05,0.0005181428,-0.0013968097,-0.06139167,4939,4939,0,1,1
396201387,396201195,2490378,2490378,-0.0002875487,-0.00010949211,-2.0322472e-05,-0.015110918,-0.008083009,-0.058877736,4939,4939,0,1,1
396700213,396700018,2490378,2490378,-0.0004358858,0.0003185427,0.00028990622,-0.0074695456,-0.003449818,-0.046974074,4939,4939,0,1,1
397199036,397198840,2490378,2490378,0.00030663994,-0.0002901746,7.153851e-06,0.0025232746,-0.00029338122,-0.063508496,4938,4938,0,1,1
397702795,397702602,2490378,2490378,-0.00024680432,-0.00023856544,2.502425e-05,0.0002387472,0.01603098,-0.04162683,4939,4939,0,1,1
398201621,398201425,2490378,2490378,0.000410507,0.0002766504,2.4304758e-05,0.0030694294,-0.0106727965,-0.048167583,4939,4939,0,1,1
398700441,398700247,2490378,2490378,-0.00024624157,-0.00016906548,-0.00028875654,0.0066701407,0.017891083,-0.03970585,4939,4939,0,1,1
399199265,399199070,2490378,2490378,-0.0005292686,0.00038372973,-0.00034554637,0.013509549,0.00090653845,-0.041681856,4939,4939,0,1,1
399698087,399697893,2490378,2490378,0.00022360771,0.00017116469,-0.00049703586,-0.0024103345,-0.0054260376,-0.031912584,4939,4939,0,1,1
400201851,400201655,2490378,2490378,0.00094986125,0.00012237819,-0.0001387162,-0.002105625,0.0021850509,-0.05315051,4939,4939,0,1,1
400700692,400700477,2490378,2490378,2.3235705e-05,-0.0005137228,-0.00056920905,-0.0023632706,-0.017068123,-0.07649699,4938,4938,0,1,1
401199495,401199300,2490378,2490378,0.0002509626,0.000961499,4.5692454e-05,-0.0042628665,0.003148397,-0.040851593,4938,4938,0,1,1
401703258,401703062,2490378,2490378,-0.00036586224,-0.001193394,-0.00054082694,-0.003964456,0.018835062,-0.047683597,4939,4939,0,1,1
402197142,402196946,2490378,2490378,0.0005631478,0.0011845833,-5.2617037e-05,-0.010275873,0.01984133,-0.047145102,4939,4939,0,1,1
402700917,402700708,2490378,2490378,-0.0016957178,-0.00046922473,-0.00036933986,-0.009404812,0.019995183,-0.022456154,4939,4939,0,1,1
403199728,403199531,2490378,2490378,0.00046988382,0.0004424456,0.0002494606,0.0038897963,0.001634696,-0.05737958,4939,4939,0,1,1
403698545,403698354,2490378,2490378,-0.001443088,-9.128874e-05,-0.00026703387,-4.3624812e-05,-0.0019711757,-0.034652654,4939,4939,0,1,1
404202309,404202116,2490378,2490378,0.0011853081,0.0002392128,9.494509e-05,0.005889452,0.002112264,-0.05596329,4939,4939,0,1,1
404701133,404700939,2490378,2490378,-0.0008320363,-0.0008390137,4.919701e-05,0.0012026774,0.015695095,-0.04854278,4938,4938,0,1,1
405199957,405199763,2490378,2490378,-0.00087859604,0.00030594176,-7.128466e-05,-0.0056144367,0.0025348268,-0.03082367,4939,4939,0,1,1
405698778,405698586,2490378,2490378,0.0009328143,0.0006722211,0.0002232698,-0.0018329993,0.00092219433,-0.041728314,4939,4939,0,1,1
406197602,406197410,2490378,2490378,-0.00063116546,0.0012166079,-0.000459375,0.0074496265,0.00030087098,-0.031825986,4939,4939,0,1,1
406701383,406701172,2490378,2490378,0.0007989265,-0.0016365497,-0.00016891841,-0.015163925,0.0037064578,-0.056009978,4939,4939,0,1,1
407200191,407199996,2490378,2490378,0.0012803593,0.0019958282,0.0003368875,-0.001402035,-0.0047060074,-0.032726336,4939,4939,0,1,1
407699027,407698819,2490378,2490378,-0.00044771485,-0.0010022607,0.0005053004,-0.00081082835,0.0052710106,-0.05655769,4939,4939,0,1,1
408202779,408202582,2490378,2490378,0.0006582791,-0.00039019366,0.0008085998,-0.00105868,-0.005898511,-0.050036363,4939,4939,0,1,1
408701622,408701405,2490378,2490378,-0.00013497898,-0.0015352592,0.0006317325,-0.00051806215,0.004788262,-0.03816895,4938,4938,0,1,1
409200424,409200229,2490378,2490378,0.0012453331,0.0042061745,0.0006797418,0.00094391225,-0.011191792,-0.04634621,4938,4938,0,1,1
409699266,409699053,2490378,2490378,-0.0018309139,-0.002525037,-4.0130457e-05,0.006459754,-0.013786957,-0.041623272,4939,4939,0,1,1
410198088,410197877,2490378,2490378,-0.0019973638,0.00052998366,-0.00035880637,-0.002076932,-0.002870259,-0.05864669,4938,4938,0,1,1
410701965,410701641,2490378,2490378,0.0019554545,-0.000295255,-8.342381e-05,0.00089753803,0.004740112,-0.041254245,4939,4939,0,1,1
411200665,411200465,2490378,2490378,0.0019868403,0.00078902463,-0.00041096314,-0.0020498517,0.012787485,-0.054161195,4939,4939,0,1,1
411699793,411699290,2490378,2490378,0.0008159697,-0.0022920854,-0.00034996943,-0.009103659,0.006945385,-0.05467417,4940,4940,0,1,1
412203248,412203052,2490378,2490378,-0.00035709134,-0.0005974793,-0.0001792743,-0.0055750865,0.012888496,-0.040983338,4939,4939,0,1,1
412697146,412696938,2490378,2490378,0.00036458616,0.0010673977,0.00016528266,-0.0024453355,0.002256753,-0.03749737,4939,4939,0,1,1
413200911,413200702,2490378,2490378,-0.0006725766,0.00086567464,0.0003956917,0.0009432477,-0.00063647126,-0.0469275,4939,4939,0,1,1
413699984,413699526,2490378,2490378,3.0105834e-05,-4.3245536e-06,0.00063803873,0.00072556024,-0.013411395,-0.042977992,4938,4938,0,1,1
414198543,414198351,2490378,2490378,5.1660627e-05,-4.9711176e-05,0.00063486723,0.0055282586,-0.009843977,-0.041637346,4939,4939,0,1,1
414702325,414702115,2490378,2490378,-0.0013005321,0.0021561454,0.00043925556,-0.007942541,0.007810729,-0.04355997,4938,4938,0,1,1
415201135,415200940,2490378,2490378,-0.0017982643,-0.00042791505,-0.00019918934,-0.0023295828,7.0266586e-05,-0.05742143,4939,4939,0,1,1
415700084,415699765,2490378,2490378,0.00079364626,-0.00080076687,-0.0001758172,-0.001755625,-0.00466116,-0.03508411,4938,4938,0,1,1
416198788,416198591,2490378,2490378,0.0005789305,-0.0020334558,-0.0005380488,-0.0009547119,0.0008635676,-0.03840221,4939,4939,0,1,1
416697653,416697417,2490378,2490378,0.0026458572,-9.128296e-05,-0.00027415977,-0.0033562304,0.004891288,-0.052720334,4940,4940,0,1,1
417201377,417201180,2490378,2490378,0.00027312472,0.00029035207,-0.00014108246,-0.0016386401,0.008813163,-0.04662828,4939,4939,0,1,1
417700276,417700007,2490378,2490378,-0.0003056755,-0.0010784992,0.00071704393,-0.0071215173,0.003462244,-0.0571701,4940,4940,0,1,1
418199026,418198832,2490378,2490378,-0.0005156885,0.00014914665,0.0005841767,0.0019658771,0.01042939,-0.044061393,4939,4939,0,1,1
418702791,418702597,2490378,2490378,-0.00010339777,-0.0007357671,0.00067857595,-0.006021943,-0.0023983312,-0.058362555,4939,4939,0,1,1
419201636,419201423,2490378,2490378,0.00027600312,0.0005003499,0.00052658515,-0.004713007,0.0010282336,-0.055887274,4939,4939,0,1,1
419700445,419700249,2490378,2490378,-0.00016701415,0.0006276777,0.00029410116,0.0055174436,-0.007260687,-0.043185387,4939,4939,0,1,1
420199269,420199075,2490378,2490378,6.7094785e-05,-0.0005138905,0.00022256788,-0.0076534795,0.0028824655,-0.056608938,4939,4939,0,1,1
420698149,420697901,2490378,2490378,3.6157424e-05,7.4472896e-06,0.00017311488,-0.0029604728,0.0012995042,-0.030833224,4939,4939,0,1,1
421201860,421201667,2490378,2490378,-0.00046257538,0.0005428861,0.00010804348,0.004274301,0.0017666052,-0.044543926,4939,4939,0,1,1
421700692,421700494,2490378,2490378,-2.6206744e-05,-0.00031419276,-2.4992652e-05,-0.0032938155,0.004178925,-0.045100227,4939,4939,0,1,1
422199512,422199320,2490378,2490378,-0.000100900485,-0.0005041129,-6.0640716e-05,-0.002896764,0.0008444338,-0.049606185,4939,4939,0,1,1
422698340,422698147,2490378,2490378,-6.504468e-05,9.226744e-05,-8.610453e-05,-0.006247821,-0.00032088743,-0.054902453,4939,4939,0,1,1
423197165,423196974,2490378,2490378,-0.00012473279,0.00010248978,-0.00023047377,0.00087673235,0.007982796,-0.03936942,4939,4939,0,1,1
423700938,423700740,2490378,2490378,-0.00020582946,-9.948393e-05,-0.00025811547,0.0039261454,0.0027350022,-0.040789735,4939,4939,0,1,1
424199761,424199568,2490378,2490378,-0.00013850293,-5.5646724e-05,-7.986497e-05,-0.0028459746,-0.0022138685,-0.0503762,4939,4939,0,1,1
424698591,424698395,2490378,2490378,0.00014284272,0.00017669628,-1.120327e-05,0.0027358083,0.0039504864,-0.04007258,4936,4936,0,1,1
425202373,425202161,2490378,2490378,0.00013043257,0.00014355408,0.000114859795,0.0044741607,-0.0022292885,-0.056932874,4938,4938,0,1,1
425701185,425700989,2490378,2490378,-0.00045807092,-8.412712e-05,2.3686418e-06,-0.00845213,0.010007188,-0.05776997,4939,4939,0,1,1
426200011,426199817,2490378,2490378,0.0005094354,8.767331e-05,-1.147452e-05,-0.0020106058,0.011497233,-0.035879742,4939,4939,0,1,1
426698838,426698645,2490378,2490378,6.508427e-05,-0.00014929708,2.3801693e-05,-0.009764089,-0.010718791,-0.062172968,4939,4939,0,1,1
427197669,427197473,2490378,2490378,-0.0006947862,0.000253267,-9.731722e-05,0.0009611025,0.0014286131,-0.040548027,4934,4934,0,1,1
427701435,427701240,2490378,2490378,-0.0006374956,0.00013288225,-0.00010013184,0.005045963,0.0034704527,-0.04148707,4939,4939,0,1,1
428200264,428200069,2490378,2490378,-0.00010626348,0.00013890052,-3.978445e-05,0.0035130847,0.0042253076,-0.04851934,4939,4939,0,1,1
428699095,428698897,2490378,2490378,0.0006152811,-0.0003940202,7.005295e-05,-0.0048462097,-0.01620967,-0.055298492,4939,4939,0,1,1
429202873,429202665,2490378,2490378,-0.00042288878,-4.1742147e-05,4.194643e-05,0.003885358,0.0037064506,-0.04615897,4939,4939,0,1,1
429701708,429701494,2490378,2490378,-0.00010961105,-5.6816876e-05,-2.7279033e-05,-0.008261442,0.00030185783,-0.053940397,4939,4939,0,1,1
430200516,430200323,2490378,2490378,0.00064340455,9.625371e-06,9.542996e-06,1.215024e-05,0.0010588379,-0.048845056,4939,4939,0,1,1
430699345,430699152,2490378,2490378,-0.0011599252,-0.00049557403,-0.00018824254,-0.00470236,0.0042731324,-0.046241388,4939,4939,0,1,1
431198198,431197981,2490378,2490378,-0.0005124912,9.370174e-06,-0.00025609147,-0.0011451253,0.01305435,-0.0487297,4939,4939,0,1,1
431701942,431701750,2490378,2490378,0.0005645876,0.0003375699,-3.2455413e-05,0.005691038,0.003238037,-0.03082601,4939,4939,0,1,1
432200784,432200579,2490378,2490378,0.00076114293,-0.00041889973,4.591494e-05,0.0014468507,0.0057667983,-0.052171186,4939,4939,0,1,1
432699601,432699409,2490378,2490378,-0.00047517673,-2.7634076e-05,9.718606e-05,-0.003956362,0.011248883,-0.052393924,4939,4939,0,1,1
433203390,433203178,2490378,2490378,-0.00023865438,0.00029482724,-0.00011961004,-0.0067159347,0.00642302,-0.052383576,4939,4939,0,1,1
433697264,433697069,2490378,2490378,0.0002059685,-0.00029678488,-0.00030832647,-0.00043016067,-0.0014432266,-0.03767309,4939,4939,0,1,1
434201046,434200838,2490378,2490378,0.00030073136,-0.00014842523,-2.8984883e-05,-0.0012007367,-0.007838455,-0.045737024,4937,4937,0,1,1
434699862,434699669,2490378,2490378,-0.00019008211,0.00013024126,-5.3447708e-05,0.0040576104,0.0037183573,-0.03624035,4938,4938,0,1,1
435198791,435198499,2490378,2490378,-0.00031496625,0.00024288312,3.3316956e-05,0.003334644,0.002128772,-0.044626586,4938,4938,0,1,1
435702464,435702269,2490378,2490378,8.47426e-05,-0.00010613692,5.468395e-05,0.006837778,-0.01848531,-0.0501667,4939,4939,0,1,1
436201656,436201099,2490378,2490378,0.00035495166,-0.00054701796,8.263341e-06,-0.011036187,0.008865575,-0.051569134,4938,4938,0,1,1
436700125,436699931,2490378,2490378,-0.0004831258,0.0001060352,0.00016871258,-0.0026329209,-0.005115405,-0.04790657,4939,4939,0,1,1
437198960,437198764,2490378,2490378,-0.00012694419,0.0003102837,0.00015560802,-0.0012149832,0.0038841374,-0.04660215,4941,4941,0,1,1
437697791,437697593,2490378,2490378,7.387728e-05,-0.00039283032,0.00020912355,-0.0020455073,-0.006986812,-0.05690542,4939,4939,0,1,1
438201805,438201364,2490378,2490378,-0.00033115334,-0.00023407092,-8.6647706e-05,0.00011694889,-0.0073067136,-0.045244347,4939,4939,0,1,1
438700405,438700195,2490378,2490378,0.00071717054,-0.00016184468,8.203616e-05,-0.007313326,-0.0008954243,-0.060127467,4939,4939,0,1,1
439199241,439199027,2490378,2490378,2.0719219e-05,-0.0001270973,6.210324e-06,-0.0051417565,-0.007963674,-0.059050772,4939,4939,0,1,1
439702989,439702798,2490378,2490378,-0.00021955819,0.00013475007,-0.00018039726,-0.0026287525,0.0042141206,-0.04452459,4939,4939,0,1,1
440202000,440201630,2490378,2490378,-0.0004190317,0.0002697427,-4.7614267e-06,0.000120076176,0.00097369077,-0.040413145,4939,4939,0,1,1
440700656,440700463,2490378,2490378,0.00016490633,3.1940567e-06,-2.5159596e-05,-0.0044966335,0.0074906396,-0.051218998,4939,4939,0,1,1
441199508,441199295,2490378,2490378,0.00025578696,-0.0005108403,8.79495e-05,-0.0053848187,-0.0008080118,-0.049136173,4939,4939,0,1,1
441698324,441698128,2490378,2490378,7.829037e-05,-3.467881e-05,7.8872334e-05,-0.007306993,0.007995052,-0.05654542,4939,4939,0,1,1
442202127,442201900,2490378,2490378,-0.0010931832,0.00046470965,2.7108146e-05,0.0029152636,0.003496472,-0.05121593,4939,4939,0,1,1
442700925,442700733,2490378,2490378,-0.0004821489,-0.000293662,6.548585e-06,-0.0045935325,0.014387708,-0.056961916,4939,4939,0,1,1
443199759,443199566,2490378,2490378,0.0005405116,0.00012349401,4.77325e-06,-0.0018621313,0.00023843478,-0.036341403,4939,4939,0,1,1
443703532,443703338,2490378,2490378,-0.00074027624,2.5460764e-05,-8.729848e-06,0.003202472,0.00807232,-0.03710768,4939,4939,0,1,1
444197428,444197233,2490378,2490378,-4.9329174e-05,0.00013360841,-6.113262e-05,-0.0032759374,-0.0021201982,-0.052363634,4939,4939,0,1,1
444701203,444701005,2490378,2490378,0.00015875691,-0.0002367944,-1.3556679e-05,-0.0055128937,-0.00033927933,-0.055798475,4939,4939,0,1,1
445200032,445199839,2490378,2490378,-8.202179e-05,3.3708373e-05,-0.00021201234,0.0028510427,-0.0070310663,-0.051829364,4939,4939,0,1,1
445698879,445698673,2490378,2490378,0.0002246709,0.00030560867,-0.00021347738,-0.00580344,-0.012624454,-0.052607834,4939,4939,0,1,1
446202647,446202446,2490378,2490378,0.00012457444,0.00018335406,-0.00013115395,-0.0007038493,0.003712429,-0.05898716,4939,4939,0,1,1
446701474,446701281,2490378,2490378,0.0012039671,-0.00049459963,-0.00027578618,-0.008182239,-0.009042946,-0.05818886,4939,4939,0,1,1
447200308,447200115,2490378,2490378,-0.00031662823,-0.00044560566,-0.00014989512,-0.003931139,0.0067535737,-0.056081,4939,4939,0,1,1
447699141,447698950,2490378,2490378,-0.0006253097,0.00067355594,-0.00012243085,0.0039108386,0.0026435112,-0.042680927,4939,4939,0,1,1
448197982,448197785,2490378,2490378,0.00035233088,0.00026754575,-0.00014921375,0.0038430423,-0.010574728,-0.05189637,4937,4937,0,1,1
448701752,448701559,2490378,2490378,0.00015119856,-4.620925e-05,1.8803532e-05,-0.0037146441,-0.014233437,-0.04917336,4939,4939,0,1,1
449200590,449200394,2490378,2490378,0.00017126906,0.0003464129,0.00020001672,-0.0009000764,-0.00055581477,-0.043710634,4939,4939,0,1,1
449699429,449699232,2490378,2490378,0.00028564915,-0.00013530176,0.00022169233,0.0009105377,-0.0010378783,-0.046278477,4941,4941,0,1,1
450203204,450203004,2490378,2490378,1.8759862e-05,-0.00048531895,0.00022844675,-0.0038857078,0.010318669,-0.043483593,4939,4939,0,1,1
450702032,450701840,2490378,2490378,-0.00014837984,0.00017223068,0.00023047675,-0.0038382828,-0.0080507845,-0.05519477,4939,4939,0,1,1
451195931,451195737,2490378,2490378,8.800246e-05,-0.00044405402,0.00023033223,0.0029270202,0.004523949,-0.041814327,4939,4939,0,1,1
451699706,451699512,2490378,2490378,-0.0003329958,0.00052984187,0.00019043732,0.0029427942,0.0019471131,-0.035517726,4939,4939,0,1,1
452198543,452198349,2490378,2490378,0.00021054875,0.0002052969,0.0001396246,-0.0014803015,-0.0036173873,-0.051216163,4939,4939,0,1,1
452697380,452697185,2490378,2490378,0.00025833398,-0.00017846633,0.000110533496,-0.0028817896,0.00094410457,-0.053800996,4939,4939,0,1,1
453201169,453200963,2490378,2490378,-0.00065613043,0.0001585962,3.8101676e-05,0.0036145633,0.005643869,-0.040426563,4941,4941,0,1,1
453700012,453699798,2490378,2490378,-0.0002753037,-4.9682974e-05,-4.7002315e-05,-0.0025027397,0.010728895,-0.047009975,4939,4939,0,1,1
454203767,454203574,2490378,2490378,0.0008112345,-0.00024362025,-2.0247364e-05,0.0026272777,-0.00075162615,-0.04687876,4939,4939,0,1,1
454698135,454697472,2490378,2490378,-0.0006626155,0.00014821146,-2.5235131e-05,-0.00020657651,0.011379716,-0.04672552,4933,4933,0,1,1
455196503,455196309,2490378,2490378,-0.00030298685,0.0003627868,3.1513024e-05,-0.0036297857,0.0032808378,-0.057051174,4939,4939,0,1,1
455700295,455700086,2490378,2490378,0.0010482555,-0.00048319003,-3.9083625e-06,-0.007853981,-0.005647877,-0.05745896,4939,4939,0,1,1
456199120,456198924,2490378,2490378,-0.00036856247,0.00019875275,-0.00018754147,0.00052391586,-0.0069716605,-0.05530469,4937,4937,0,1,1
456697968,456697762,2490378,2490378,-0.00010426697,0.00041354285,-0.00015464489,0.003822678,0.0029500928,-0.034506947,4939,4939,0,1,1
457201732,457201539,2490378,2490378,4.8421865e-05,-0.00047856208,8.80543e-05,-0.002445736,0.0071229446,-0.05385248,4939,4939,0,1,1
457700584,457700377,2490378,2490378,-2.0118381e-05,-0.00011023295,4.3030348e-05,-0.0017575877,0.010233518,-0.038473222,4937,4937,0,1,1
458199409,458199215,2490378,2490378,1.3297243e-05,8.242309e-05,-3.4173685e-05,0.00030676526,0.0015557854,-0.055254314,4939,4939,0,1,1
458698605,458698054,2490378,2490378,-0.00035789656,-0.00032301262,-6.0300004e-05,-0.00045869377,0.011144085,-0.0504609,4939,4939,0,1,1
459197084,459196893,2490378,2490378,0.0003200327,-0.00035277058,1.8386268e-05,0.0027066201,-0.0015421549,-0.049684916,4939,4939,0,1,1
459701000,459700671,2490378,2490378,-0.0006498779,-4.8466492e-05,1.5896288e-05,-0.006061832,-0.0050326693,-0.04474648,4939,4939,0,1,1
460199721,460199510,2490378,2490378,-0.00054468244,0.0002877387,-9.2134775e-05,0.0028233014,0.012822436,-0.04199655,4939,4939,0,1,1
460698761,460698349,2490378,2490378,-0.00019833854,0.00012563622,-7.5582444e-05,-0.0026901646,-0.00051699794,-0.047056653,4939,4939,0,1,1
461202319,461202128,2490378,2490378,-1.8765642e-05,1.6564632e-05,7.33364e-05,-0.0028196818,0.00580312,-0.04098005,4939,4939,0,1,1
461696227,461696028,2490378,2490378,-0.00017317077,-0.00035021768,2.2092277e-06,-0.011197416,-0.018924283,-0.058380418,4939,4939,0,1,1
462200003,462199807,2490378,2490378,-0.000105160776,0.00035032828,1.9121846e-05,-0.00050535565,0.00013770067,-0.037351534,4939,4939,0,1,1
462698928,462698647,2490378,2490378,-0.00046118046,-9.677076e-05,-9.7033735e-06,-0.0019574007,0.006352657,-0.045281667,4939,4939,0,1,1
463197680,463197487,2490378,2490378,-0.00029285115,-0.0002712854,6.125477e-05,0.0015016018,0.0027593705,-0.04584652,4938,4938,0,1,1
463701462,463701267,2490378,2490378,-0.00032478073,0.00036256036,-0.00010458352,-0.0030617341,-0.0038135122,-0.050518066,4939,4939,0,1,1
464200302,464200108,2490378,2490378,-0.0001462119,0.0005272724,-0.00021695344,0.0024966297,0.0004937136,-0.034781415,4939,4939,0,1,1
464704141,464703887,2490378,2490378,0.0006675659,-0.00056805386,-0.00013148204,-0.00236053,0.004519854,-0.051729158,4934,4934,0,1,1
465197990,465197789,2490378,2490378,7.862755e-05,-0.00073571666,-0.0001454826,0.0006861608,0.008273062,-0.042125262,4939,4939,0,1,1
465696822,465696630,2490378,2490378,-0.0004380818,0.00069356477,-0.0001681403,-0.0029851168,-0.0018922065,-0.04226679,4939,4939,0,1,1
466200606,466200411,2490378,2490378,0.000413074,0.00061799615,-0.0003337846,0.00013836799,-0.0006565573,-0.051461145,4939,4939,0,1,1
466699449,466699252,2490378,2490378,-0.00023722062,-0.0007138025,-0.0004321203,-0.0024253088,-0.0007291918,-0.03836533,4939,4939,0,1,1
467198286,467198094,2490378,2490378,0.00030293764,0.00019931098,-0.0001609097,-0.0036409786,-0.013214079,-0.06507815,4939,4939,0,1,1
467702079,467701875,2490378,2490378,0.00045695953,0.0006220301,-0.00023838339,0.0012102826,-0.0052024145,-0.044890463,4939,4939,0,1,1
468200910,468200717,2490378,2490378,-0.00068585796,-0.0006457956,-0.00016626054,0.004274008,0.0006093876,-0.038841262,4939,4939,0,1,1
468699753,468699559,2490378,2490378,0.00066413445,-0.0006747743,6.100056e-05,-0.001102341,0.00477583,-0.037922814,4939,4939,0,1,1
469198597,469198401,2490378,2490378,0.0008855251,0.00032022214,0.00013319562,-0.001897927,-0.016517656,-0.06805201,4939,4939,0,1,1
469697450,469697244,2490378,2490378,0.00033572584,-9.1416056e-05,0.00013338852,-6.2715946e-05,-0.0053160097,-0.052852537,4939,4939,0,1,1
470201220,470201025,2490378,2490378,-0.00046356654,-0.00031532362,0.000110292385,0.0032677979,0.017229632,-0.033903085,4939,4939,0,1,1
470700076,470699868,2490378,2490378,0.00015764897,0.00012322793,0.0001708783,-0.00608735,0.0034767517,-0.048515227,4939,4939,0,1,1
471198934,471198711,2490378,2490378,-0.00013255546,0.00011221211,3.9664006e-05,-0.0001598637,0.010076141,-0.046364814,4939,4939,0,1,1
471702691,471702494,2490378,2490378,-5.913269e-05,0.0006192462,7.989116e-05,-8.579972e-06,-0.005504111,-0.049696498,4939,4939,0,1,1
472196589,472196398,2490378,2490378,-0.00048243033,2.1718397e-05,0.00011704479,0.009396529,0.0012055351,-0.04942096,4939,4939,0,1,1
472700375,472700181,2490378,2490378,-0.0036532884,-0.004349934,-0.00047779077,0.0048497906,-0.008118179,-0.08698866,4939,4939,0,1,1
473199226,473199026,2490378,2490378,-0.0011808001,-4.4472028e-05,-0.000395369,0.009481224,-0.0016458706,-0.04366386,4941,4941,0,1,1
473698064,473697868,2490378,2490378,6.952695e-05,-0.00052633026,0.000354469,0.0148674445,0.0029027285,-0.04491309,4939,4939,0,1,1
474201845,474201652,2490378,2490378,0.00037498068,-3.8379043e-05,1.22260235e-05,0.013327539,-0.0018851305,-0.042451434,4939,4939,0,1,1
474700692,474700496,2490378,2490378,-6.364733e-05,-5.375473e-07,-2.7902524e-07,0.016437575,-0.00034699173,-0.04800422,4937,4937,0,1,1
475199534,475199340,2490378,2490378,-1.8989931e-05,-3.1515345e-05,3.8681633e-06,0.01605935,-0.00093913823,-0.04647006,4939,4939,0,1,1
475698379,475698185,2490378,2490378,2.1958116e-05,-2.3854433e-05,6.082308e-06,0.015722724,-0.0011038234,-0.046000548,4939,4939,0,1,1
476197222,476197030,2490378,2490378,3.2274907e-06,-3.547905e-06,1.3209893e-05,0.01601197,-0.0007005573,-0.04635378,4939,4939,0,1,1
476701004,476700814,2490378,2490378,-1.44340875e-05,-2.0991713e-06,6.73298e-06,0.01633198,-0.0007782959,-0.04581634,4939,4939,0,1,1
477199852,477199659,2490378,2490378,-1.9380068e-06,-5.949503e-07,-1.0533493e-06,0.015931519,-0.0010534851,-0.047027662,4939,4939,0,1,1
477698697,477698505,2490378,2490378,3.6176927e-05,-2.3068551e-05,1.0224412e-05,0.016051698,-0.0011914626,-0.046163637,4939,4939,0,1,1
478202607,478202289,2490378,2490378,1.5269998e-05,-5.731258e-06,9.167575e-06,0.016042775,-0.0010515082,-0.04622825,4939,4939,0,1,1
478696390,478696196,2490378,2490378,-3.254379e-05,-3.9068286e-06,2.558253e-06,0.016031079,-0.0009828178,-0.0461781,4939,4939,0,1,1
479200187,479199981,2490378,2490378,4.3070463e-06,-1.1888694e-05,8.51427e-06,0.016110905,-0.0010020955,-0.046001,4939,4939,0,1,1
479699039,479698827,2490378,2490378,2.5092706e-05,-1.0119237e-05,7.2119938e-06,0.01602231,-0.0010825121,-0.04609064,4939,4939,0,1,1
480197884,480197674,2490378,2490378,-2.0259351e-05,-1.149093e-05,5.6282797e-06,0.01601891,-0.0009682007,-0.046228275,4939,4939,0,1,1
480701654,480701459,2490378,2490378,4.281842e-06,-7.950451e-06,6.304119e-06,0.016064495,-0.00100131,-0.045969464,4939,4939,0,1,1
481200949,481200306,2490378,2490378,-7.940804e-06,-1.04615565e-05,8.363194e-06,0.015985575,-0.0010571539,-0.046275582,4939,4939,0,1,1
481699366,481699153,2490378,2490378,1.0940067e-06,-7.908369e-06,4.9625146e-06,0.016060479,-0.0010460898,-0.045824844,4939,4939,0,1,1
482203221,482202939,2490378,2490378,9.7355505e-06,-1.1793215e-05,7.936201e-06,0.016001131,-0.0010478381,-0.046252664,4939,4939,0,1,1
482697042,482696847,2490378,2490378,3.2432583e-06,-1.3955053e-05,6.213599e-06,0.016052067,-0.0010239095,-0.046093315,4939,4939,0,1,1
483201028,483200634,2490378,2490378,1.9000584e-06,-7.987685e-06,2.775394e-06,0.016011665,-0.00094085926,-0.046142858,4939,4939,0,1,1
483699676,483699481,2490378,2490378,2.0672587e-07,-1.122892e-05,9.273209e-06,0.016077535,-0.0009328893,-0.04601552,4939,4939,0,1,1
484198548,484198329,2490378,2490378,-5.144057e-05,-0.00019798068,2.6921456e-05,0.016207032,-0.000497933,-0.0458713,4939,4939,0,1,1
484702324,484702116,2490378,2490378,0.00057327066,-0.00047207496,-0.00018363685,0.015082888,-2.9209154e-05,-0.0411529,4939,4939,0,1,1
485201270,485200965,2490378,2490378,0.0009822232,-0.0022137936,-0.0016316561,0.009285559,-0.0024245498,-0.04533875,4940,4940,0,1,1
485700006,485699813,2490378,2490378,-0.0015701512,-0.00014674054,0.00093288283,0.0016617994,0.0006786662,-0.05456014,4939,4939,0,1,1
486198854,486198661,2490378,2490378,-0.00390821,-0.0025070547,0.00060148654,-0.0015058088,0.012787152,-0.05321975,4939,4939,0,1,1
486697708,486697510,2490378,2490378,-0.0050771656,-0.0011704155,0.003423825,-0.0014698316,0.024432072,-0.034541886,4939,4939,0,1,1
487201513,487201301,2490378,2490378,-0.0018789715,-0.0030331176,0.00095650123,-0.0056180856,0.03638263,-0.021247515,4942,4942,0,1,1
487700341,487700147,2490378,2490378,-0.00056496955,-0.0015515084,-0.000412541,-0.005722465,0.04053159,-0.015034178,4939,4939,0,1,1
488199192,488198997,2490378,2490378,-0.001177181,-0.0016864679,0.000765677,-0.0079966,0.043115843,-0.010746565,4936,4936,0,1,1
488702977,488702785,2490378,2490378,-5.4731936e-05,-0.0018934064,0.00097052235,-0.0042308243,0.041115664,-0.0009502814,4939,4939,0,1,1
489201845,489201636,2490378,2490378,-0.0012123603,0.0008398701,0.00014014695,-0.0064250897,0.044259638,-0.00889261,4940,4940,0,1,1
489700686,489700485,2490378,2490378,-0.00079257926,0.0006995122,-0.0003798369,-0.010817112,0.04384884,-0.0012177058,4940,4940,0,1,1
490199526,490199335,2490378,2490378,-0.0023980532,0.0007328252,-0.00028140593,-0.0075009405,0.05234268,-0.0050401874,4940,4940,0,1,1
490698379,490698185,2490378,2490378,-0.0006802801,-0.0012540813,-0.000601864,-0.012464426,0.045487825,-0.004196414,4939,4939,0,1,1
491202171,491201975,2490378,2490378,-0.00021893012,0.0007674792,-0.0002483328,-0.0115987845,0.054906223,-0.004754461,4940,4940,0,1,1
491701020,491700825,2490378,2490378,-0.00087222084,-0.0012050059,-0.00020861252,-0.015238536,0.053570565,-0.0034278247,4939,4939,0,1,1
492199887,492199675,2490378,2490378,-0.00057055266,0.0009954517,-7.665265e-05,-0.014568839,0.05222517,-0.003075805,4939,4939,0,1,1
492703662,492703465,2490378,2490378,-0.0007532082,-0.0008195257,6.471127e-05,-0.011718526,0.04896143,0.0012532513,4939,4939,0,1,1
493197585,493197377,2490378,2490378,-0.00048115876,0.00028407024,-0.00031975293,-0.011693942,0.047144584,-0.0014636267,4939,4939,0,1,1
493696421,493696229,2490378,2490378,-0.00054423447,-0.00039225258,-6.245419e-05,-0.008497235,0.046003316,0.00483591,4940,4940,0,1,1
494200211,494200019,2490378,2490378,0.00068463886,-0.00180783,6.529717e-05,-0.01157951,0.04464491,0.004892684,4939,4939,0,1,1
494699063,494698871,2490378,2490378,0.00031698454,-0.0012355563,-0.0002674588,-0.008003294,0.04768034,0.0016635404,4939,4939,0,1,1
495197917,495197722,2490378,2490378,0.0012139219,-0.002966723,-0.00016890219,-0.012232533,0.047603935,0.0035547905,4938,4938,0,1,1
495701710,495701514,2490378,2490378,0.00012689982,-0.00078557467,-0.00037917832,-0.011183193,0.047834318,-0.00017557734,4940,4940,0,1,1
496200560,496200366,2490378,2490378,2.484163e-07,0.0007542491,0.00025067452,-0.011693291,0.046575528,0.0039902064,4940,4940,0,1,1
496699412,496699218,2490378,2490378,0.00032610475,0.00030893233,3.626734e-05,-0.009040273,0.048318826,0.0021171828,4939,4939,0,1,1
497198276,497198070,2490378,2490378,0.00014584062,-0.0005843665,-0.00043967247,-0.009666816,0.045435194,0.00042026635,4939,4939,0,1,1
497697166,497696923,2490378,2490378,-0.00039116328,0.0015016441,-0.0016802859,-0.009405013,0.046321537,-0.001118338,4939,4939,0,1,1
498200907,498200715,2490378,2490378,0.0023030988,0.0024337503,-0.0029726743,-0.022645561,0.04123403,-0.010419495,4939,4939,0,1,1
498699782,498699568,2490378,2490378,0.0031951775,0.0011107835,-0.0021346686,-0.031832322,0.021895645,-0.024378737,4939,4939,0,1,1
499198620,499198421,2490378,2490378,0.00211839,0.0039429637,-0.0007914978,-0.024561545,0.011223379,-0.03530201,4939,4939,0,1,1
499702423,499702214,2490378,2490378,0.0016049505,0.0020332674,-0.0005985135,-0.015472499,0.00011663473,-0.04824013,4939,4939,0,1,1
500196322,500196128,2490378,2490378,0.0006939084,0.0014989659,-0.0002337668,-0.0012290926,-0.0034597835,-0.056411467,4939,4939,0,1,1
500700130,500699921,2490378,2490378,-0.0010114667,0.0009801614,0.00084099587,-0.0013251528,-0.0016014777,-0.05495785,4939,4939,0,1,1
501198985,501198775,2490378,2490378,-0.00040779388,-5.4364806e-05,-0.000391903,0.0005935969,-0.0025778862,-0.055058155,4939,4939,0,1,1
501698244,501697629,2490378,2490378,-8.990356e-05,-1.0652686e-05,0.00022752455,0.0016750996,-0.002692585,-0.04723674,4939,4939,0,1,1
502201618,502201422,2490378,2490378,-6.7601526e-05,-0.000106487576,-0.00012093549,0.0012580539,-0.003278433,-0.047602486,4939,4939,0,1,1
502700563,502700277,2490378,2490378,0.00013824551,5.212435e-05,5.0539933e-05,0.0007150499,-0.0013347113,-0.050285004,4939,4939,0,1,1
503199325,503199131,2490378,2490378,0.00013807046,-6.975503e-07,-5.351729e-06,8.911739e-05,-0.0009498368,-0.04858848,4939,4939,0,1,1
503698438,503697990,2490378,2490378,-6.189294e-05,-5.8802343e-05,-3.1808566e-05,0.0009947919,-0.0013359219,-0.04869792,4941,4941,0,1,1
504197035,504196841,2490378,2490378,0.00015271141,1.5967367e-05,6.46425e-06,0.0008112545,0.00049536553,-0.04776865,4939,4939,0,1,1
504700828,504700635,2490378,2490378,8.7903565e-05,8.793592e-05,-6.086791e-05,-0.00017842797,-0.000949276,-0.046738416,4939,4939,0,1,1
505199683,505199490,2490378,2490378,0.0002714642,-4.074977e-05,4.7066387e-05,0.0013924693,-0.004505039,-0.048360895,4939,4939,0,1,1
505698735,505698346,2490378,2490378,0.00014836139,1.2313025e-05,0.00010058779,0.0011832508,-0.001349249,-0.048356738,4939,4939,0,1,1
506202351,506202141,2490378,2490378,-0.00014604366,-0.00016108596,-5.162674e-05,0.0025266784,-0.0007852752,-0.05363795,4940,4940,0,1,1
506701192,506700996,2490378,2490378,-0.00023324243,-1.7384145e-05,7.678461e-05,0.00036559187,0.003137168,-0.04858191,4939,4939,0,1,1
507200047,507199852,2490378,2490378,-0.00042473755,0.00016742677,-0.0008370142,-0.0009706052,0.00039037922,-0.06452439,4939,4939,0,1,1
507698922,507698709,2490378,2490378,0.00020777281,0.00014844684,0.0001353559,0.0031652648,0.0006433304,-0.045360047,4939,4939,0,1,1
508197762,508197565,2490378,2490378,-0.00044557167,-4.6894853e-05,0.00020506752,-0.0047185463,-0.004310819,-0.054389425,4939,4939,0,1,1
508701553,508701361,2490378,2490378,-0.00010331621,-0.0002356002,-0.0001614231,0.0009229644,-0.0030532463,-0.0525212,4940,4940,0,1,1
509200410,509200217,2490378,2490378,-9.239338e-05,2.5975265e-05,-1.9279787e-05,-0.0003546261,-0.0013275817,-0.045173116,4939,4939,0,1,1
509699271,509699074,2490378,2490378,-0.00017517473,-0.00012287153,0.00036243812,0.0034949277,0.00039009895,-0.05109658,4939,4939,0,1,1
510203069,510202871,2490378,2490378,-1.5790256e-05,6.2087376e-05,4.8214756e-06,-0.00038112828,-0.0017359043,-0.047452033,4940,4940,0,2,1
510696983,510696789,2490378,2490378,5.382063e-06,-4.6434097e-06,-2.9543831e-05,-0.00017873765,-0.0009684138,-0.050687656,4940,4940,0,2,1
