"Auto,Manual Flag",Event Flag,GPS Time,Latitude (deg),Longitude (deg),Altitude (m)
0,1,1377699961.00841,36.660723,126.34204,0
0,1,1377699961.0186,36.660723,126.34204,-0
1,1,1377699961.20861,36.660723,126.34204,-0
1,1,1377699961.40847,36.660723,126.34204,-0
1,1,1377699961.60846,36.660723,126.34204,-0
1,1,1377699961.80847,36.660723,126.34204,-0
1,1,1377699962.00849,36.660723,126.34204,-0
1,1,1377699962.20849,36.660723,126.34204,-0
1,1,1377699962.40851,36.660723,126.34204,-0
1,1,1377699962.60866,36.660723,126.34204,-0
1,1,1377699962.8086,36.660723,126.34204,-0
1,1,1377699963.00855,36.660723,126.34204,-0.1
1,1,1377699963.20879,36.660723,126.34204,-0.1
1,1,1377699963.40862,36.660723,126.34204,-0.1
1,1,1377699963.6086,36.660723,126.34204,-0.1
1,1,1377699963.80879,36.660723,126.34204,-0.1
1,1,1377699964.00868,36.660723,126.34204,-0.1
1,1,1377699964.20878,36.660723,126.34204,-0.1
1,1,1377699964.40885,36.660723,126.34204,-0.1
1,1,1377699964.60903,36.660723,126.34204,-0.1
1,1,1377699964.80866,36.660724,126.34204,-0.1
1,1,1377699965.00872,36.660724,126.34204,-0.1
1,1,1377699965.20895,36.660724,126.34204,-0.1
1,1,1377699965.40871,36.660724,126.34204,-0
1,1,1377699965.60877,36.660724,126.34204,-0
1,1,1377699965.80893,36.660724,126.34204,-0
1,1,1377699966.00869,36.660724,126.34204,-0
1,1,1377699966.2088,36.660724,126.34204,-0
1,1,1377699966.40905,36.660724,126.34204,-0
1,1,1377699966.59883,36.660724,126.34204,-0
1,1,1377699966.80892,36.660724,126.34204,-0
1,1,1377699967.00889,36.660724,126.342039,0.1
1,1,1377699967.20886,36.660724,126.342039,0.1
1,1,1377699967.40889,36.660724,126.342039,0.2
1,1,1377699967.60894,36.660724,126.342038,0.3
1,1,1377699967.80908,36.660724,126.342038,0.3
1,1,1377699968.00894,36.660724,126.342038,0.4
1,1,1377699968.20902,36.660724,126.342038,0.5
1,1,1377699968.40899,36.660724,126.342038,0.6
1,1,1377699968.60914,36.660724,126.342038,0.7
1,1,1377699968.80899,36.660723,126.342039,0.9
1,1,1377699969.00926,36.660723,126.342039,1
1,1,1377699969.20904,36.660723,126.342039,1.1
1,1,1377699969.40905,36.660723,126.34204,1.2
1,1,1377699969.60914,36.660722,126.34204,1.4
1,1,1377699969.80907,36.660722,126.34204,1.5
1,1,1377699970.00913,36.660722,126.342041,1.7
1,1,1377699970.20914,36.660722,126.342041,1.9
1,1,1377699970.40926,36.660721,126.342041,2.1
1,1,1377699970.60929,36.660721,126.342042,2.2
1,1,1377699970.80915,36.660721,126.342042,2.4
1,1,1377699971.00917,36.660721,126.342042,2.6
1,1,1377699971.20934,36.660721,126.342042,2.8
1,1,1377699971.40921,36.660722,126.342042,3
1,1,1377699971.60947,36.660722,126.342043,3.2
1,1,1377699971.80943,36.660722,126.342043,3.4
1,1,1377699972.00931,36.660723,126.342043,3.6
1,1,1377699972.20948,36.660723,126.342043,3.8
1,1,1377699972.40952,36.660723,126.342043,4
1,1,1377699972.60936,36.660723,126.342043,4.2
1,1,1377699972.80948,36.660724,126.342043,4.4
1,1,1377699973.00935,36.660724,126.342043,4.6
1,1,1377699973.20977,36.660724,126.342043,4.9
1,1,1377699973.40945,36.660724,126.342042,5.1
1,1,1377699973.60957,36.660725,126.342042,5.3
1,1,1377699973.80947,36.660725,126.342041,5.5
1,1,1377699974.00944,36.660725,126.342041,5.7
1,1,1377699974.20964,36.660725,126.342041,5.9
1,1,1377699974.40965,36.660725,126.342041,6.1
1,1,1377699974.60949,36.660725,126.342041,6.3
1,1,1377699974.80955,36.660725,126.34204,6.5
1,1,1377699975.00955,36.660725,126.34204,6.7
1,1,1377699975.2097,36.660724,126.34204,6.9
1,1,1377699975.40956,36.660724,126.34204,7.1
1,1,1377699975.60975,36.660724,126.34204,7.3
1,1,1377699975.80962,36.660724,126.342039,7.5
1,1,1377699976.00962,36.660723,126.342039,7.7
1,1,1377699976.20963,36.660723,126.342039,7.9
1,1,1377699976.40967,36.660723,126.342039,8.1
1,1,1377699976.60978,36.660723,126.342039,8.4
1,1,1377699976.80983,36.660722,126.342038,8.6
1,1,1377699977.00973,36.660722,126.342038,8.8
1,1,1377699977.20977,36.660722,126.342038,9
1,1,1377699977.40974,36.660722,126.342039,9.1
1,1,1377699977.60977,36.660722,126.342039,9.3
1,1,1377699977.80997,36.660722,126.342039,9.5
1,1,1377699978.00981,36.660722,126.342039,9.6
1,1,1377699978.20999,36.660722,126.342039,9.8
1,1,1377699978.41001,36.660722,126.34204,9.9
1,1,1377699978.61,36.660722,126.34204,10.1
1,1,1377699978.81003,36.660722,126.34204,10.3
1,1,1377699979.01007,36.660722,126.342041,10.6
1,1,1377699979.2099,36.660722,126.342041,11
1,1,1377699979.41006,36.660723,126.342041,11.5
1,1,1377699979.6101,36.660723,126.342041,12
1,1,1377699979.81016,36.660723,126.342041,12.5
1,1,1377699980.01001,36.660723,126.342041,13.1
1,1,1377699980.2102,36.660724,126.342041,13.7
1,1,1377699980.41016,36.660724,126.342041,14.2
1,1,1377699980.6103,36.660724,126.342041,14.8
1,1,1377699980.81006,36.660724,126.342041,15.3
1,1,1377699981.01022,36.660724,126.342041,15.9
1,1,1377699981.21009,36.660724,126.342041,16.5
1,1,1377699981.41028,36.660724,126.342041,17.1
1,1,1377699981.61014,36.660724,126.342041,17.7
1,1,1377699981.81043,36.660724,126.34204,18.3
1,1,1377699982.01016,36.660724,126.34204,18.8
1,1,1377699982.21018,36.660724,126.34204,19.4
1,1,1377699982.41025,36.660724,126.34204,20
1,1,1377699982.61021,36.660724,126.34204,20.6
1,1,1377699982.81023,36.660724,126.34204,21.1
1,1,1377699983.01028,36.660723,126.34204,21.7
1,1,1377699983.21042,36.660723,126.34204,22.3
1,1,1377699983.4004,36.660723,126.34204,22.9
1,1,1377699983.61045,36.660723,126.34204,23.5
1,1,1377699983.81032,36.660723,126.34204,24.1
1,1,1377699984.01034,36.660723,126.34204,24.7
1,1,1377699984.21039,36.660723,126.34204,25.3
1,1,1377699984.41037,36.660723,126.34204,25.9
1,1,1377699984.61059,36.660723,126.34204,26.5
1,1,1377699984.80041,36.660723,126.342041,27
1,1,1377699985.01053,36.660723,126.342041,27.6
1,1,1377699985.21059,36.660723,126.342041,28.2
1,1,1377699985.41063,36.660723,126.342041,28.8
1,1,1377699985.61054,36.660723,126.342042,29.4
1,1,1377699985.81053,36.660723,126.342042,30
1,1,1377699986.01052,36.660724,126.342042,30.6
1,1,1377699986.2006,36.660724,126.342042,31.2
1,1,1377699986.41073,36.660724,126.342042,31.8
1,1,1377699986.61064,36.660724,126.342042,32.3
1,1,1377699986.81059,36.660724,126.342042,32.9
1,1,1377699987.01062,36.660724,126.342042,33.5
1,1,1377699987.2108,36.660724,126.342041,34.1
1,1,1377699987.4108,36.660724,126.342041,34.7
1,1,1377699987.60071,36.660723,126.342041,35.3
1,1,1377699987.81069,36.660723,126.34204,35.9
1,1,1377699988.01075,36.660723,126.34204,36.4
1,1,1377699988.21078,36.660723,126.34204,37
1,1,1377699988.41093,36.660723,126.34204,37.6
1,1,1377699988.61084,36.660722,126.34204,38.2
1,1,1377699988.80082,36.660722,126.34204,38.8
1,1,1377699989.00081,36.660722,126.34204,39.4
1,1,1377699989.21094,36.660722,126.34204,40
1,1,1377699989.41099,36.660722,126.34204,40.5
1,1,1377699989.61103,36.660721,126.342041,41.1
1,1,1377699989.811,36.660721,126.342041,41.7
1,1,1377699990.01091,36.660721,126.342041,42.2
1,1,1377699990.2111,36.660721,126.342042,42.8
1,1,1377699990.40094,36.660721,126.342042,43.3
1,1,1377699990.61108,36.660721,126.342042,43.9
1,1,1377699990.81114,36.660722,126.342043,44.5
1,1,1377699991.01116,36.660722,126.342043,45
1,1,1377699991.21101,36.660722,126.342044,45.5
1,1,1377699991.41125,36.660723,126.342044,46
1,1,1377699991.60105,36.660723,126.342044,46.4
1,1,1377699991.80113,36.660724,126.342044,46.8
1,1,1377699992.01113,36.660724,126.342044,47.1
1,1,1377699992.21131,36.660724,126.342043,47.5
1,1,1377699992.41126,36.660725,126.342043,47.7
1,1,1377699992.6115,36.660725,126.342043,48
1,1,1377699992.81115,36.660725,126.342042,48.2
1,1,1377699993.00117,36.660725,126.342041,48.4
1,1,1377699993.2012,36.660725,126.342041,48.5
1,1,1377699993.41141,36.660725,126.34204,48.7
1,1,1377699993.61141,36.660725,126.34204,48.9
1,1,1377699993.81129,36.660724,126.342039,49
1,1,1377699994.01127,36.660724,126.342039,49.1
1,1,1377699994.21146,36.660723,126.342038,49.2
1,1,1377699994.4014,36.660723,126.342038,49.3
1,1,1377699994.60132,36.660723,126.342037,49.4
1,1,1377699994.81135,36.660722,126.342037,49.4
1,1,1377699995.01143,36.660721,126.342037,49.5
1,1,1377699995.21155,36.66072,126.342036,49.5
1,1,1377699995.41159,36.660718,126.342035,49.5
1,1,1377699995.60137,36.660716,126.342033,49.6
1,1,1377699995.80143,36.660715,126.342031,49.6
1,1,1377699996.00149,36.660713,126.342029,49.6
1,1,1377699996.21149,36.660712,126.342027,49.7
1,1,1377699996.41165,36.660711,126.342026,49.7
1,1,1377699996.61159,36.66071,126.342025,49.7
1,1,1377699996.81158,36.660709,126.342025,49.7
1,1,1377699997.00155,36.660709,126.342025,49.8
1,1,1377699997.20162,36.660709,126.342026,49.8
1,1,1377699997.40159,36.66071,126.342028,49.8
1,1,1377699997.60676,36.66071,126.342034,49.8
1,1,1377699997.80667,36.660712,126.342038,49.8
1,1,1377699998.00668,36.660715,126.342043,49.8
1,1,1377699998.20687,36.660719,126.342047,49.9
1,1,1377699998.40675,36.660724,126.342051,49.9
1,1,1377699998.60679,36.660729,126.342054,49.9
1,1,1377699998.80689,36.660735,126.342058,49.9
1,1,1377699999.00694,36.660741,126.34206,50
1,1,1377699999.2068,36.660747,126.342062,50
1,1,1377699999.40697,36.660752,126.342063,50
1,1,1377699999.60682,36.660757,126.342063,50.1
1,1,1377699999.80684,36.660761,126.342063,50.1
1,1,1377700000.00686,36.660765,126.342062,50.1
1,1,1377700000.20704,36.660767,126.34206,50.1
1,1,1377700000.40698,36.660768,126.342057,50.1
1,1,1377700000.60694,36.660769,126.342054,50.1
1,1,1377700000.80695,36.660769,126.34205,50.1
1,1,1377700001.00701,36.660769,126.342045,50.1
1,1,1377700001.207,36.660769,126.342041,50.1
1,1,1377700001.40714,36.66077,126.342037,50.1
1,1,1377700001.60714,36.660771,126.342034,50.1
1,1,1377700001.80726,36.660772,126.342032,50.1
1,1,1377700002.00714,36.660774,126.342031,50.1
1,1,1377700002.2074,36.660776,126.342031,50
1,1,1377700002.40738,36.660779,126.342032,50
1,1,1377700002.60723,36.660782,126.342034,50
1,1,1377700002.80743,36.660785,126.342036,50
1,1,1377700003.00751,36.660788,126.342037,49.9
1,1,1377700003.20763,36.660791,126.34204,49.9
1,1,1377700003.40752,36.660793,126.342042,49.9
1,1,1377700003.60754,36.660796,126.342043,49.9
1,1,1377700003.80761,36.660799,126.342045,49.9
1,1,1377700004.0073,36.660802,126.342047,49.9
1,1,1377700004.20751,36.660805,126.342048,49.9
1,2,1377700004.40749,36.660807,126.342049,49.9
1,2,1377700004.60749,36.660808,126.342049,49.9
1,2,1377700004.80743,36.660809,126.34205,49.9
1,2,1377700005.00754,36.660809,126.34205,49.9
1,2,1377700005.2074,36.660809,126.342049,49.9
1,2,1377700005.40763,36.660809,126.342049,49.9
1,2,1377700005.60744,36.660809,126.342048,49.9
1,2,1377700005.8075,36.660809,126.342047,49.9
1,2,1377700006.00751,36.660809,126.342047,49.9
1,2,1377700006.20752,36.660808,126.342046,49.9
1,2,1377700006.40775,36.660808,126.342046,49.9
1,2,1377700006.60772,36.660808,126.342045,49.9
1,2,1377700006.80756,36.660807,126.342045,49.9
1,2,1377700007.00775,36.660807,126.342045,49.9
1,2,1377700007.20763,36.660807,126.342044,49.9
1,2,1377700007.40785,36.660806,126.342045,49.9
1,2,1377700007.60764,36.660807,126.342046,50
1,2,1377700007.80795,36.660807,126.342049,50
1,2,1377700008.00771,36.660809,126.342054,50.1
1,2,1377700008.20773,36.66081,126.342062,50.2
1,2,1377700008.40773,36.660813,126.342071,50.3
1,2,1377700008.60779,36.660816,126.342082,50.3
1,2,1377700008.80776,36.66082,126.342094,50.4
1,2,1377700009.008,36.660825,126.342109,50.5
1,2,1377700009.20786,36.66083,126.342125,50.6
1,2,1377700009.408,36.660837,126.342143,50.7
1,2,1377700009.60781,36.660844,126.342162,50.7
1,2,1377700009.80808,36.660852,126.342183,50.7
1,2,1377700010.00805,36.660862,126.342205,50.6
1,2,1377700010.20786,36.660872,126.342229,50.6
1,2,1377700010.40792,36.660884,126.342254,50.5
1,2,1377700010.60831,36.660896,126.34228,50.5
1,2,1377700010.80814,36.660909,126.342308,50.5
1,2,1377700011.00816,36.660923,126.342337,50.6
1,2,1377700011.2083,36.660938,126.342367,50.7
1,2,1377700011.40796,36.660953,126.342399,50.8
1,2,1377700011.60804,36.660968,126.342432,50.9
1,2,1377700011.80807,36.660984,126.342465,51.1
1,2,1377700012.00826,36.661001,126.3425,51.3
1,2,1377700012.20806,36.661017,126.342536,51.5
1,2,1377700012.40819,36.661034,126.342572,51.8
1,2,1377700012.60827,36.661051,126.342608,52.1
1,2,1377700012.80822,36.661067,126.342644,52.4
1,2,1377700013.00824,36.661082,126.34268,52.5
1,2,1377700013.2083,36.661097,126.342718,52.7
1,2,1377700013.40816,36.661108,126.342758,52.9
1,2,1377700013.60837,36.661115,126.342799,53.2
1,2,1377700013.80815,36.661118,126.342841,53.5
1,2,1377700014.00818,36.661119,126.342883,53.8
1,2,1377700014.20821,36.661118,126.342925,54
1,2,1377700014.40821,36.661116,126.342966,54
1,2,1377700014.6084,36.661114,126.343007,53.9
1,2,1377700014.80842,36.661111,126.343049,53.6
1,2,1377700015.00844,36.661109,126.34309,53.3
1,2,1377700015.20836,36.661108,126.343132,52.9
1,2,1377700015.40832,36.661107,126.343175,52.4
1,2,1377700015.60847,36.661108,126.343217,52
1,2,1377700015.80836,36.66111,126.343259,51.7
1,2,1377700016.00843,36.661113,126.343302,51.3
1,2,1377700016.20872,36.661117,126.343346,51
1,2,1377700016.40842,36.661123,126.343389,50.7
1,2,1377700016.60862,36.661129,126.343432,50.5
1,2,1377700016.80883,36.661136,126.343475,50.2
1,2,1377700017.00863,36.661143,126.343519,50
1,2,1377700017.2085,36.661151,126.343563,49.8
1,2,1377700017.40883,36.661159,126.343607,49.6
1,2,1377700017.60875,36.661168,126.34365,49.4
1,2,1377700017.80878,36.661177,126.343694,49.3
1,3,1377700018.00858,36.661186,126.343738,49.2
1,3,1377700018.20878,36.661195,126.343782,49.1
1,3,1377700018.40882,36.661205,126.343826,49.1
1,3,1377700018.60882,36.661214,126.34387,49
1,3,1377700018.80883,36.661223,126.343914,49
1,3,1377700019.00884,36.661233,126.343958,49.1
1,3,1377700019.20894,36.661243,126.344001,49
1,3,1377700019.40875,36.661255,126.344044,48.9
1,3,1377700019.60894,36.66127,126.344085,48.8
1,3,1377700019.80876,36.661289,126.344122,48.7
1,3,1377700020.00883,36.661313,126.344155,48.7
1,3,1377700020.20892,36.66134,126.344182,48.8
1,3,1377700020.40898,36.66137,126.344203,49.1
1,3,1377700020.60897,36.661403,126.344215,49.4
1,3,1377700020.80886,36.661437,126.344221,49.8
1,3,1377700021.00888,36.661472,126.344218,50.2
1,3,1377700021.20923,36.661505,126.344208,50.6
1,3,1377700021.40907,36.661536,126.344191,51
1,3,1377700021.60899,36.661565,126.344169,51.4
1,3,1377700021.80933,36.66159,126.34414,51.8
1,3,1377700022.00898,36.66161,126.344106,52.2
1,3,1377700022.20903,36.661626,126.344068,52.5
1,3,1377700022.40916,36.661636,126.344027,52.9
1,3,1377700022.60922,36.661641,126.343984,53.1
1,3,1377700022.80921,36.661641,126.34394,53.3
1,3,1377700023.00922,36.661635,126.343897,53.4
1,3,1377700023.20915,36.661626,126.343854,53.4
1,3,1377700023.40919,36.661614,126.343811,53.2
1,3,1377700023.60944,36.6616,126.343769,52.8
1,3,1377700023.8093,36.661586,126.343727,52.3
1,3,1377700024.00938,36.661571,126.343685,51.7
1,3,1377700024.20919,36.661558,126.343643,51.1
1,3,1377700024.40922,36.661546,126.343599,50.6
1,3,1377700024.6094,36.661536,126.343555,50.1
1,3,1377700024.80942,36.66153,126.343509,49.8
1,3,1377700025.00938,36.661526,126.343463,49.4
1,3,1377700025.20947,36.661525,126.343417,49.2
1,3,1377700025.40932,36.661527,126.34337,48.9
1,3,1377700025.60947,36.661531,126.343325,48.8
1,3,1377700025.80938,36.661537,126.343279,48.6
1,3,1377700026.00939,36.661546,126.343234,48.5
1,3,1377700026.20939,36.661557,126.34319,48.5
1,3,1377700026.40957,36.661569,126.343148,48.5
1,3,1377700026.6096,36.661584,126.343106,48.4
1,3,1377700026.80964,36.6616,126.343064,48.4
1,3,1377700027.00961,36.661618,126.343023,48.4
1,3,1377700027.20964,36.661637,126.342984,48.3
1,3,1377700027.40984,36.661657,126.342946,48.2
1,3,1377700027.60957,36.661678,126.342908,48.1
1,3,1377700027.80954,36.661699,126.342871,48
1,3,1377700028.00972,36.661722,126.342836,47.9
1,3,1377700028.20975,36.661744,126.342801,47.9
1,3,1377700028.40965,36.661767,126.342766,47.8
1,3,1377700028.60994,36.66179,126.342732,47.7
1,3,1377700028.80979,36.661813,126.342698,47.7
1,3,1377700029.00981,36.661836,126.342665,47.7
1,3,1377700029.20985,36.661859,126.342632,47.7
1,3,1377700029.40984,36.661882,126.342598,47.6
1,3,1377700029.60988,36.661905,126.342566,47.6
1,3,1377700029.8099,36.661928,126.342533,47.5
1,3,1377700030.00977,36.661951,126.3425,47.5
1,3,1377700030.20982,36.661973,126.342468,47.5
1,3,1377700030.40978,36.661996,126.342435,47.5
1,3,1377700030.61,36.662018,126.342402,47.5
1,3,1377700030.80983,36.66204,126.34237,47.5
1,3,1377700031.00985,36.662062,126.342337,47.5
1,3,1377700031.21008,36.662084,126.342304,47.4
1,3,1377700031.41002,36.662106,126.342271,47.4
1,3,1377700031.61006,36.662128,126.342238,47.3
1,3,1377700031.81008,36.66215,126.342205,47.3
1,3,1377700032.00996,36.662172,126.342172,47.3
1,3,1377700032.2101,36.662194,126.342139,47.2
1,3,1377700032.41013,36.662216,126.342106,47.2
1,3,1377700032.61018,36.662237,126.342073,47.3
1,3,1377700032.81005,36.662259,126.342039,47.2
1,3,1377700033.01018,36.662281,126.342006,47.2
1,3,1377700033.21026,36.662303,126.341972,47.2
1,3,1377700033.41024,36.662325,126.341939,47.2
1,3,1377700033.61043,36.662347,126.341906,47.2
1,3,1377700033.8103,36.662369,126.341872,47.2
1,3,1377700034.01013,36.662391,126.341839,47.3
1,3,1377700034.21035,36.662413,126.341807,47.3
1,3,1377700034.4103,36.662435,126.341775,47.4
1,3,1377700034.61031,36.662457,126.341743,47.4
1,3,1377700034.81039,36.66248,126.341713,47.5
1,3,1377700035.01022,36.662503,126.341682,47.5
1,3,1377700035.20024,36.662525,126.341654,47.6
1,4,1377700035.41031,36.66255,126.341622,47.6
1,4,1377700035.61042,36.662573,126.341593,47.7
1,4,1377700035.81047,36.662597,126.341564,47.7
1,4,1377700036.0103,36.662621,126.341535,47.8
1,4,1377700036.21033,36.662645,126.341507,47.8
1,4,1377700036.41035,36.662669,126.341479,47.8
1,4,1377700036.60041,36.662692,126.341452,47.7
1,4,1377700036.8104,36.662717,126.341423,47.7
1,4,1377700037.0106,36.662742,126.341395,47.7
1,4,1377700037.2106,36.662767,126.341367,47.7
1,4,1377700037.41044,36.662791,126.341339,47.8
1,4,1377700037.61063,36.662816,126.341311,47.8
1,4,1377700037.8107,36.66284,126.341283,47.9
1,4,1377700038.00049,36.662864,126.341256,48
1,4,1377700038.21068,36.66289,126.341227,48.1
1,4,1377700038.41069,36.662914,126.341199,48.2
1,4,1377700038.61074,36.662939,126.341171,48.2
1,4,1377700038.81072,36.662963,126.341143,48.3
1,4,1377700039.01074,36.662987,126.341115,48.3
1,4,1377700039.21081,36.663012,126.341087,48.4
1,4,1377700039.40064,36.663035,126.34106,48.3
1,4,1377700039.61077,36.66306,126.341031,48.3
1,4,1377700039.81094,36.663085,126.341003,48.2
1,4,1377700040.01068,36.663109,126.340975,48.2
1,4,1377700040.21094,36.663133,126.340947,48.1
1,4,1377700040.41094,36.663157,126.340919,48.1
1,4,1377700040.61082,36.663181,126.340891,48.2
1,4,1377700040.80076,36.663204,126.340865,48.2
1,4,1377700041.01088,36.66323,126.340836,48.3
1,4,1377700041.21097,36.663254,126.340808,48.4
1,4,1377700041.41098,36.663278,126.34078,48.3
1,4,1377700041.61102,36.663303,126.340752,48.4
1,4,1377700041.81107,36.663327,126.340724,48.4
1,4,1377700042.01085,36.663351,126.340696,48.5
1,4,1377700042.20093,36.663374,126.34067,48.5
1,4,1377700042.41106,36.6634,126.340641,48.5
1,4,1377700042.61105,36.663424,126.340614,48.6
1,4,1377700042.81111,36.663448,126.340587,48.7
1,4,1377700043.01097,36.663472,126.340559,48.7
1,4,1377700043.21099,36.663496,126.340532,48.7
1,4,1377700043.40108,36.663519,126.340506,48.8
1,4,1377700043.60109,36.663543,126.340478,48.8
1,4,1377700043.81131,36.663568,126.340449,48.8
1,4,1377700044.01102,36.663592,126.340422,48.9
1,4,1377700044.21106,36.663616,126.340395,48.9
1,4,1377700044.41129,36.66364,126.340368,48.9
1,4,1377700044.61131,36.663664,126.340341,48.9
1,4,1377700044.80129,36.663687,126.340316,48.9
1,4,1377700045.00127,36.663712,126.340291,48.9
1,4,1377700045.21132,36.663739,126.340266,49
1,4,1377700045.41157,36.663767,126.340246,49.1
1,4,1377700045.61138,36.663796,126.340231,49.2
1,4,1377700045.81128,36.663826,126.340221,49.4
1,4,1377700046.01143,36.663858,126.340218,49.7
1,4,1377700046.20129,36.663887,126.340221,50.1
1,4,1377700046.40129,36.663918,126.340228,50.5
1,4,1377700046.6115,36.66395,126.340239,50.8
1,4,1377700046.81138,36.663979,126.340252,51
1,4,1377700047.01145,36.664008,126.340269,51.1
1,4,1377700047.21176,36.664035,126.340289,51.2
1,4,1377700047.40137,36.66406,126.34031,51.2
1,4,1377700047.60142,36.664086,126.340333,51.1
1,4,1377700047.80162,36.664111,126.340359,50.9
1,4,1377700048.01143,36.664136,126.340387,50.8
1,4,1377700048.21148,36.664159,126.340414,50.6
1,4,1377700048.41159,36.664181,126.340443,50.4
1,4,1377700048.61154,36.664203,126.340472,50.3
1,4,1377700048.80154,36.664224,126.340499,50.1
1,4,1377700049.00165,36.664245,126.340529,49.9
1,4,1377700049.20155,36.664264,126.340559,49.6
1,4,1377700049.40154,36.664283,126.340589,49.2
1,4,1377700049.61174,36.6643,126.340623,48.7
1,4,1377700049.81174,36.664314,126.340659,48.3
1,4,1377700050.01163,36.664323,126.340696,48
1,4,1377700050.20163,36.664328,126.340734,47.8
1,4,1377700050.4016,36.664328,126.340774,47.8
1,4,1377700050.60163,36.664323,126.340815,47.9
1,4,1377700050.81186,36.664312,126.340858,47.9
1,4,1377700051.0117,36.664297,126.340897,48
1,4,1377700051.21173,36.664278,126.340933,48.1
1,4,1377700051.41175,36.664255,126.340966,48.2
1,4,1377700051.60196,36.66423,126.340995,48.2
1,4,1377700051.80181,36.664202,126.341022,48.1
1,4,1377700052.00175,36.664172,126.341044,48
1,4,1377700052.21199,36.664139,126.341063,47.8
1,4,1377700052.41181,36.664106,126.341076,47.5
1,4,1377700052.61201,36.664074,126.341085,47.3
1,4,1377700052.80178,36.664043,126.341091,46.9
1,4,1377700053.00202,36.664011,126.341095,46.5
1,4,1377700053.20211,36.663978,126.341097,46
1,4,1377700053.40202,36.663946,126.341098,45.4
1,4,1377700053.61188,36.663913,126.341097,44.8
1,4,1377700053.8121,36.663882,126.341097,44.2
1,4,1377700054.01216,36.663851,126.341097,43.5
1,4,1377700054.20194,36.663822,126.341098,42.8
1,4,1377700054.40197,36.663792,126.3411,42.2
1,4,1377700054.6021,36.663761,126.341103,41.5
1,4,1377700054.80195,36.663731,126.341107,40.9
1,4,1377700055.01221,36.6637,126.341113,40.2
1,4,1377700055.21223,36.66367,126.341119,39.6
1,4,1377700055.412,36.663641,126.341127,38.9
1,4,1377700055.60202,36.663614,126.341136,38.3
1,4,1377700055.8022,36.663585,126.341145,37.7
1,4,1377700056.00205,36.663557,126.341155,37.1
1,4,1377700056.20206,36.663529,126.341167,36.5
1,4,1377700056.41211,36.6635,126.341179,35.9
1,4,1377700056.61229,36.663472,126.341191,35.4
1,4,1377700056.81228,36.663445,126.341203,34.8
1,4,1377700057.00213,36.663419,126.341216,34.2
1,4,1377700057.20215,36.663392,126.341229,33.5
1,4,1377700057.40224,36.663365,126.341242,32.9
1,4,1377700057.60218,36.663339,126.341256,32.3
1,4,1377700057.81257,36.663311,126.34127,31.6
1,4,1377700058.01221,36.663284,126.341284,31
1,4,1377700058.20228,36.663259,126.341298,30.5
1,4,1377700058.40226,36.663233,126.341311,29.9
1,4,1377700058.60227,36.663207,126.341325,29.3
1,4,1377700058.80244,36.663181,126.341339,28.7
1,4,1377700059.00234,36.663154,126.341353,28.1
1,4,1377700059.21249,36.663127,126.341367,27.5
1,4,1377700059.41235,36.6631,126.34138,26.9
1,4,1377700059.60235,36.663075,126.341393,26.4
1,4,1377700059.80243,36.663049,126.341406,25.8
1,4,1377700060.00238,36.663022,126.341419,25.2
1,4,1377700060.20264,36.662996,126.341433,24.7
1,4,1377700060.40244,36.66297,126.341446,24.1
1,4,1377700060.61257,36.662943,126.341459,23.6
1,4,1377700060.81259,36.662918,126.341472,23
1,4,1377700061.00248,36.662893,126.341484,22.5
1,4,1377700061.20247,36.662868,126.341496,21.9
1,4,1377700061.4027,36.662842,126.341509,21.4
1,4,1377700061.60254,36.662816,126.34152,20.8
1,4,1377700061.80253,36.66279,126.34153,20.2
1,4,1377700062.0126,36.662762,126.341538,19.6
1,4,1377700062.2126,36.662735,126.341544,19
1,4,1377700062.4028,36.662709,126.341547,18.5
1,4,1377700062.60274,36.662682,126.341549,18
1,4,1377700062.80279,36.662654,126.34155,17.5
1,4,1377700063.00262,36.662627,126.341549,17
1,4,1377700063.20267,36.662599,126.341548,16.5
1,4,1377700063.41293,36.66257,126.341547,16
1,4,1377700063.61287,36.662543,126.341547,15.6
1,4,1377700063.80271,36.662517,126.34155,15.1
1,4,1377700064.00289,36.66249,126.341555,14.5
1,4,1377700064.20275,36.662464,126.341565,13.9
1,4,1377700064.40274,36.662438,126.341578,13.4
1,4,1377700064.60274,36.662413,126.341594,12.9
1,4,1377700064.81292,36.662387,126.341614,12.3
1,4,1377700065.00277,36.662365,126.341634,11.9
1,4,1377700065.20297,36.662341,126.341656,11.6
0,4,1377700065.40281,36.662317,126.341679,11.4
0,4,1377700065.6029,36.662293,126.341702,11.3
0,4,1377700065.803,36.662269,126.341725,11.1
0,4,1377700066.00286,36.662244,126.341748,10.9
0,4,1377700066.21296,36.662217,126.341771,10.8
0,4,1377700066.40308,36.662191,126.341791,10.6
0,4,1377700066.6029,36.662163,126.341811,10.5
0,4,1377700066.80307,36.662135,126.34183,10.5
0,4,1377700067.00307,36.662106,126.341847,10.6
0,4,1377700067.20299,36.662076,126.341864,10.7
0,4,1377700067.40304,36.662046,126.34188,10.9
0,4,1377700067.61314,36.662014,126.341896,11
0,4,1377700067.80325,36.661986,126.341911,11.1
0,4,1377700068.00304,36.661955,126.341926,11.3
0,4,1377700068.20309,36.661925,126.341941,11.4
0,4,1377700068.40321,36.661896,126.341956,11.6
0,4,1377700068.60312,36.661866,126.34197,11.7
0,4,1377700068.8031,36.661836,126.341984,11.9
0,4,1377700069.01311,36.661805,126.341999,12
0,4,1377700069.20311,36.661778,126.342012,11.9
0,4,1377700069.40328,36.661749,126.342027,11.8
0,4,1377700069.60314,36.66172,126.342041,11.7
0,4,1377700069.80319,36.661691,126.342055,11.6
0,4,1377700070.0032,36.661663,126.34207,11.5
0,4,1377700070.20319,36.661635,126.342084,11.4
0,4,1377700070.40341,36.661607,126.342099,11.3
0,4,1377700070.60329,36.661578,126.342113,11.2
0,4,1377700070.80324,36.66155,126.342128,11.1
0,4,1377700071.00325,36.661521,126.342144,11
0,5,1377700071.20331,36.661493,126.342159,10.8
0,5,1377700071.40327,36.661465,126.342174,10.7
0,5,1377700071.60333,36.661436,126.34219,10.7
0,5,1377700071.80332,36.661407,126.342206,10.6
0,5,1377700072.00339,36.661378,126.342221,10.6
0,5,1377700072.20334,36.661349,126.342237,10.6
0,5,1377700072.40342,36.66132,126.342253,10.6
0,5,1377700072.60342,36.661291,126.342269,10.7
0,5,1377700072.80339,36.661261,126.342285,10.9
0,5,1377700073.00356,36.661232,126.342301,11.1
0,5,1377700073.20366,36.661203,126.342317,11.2
0,5,1377700073.40346,36.661174,126.342333,11.3
0,5,1377700073.60363,36.661145,126.34235,11.4
0,5,1377700073.80367,36.661116,126.342366,11.5
0,5,1377700074.00348,36.661088,126.342382,11.5
0,5,1377700074.20371,36.661059,126.342398,11.7
0,5,1377700074.40367,36.661031,126.342414,11.8
0,5,1377700074.60353,36.661003,126.34243,11.9
0,5,1377700074.80354,36.660975,126.342446,12.1
0,5,1377700075.00359,36.660948,126.342461,12.3
0,5,1377700075.20361,36.66092,126.342476,12.3
0,5,1377700075.40358,36.660893,126.342491,12.4
0,5,1377700075.60378,36.660865,126.342506,12.3
0,5,1377700075.80366,36.660838,126.342521,12.3
0,5,1377700076.00364,36.660811,126.342536,12.3
0,5,1377700076.20386,36.660785,126.342551,12.2
0,5,1377700076.40366,36.660758,126.342566,12.2
0,5,1377700076.60369,36.660731,126.34258,12.1
0,5,1377700076.8037,36.660705,126.342594,11.9
0,5,1377700077.00381,36.660679,126.342609,11.8
0,5,1377700077.20373,36.660652,126.342624,11.6
0,5,1377700077.40392,36.660625,126.342638,11.4
0,5,1377700077.60379,36.660599,126.342653,11.2
0,5,1377700077.80401,36.660573,126.342668,11
0,5,1377700078.00383,36.660546,126.342684,10.9
0,5,1377700078.20407,36.660519,126.342699,10.7
0,5,1377700078.404,36.660492,126.342715,10.6
0,5,1377700078.60386,36.660464,126.34273,10.4
0,5,1377700078.8039,36.660436,126.342746,10.3
0,5,1377700079.00398,36.660408,126.342761,10.2
1,5,1377700079.20388,36.66038,126.342777,10.1
1,5,1377700079.40396,36.660351,126.342793,10.2
1,5,1377700079.60413,36.660322,126.342809,10.3
1,5,1377700079.80409,36.660293,126.342826,10.6
1,5,1377700080.00399,36.660263,126.342842,10.8
1,5,1377700080.20413,36.660233,126.342859,11
1,5,1377700080.40413,36.660203,126.342876,11.2
1,5,1377700080.60405,36.660172,126.342894,11.4
1,5,1377700080.80418,36.660143,126.342913,11.6
1,6,1377700081.00421,36.660113,126.342933,11.7
1,6,1377700081.20424,36.660084,126.342955,12
1,6,1377700081.40408,36.660056,126.34298,12.4
1,6,1377700081.60417,36.660028,126.343006,12.7
1,6,1377700081.80408,36.660002,126.343035,13.2
1,6,1377700082.0041,36.659976,126.343065,13.7
1,6,1377700082.20417,36.659952,126.343096,14.3
1,6,1377700082.40429,36.659928,126.34313,14.8
1,6,1377700082.6043,36.659906,126.343165,15.3
1,6,1377700082.8044,36.659885,126.343202,15.9
1,6,1377700083.00434,36.659865,126.34324,16.5
1,6,1377700083.20424,36.659847,126.343279,17
1,6,1377700083.40437,36.659831,126.343319,17.6
1,6,1377700083.60422,36.659817,126.343361,18.1
1,6,1377700083.80424,36.659805,126.343403,18.8
1,6,1377700084.00425,36.659795,126.343446,19.6
1,6,1377700084.20431,36.659786,126.343489,20.4
1,6,1377700084.40443,36.65978,126.343533,21.1
1,6,1377700084.60431,36.659774,126.343577,21.8
1,6,1377700084.80451,36.659771,126.343621,22.3
1,6,1377700085.00452,36.659769,126.343665,22.9
1,6,1377700085.2045,36.659769,126.34371,23.5
1,6,1377700085.40452,36.659772,126.343753,24
1,6,1377700085.60466,36.659776,126.343796,24.5
1,6,1377700085.80458,36.659783,126.343838,25.1
1,6,1377700086.00446,36.659792,126.343879,25.7
1,6,1377700086.20475,36.659802,126.34392,26.3
1,6,1377700086.40444,36.659814,126.34396,26.8
1,6,1377700086.60445,36.659827,126.343999,27.3
1,6,1377700086.80449,36.659842,126.344038,27.7
1,6,1377700087.00449,36.659858,126.344076,28.2
1,6,1377700087.2045,36.659875,126.344113,28.6
1,6,1377700087.40465,36.659894,126.344148,29.1
1,6,1377700087.60473,36.659915,126.344182,29.6
1,6,1377700087.80455,36.659937,126.344214,30
1,6,1377700088.00455,36.659961,126.344245,30.5
1,6,1377700088.20474,36.659985,126.344275,30.9
1,6,1377700088.40463,36.660011,126.344302,31.3
1,6,1377700088.6046,36.660038,126.344328,31.8
1,6,1377700088.80461,36.660065,126.344352,32.3
1,6,1377700089.00463,36.660094,126.344375,32.8
1,6,1377700089.20485,36.660123,126.344395,33.3
1,6,1377700089.4049,36.660154,126.344415,33.7
1,6,1377700089.60485,36.660185,126.344432,34.2
1,6,1377700089.80494,36.660217,126.344447,34.6
1,6,1377700090.00491,36.660249,126.34446,35
1,6,1377700090.20491,36.660282,126.344471,35.5
1,6,1377700090.40478,36.660315,126.344479,36
1,6,1377700090.60494,36.660348,126.344485,36.6
1,6,1377700090.80485,36.660381,126.344489,37.2
1,6,1377700091.00504,36.660414,126.344491,37.8
1,6,1377700091.20503,36.660448,126.344492,38.3
1,6,1377700091.40512,36.660481,126.344491,38.8
1,6,1377700091.60509,36.660514,126.344487,39.3
1,6,1377700091.80538,36.660547,126.344482,39.9
1,6,1377700092.00507,36.66058,126.344475,40.4
1,6,1377700092.205,36.660613,126.344466,41
1,6,1377700092.40533,36.660645,126.344455,41.5
1,6,1377700092.60509,36.660676,126.344443,42
1,6,1377700092.80525,36.660707,126.344427,42.5
1,6,1377700093.00519,36.660737,126.34441,43
1,6,1377700093.20514,36.660766,126.344391,43.5
1,6,1377700093.40522,36.660794,126.34437,44
1,6,1377700093.60515,36.660822,126.344347,44.4
1,6,1377700093.80528,36.660849,126.344324,44.8
1,6,1377700094.00509,36.660875,126.344298,45.2
1,6,1377700094.20528,36.6609,126.344271,45.6
1,6,1377700094.40525,36.660924,126.344242,45.9
1,6,1377700094.60527,36.660946,126.344213,46.2
1,6,1377700094.80529,36.660968,126.344181,46.4
1,6,1377700095.00528,36.660989,126.344148,46.6
1,6,1377700095.20518,36.661007,126.344115,46.8
1,6,1377700095.40531,36.661025,126.344079,46.9
1,6,1377700095.60532,36.661041,126.344043,46.9
1,6,1377700095.80525,36.661055,126.344005,47
1,6,1377700096.0052,36.661068,126.343967,47.1
1,6,1377700096.20542,36.66108,126.343928,47.2
1,6,1377700096.40525,36.66109,126.343887,47.2
1,6,1377700096.60547,36.661098,126.343847,47.2
1,6,1377700096.80542,36.661105,126.343804,47.3
1,6,1377700097.00545,36.66111,126.343762,47.3
1,6,1377700097.20531,36.661113,126.34372,47.3
1,6,1377700097.40545,36.661114,126.343677,47.4
1,6,1377700097.60544,36.661114,126.343633,47.4
1,6,1377700097.8053,36.661111,126.34359,47.4
1,6,1377700098.00553,36.661107,126.343547,47.5
1,6,1377700098.2054,36.661102,126.343504,47.6
1,6,1377700098.40549,36.661094,126.343462,47.7
1,6,1377700098.60558,36.661085,126.343419,47.8
1,6,1377700098.80541,36.661073,126.343377,47.9
1,6,1377700099.0054,36.661061,126.343336,48
1,6,1377700099.20547,36.661046,126.343296,48.1
1,6,1377700099.4055,36.66103,126.343257,48.1
1,6,1377700099.60565,36.661011,126.343218,48.1
1,6,1377700099.80547,36.660992,126.343181,48.1
1,6,1377700100.00568,36.660971,126.343144,48.1
1,6,1377700100.20549,36.660947,126.34311,48.1
1,6,1377700100.40551,36.660922,126.343076,48.1
1,6,1377700100.6055,36.660896,126.343045,48.2
1,6,1377700100.80556,36.660868,126.343015,48.2
1,6,1377700101.00554,36.660839,126.342987,48.1
1,6,1377700101.20563,36.660808,126.342961,48.1
1,6,1377700101.40579,36.660776,126.342937,48.2
1,6,1377700101.60574,36.660743,126.342915,48.2
1,6,1377700101.80577,36.660708,126.342896,48.3
1,6,1377700102.00559,36.660673,126.342879,48.3
1,6,1377700102.20582,36.660637,126.342865,48.4
1,6,1377700102.40596,36.6606,126.342853,48.4
1,6,1377700102.60583,36.660563,126.342843,48.4
1,6,1377700102.80583,36.660525,126.342836,48.5
1,6,1377700103.00583,36.660487,126.342832,48.7
1,6,1377700103.20582,36.660448,126.342832,48.9
1,6,1377700103.40569,36.66041,126.342834,49.1
1,6,1377700103.606,36.660373,126.342838,49.4
1,6,1377700103.80593,36.660335,126.342845,49.5
1,6,1377700104.00575,36.660297,126.342853,49.6
1,6,1377700104.20589,36.660261,126.342865,49.7
1,6,1377700104.40591,36.660225,126.342879,49.9
1,6,1377700104.60592,36.66019,126.342895,49.9
1,6,1377700104.80601,36.660155,126.342913,49.9
1,0,1377700105.00596,36.660122,126.342934,49.9
1,0,1377700105.20583,36.66009,126.342957,50
1,0,1377700105.40608,36.660059,126.342983,50
1,0,1377700105.60587,36.66003,126.343011,50.1
1,0,1377700105.80608,36.660002,126.34304,50.2
1,0,1377700106.00591,36.659976,126.343072,50.2
1,0,1377700106.20606,36.659952,126.343106,50.3
1,0,1377700106.40611,36.659929,126.343141,50.5
1,0,1377700106.60601,36.659907,126.343177,50.5
1,0,1377700106.80594,36.659886,126.343214,50.7
1,0,1377700107.00613,36.659867,126.343252,50.8
1,0,1377700107.20615,36.659849,126.34329,50.8
1,0,1377700107.40618,36.659834,126.34333,50.7
1,0,1377700107.60615,36.65982,126.343371,50.6
1,0,1377700107.80617,36.659809,126.343412,50.5
1,0,1377700108.00604,36.659799,126.343454,50.5
1,0,1377700108.20605,36.659791,126.343496,50.4
1,0,1377700108.40624,36.659786,126.343538,50.3
1,0,1377700108.6064,36.659782,126.343582,50.2
1,0,1377700108.80608,36.65978,126.343624,50.1
1,0,1377700109.00625,36.65978,126.343667,50
1,0,1377700109.20648,36.659781,126.343709,49.8
1,0,1377700109.40628,36.659783,126.343752,49.7
1,0,1377700109.60628,36.659788,126.343794,49.4
1,0,1377700109.80646,36.659794,126.343835,49.2
1,0,1377700110.00617,36.659802,126.343876,49.1
1,0,1377700110.20625,36.659811,126.343915,49
1,0,1377700110.40652,36.659822,126.343955,48.9
1,0,1377700110.60635,36.659835,126.343993,48.8
1,0,1377700110.80623,36.65985,126.34403,48.6
1,0,1377700111.00646,36.659866,126.344066,48.4
1,0,1377700111.20628,36.659883,126.344101,48.3
1,0,1377700111.40645,36.659901,126.344135,48.2
1,0,1377700111.60647,36.659921,126.344168,48.1
1,0,1377700111.80652,36.659942,126.344199,48
1,0,1377700112.00633,36.659964,126.344229,48
1,0,1377700112.20648,36.659987,126.344258,48
1,0,1377700112.40658,36.660011,126.344285,48
1,0,1377700112.6065,36.660035,126.344311,48.1
1,0,1377700112.80659,36.660061,126.344335,48.1
1,0,1377700113.00638,36.660088,126.344357,48.2
1,0,1377700113.20642,36.660116,126.344377,48.4
1,0,1377700113.40645,36.660144,126.344395,48.7
1,0,1377700113.60657,36.660173,126.344411,48.9
1,0,1377700113.80654,36.660202,126.344427,49
1,0,1377700114.00647,36.660232,126.344441,49.1
1,0,1377700114.20668,36.660263,126.344453,49.1
1,0,1377700114.40662,36.660293,126.344465,49.1
1,0,1377700114.60667,36.660323,126.344474,49.1
1,0,1377700114.80683,36.660354,126.344481,49
1,0,1377700115.00669,36.660385,126.344486,49
1,0,1377700115.2067,36.660416,126.344489,49
1,0,1377700115.40669,36.660447,126.34449,49.1
1,0,1377700115.60662,36.660478,126.34449,49.1
1,0,1377700115.80658,36.66051,126.344487,49.1
1,0,1377700116.00675,36.66054,126.344482,49.1
1,0,1377700116.20676,36.660571,126.344476,49.1
1,0,1377700116.40681,36.660601,126.344468,49.1
1,0,1377700116.60679,36.660632,126.344458,49.1
1,0,1377700116.80665,36.660661,126.344446,49
1,0,1377700117.00671,36.660691,126.344433,49
1,0,1377700117.20667,36.66072,126.344418,49
1,0,1377700117.40681,36.660748,126.344402,49
1,0,1377700117.6067,36.660776,126.344383,49
1,0,1377700117.8069,36.660803,126.344364,49
1,0,1377700118.00675,36.66083,126.344342,48.9
1,0,1377700118.20675,36.660855,126.344319,48.8
1,0,1377700118.40679,36.66088,126.344295,48.7
1,0,1377700118.60676,36.660904,126.344269,48.6
1,0,1377700118.80677,36.660927,126.344241,48.6
1,0,1377700119.00694,36.660948,126.344212,48.5
1,0,1377700119.20703,36.660969,126.344182,48.5
1,0,1377700119.40711,36.660989,126.34415,48.4
1,0,1377700119.60697,36.661007,126.344117,48.4
1,0,1377700119.80688,36.661024,126.344083,48.4
1,0,1377700120.00707,36.66104,126.344048,48.4
1,0,1377700120.20695,36.661054,126.344012,48.4
1,0,1377700120.40708,36.661066,126.343975,48.4
1,0,1377700120.60706,36.661078,126.343937,48.4
1,0,1377700120.80713,36.661087,126.343898,48.4
1,0,1377700121.00723,36.661096,126.343859,48.4
1,0,1377700121.20704,36.661102,126.343819,48.4
1,0,1377700121.40711,36.661108,126.343778,48.5
1,0,1377700121.60729,36.661112,126.343737,48.4
1,0,1377700121.80703,36.661114,126.343696,48.4
1,0,1377700122.00701,36.661114,126.343655,48.4
1,0,1377700122.20718,36.661113,126.343613,48.4
1,0,1377700122.40705,36.66111,126.343571,48.4
1,0,1377700122.60707,36.661105,126.34353,48.5
1,0,1377700122.80721,36.661099,126.343489,48.5
1,0,1377700123.00707,36.661091,126.343448,48.5
1,0,1377700123.20715,36.661081,126.343407,48.6
1,0,1377700123.4071,36.66107,126.343366,48.6
1,0,1377700123.60711,36.661057,126.343327,48.6
1,0,1377700123.80712,36.661042,126.343288,48.6
1,0,1377700124.00728,36.661026,126.343249,48.7
1,0,1377700124.20721,36.661008,126.343212,48.8
1,0,1377700124.40717,36.660988,126.343175,48.8
1,0,1377700124.60718,36.660967,126.34314,48.8
1,0,1377700124.80735,36.660944,126.343106,48.8
1,0,1377700125.00721,36.66092,126.343074,48.8
1,0,1377700125.2073,36.660894,126.343043,48.8
1,0,1377700125.40724,36.660866,126.343013,48.7
1,0,1377700125.60725,36.660838,126.342985,48.7
1,0,1377700125.8073,36.660808,126.342959,48.6
1,0,1377700126.00745,36.660776,126.342935,48.6
1,0,1377700126.20746,36.660743,126.342914,48.6
1,0,1377700126.40735,36.660709,126.342895,48.6
1,0,1377700126.60746,36.660674,126.342878,48.6
1,0,1377700126.80733,36.660639,126.342865,48.7
1,0,1377700127.00755,36.660603,126.342853,48.7
1,0,1377700127.20771,36.660566,126.342844,48.8
1,0,1377700127.40758,36.660531,126.342838,48.9
1,0,1377700127.60759,36.660495,126.342833,49
1,0,1377700127.80779,36.660461,126.342828,49.1
1,0,1377700128.00752,36.660427,126.342824,49.1
1,0,1377700128.20749,36.660394,126.342819,49.2
1,0,1377700128.40768,36.660363,126.342811,49.3
1,0,1377700128.60752,36.660334,126.342801,49.2
1,0,1377700128.80758,36.660307,126.342788,49.2
1,0,1377700129.00767,36.660283,126.342771,49.2
1,0,1377700129.20762,36.660263,126.34275,49.2
1,0,1377700129.40757,36.660246,126.342728,49.2
1,0,1377700129.60765,36.660233,126.342703,49.1
1,0,1377700129.80764,36.660223,126.342678,49.1
1,0,1377700130.00762,36.660218,126.342653,49.1
1,0,1377700130.20763,36.660215,126.342629,49
1,0,1377700130.40764,36.660216,126.342606,48.9
1,0,1377700130.60767,36.660219,126.342584,48.8
1,0,1377700130.80771,36.660223,126.342563,48.8
1,0,1377700131.00766,36.660228,126.342543,48.7
1,0,1377700131.20768,36.660234,126.342524,48.7
1,0,1377700131.40782,36.66024,126.342508,48.9
1,0,1377700131.60776,36.660243,126.342497,48.9
1,0,1377700131.81043,36.660246,126.342488,48.6
1,0,1377700132.00774,36.660248,126.342481,47.9
1,0,1377700132.20793,36.660247,126.342478,47.1
1,0,1377700132.40776,36.660245,126.342475,46.6
1,0,1377700132.6078,36.660246,126.342471,46.1
1,0,1377700132.80782,36.660247,126.342468,45.7
1,0,1377700133.00781,36.660246,126.342468,45.2
1,0,1377700133.20785,36.660244,126.342467,44.4
1,0,1377700133.40823,36.66024,126.342464,43.6
1,0,1377700133.60799,36.660237,126.34246,42.9
1,0,1377700133.808,36.660236,126.342458,42.3
1,0,1377700134.00803,36.660235,126.342458,41.7
1,0,1377700134.20788,36.660233,126.342458,41.2
1,0,1377700134.40807,36.660233,126.342457,40.6
1,0,1377700134.60804,36.660233,126.342454,39.9
1,0,1377700134.80813,36.660234,126.342452,39.4
1,0,1377700135.00808,36.660236,126.342451,38.9
1,0,1377700135.20831,36.660237,126.342452,38.4
1,0,1377700135.40815,36.660239,126.342453,38
1,0,1377700135.60818,36.660241,126.342454,37.5
1,0,1377700135.80814,36.660245,126.342454,37.2
1,0,1377700136.00804,36.660249,126.342454,36.9
1,0,1377700136.20814,36.660252,126.342455,36.8
1,0,1377700136.40819,36.660256,126.342454,36.7
1,0,1377700136.60819,36.660261,126.342453,36.8
1,0,1377700136.8081,36.660267,126.34245,36.9
1,0,1377700137.00805,36.660273,126.342448,37.2
1,0,1377700137.20823,36.66028,126.342445,37.4
1,0,1377700137.40824,36.660286,126.342442,37.8
1,0,1377700137.60824,36.660292,126.342438,38.1
1,0,1377700137.80825,36.660299,126.342434,38.4
1,0,1377700138.00829,36.660305,126.342431,38.8
1,0,1377700138.20814,36.660312,126.342427,39.2
1,0,1377700138.40815,36.660318,126.342424,39.7
1,0,1377700138.6083,36.660325,126.34242,40.1
1,0,1377700138.80834,36.660332,126.342417,40.6
1,0,1377700139.00819,36.660339,126.342414,41.2
1,0,1377700139.20823,36.660346,126.342411,41.7
1,0,1377700139.40824,36.660352,126.342409,42.3
1,0,1377700139.60839,36.660359,126.342406,42.9
1,0,1377700139.8083,36.660366,126.342403,43.4
1,0,1377700140.00831,36.660373,126.342401,44
1,0,1377700140.20852,36.66038,126.342398,44.5
1,0,1377700140.4084,36.660388,126.342396,45.1
1,0,1377700140.60839,36.660395,126.342393,45.6
1,0,1377700140.80857,36.660401,126.34239,46.2
1,0,1377700141.00844,36.660408,126.342387,46.8
1,0,1377700141.20855,36.660414,126.342385,47.3
1,0,1377700141.40867,36.660421,126.342382,47.7
1,0,1377700141.60846,36.660427,126.342379,48
1,0,1377700141.80867,36.660433,126.342377,48.3
1,0,1377700142.00858,36.66044,126.342375,48.5
1,0,1377700142.20854,36.660446,126.342373,48.7
1,0,1377700142.40857,36.660453,126.342371,48.8
1,0,1377700142.60863,36.66046,126.342369,49
1,0,1377700142.80867,36.660466,126.342367,49.1
1,0,1377700143.00863,36.660473,126.342365,49.1
1,0,1377700143.20854,36.660479,126.342363,49.2
1,0,1377700143.40852,36.660486,126.342361,49.2
1,0,1377700143.60858,36.660493,126.342359,49.3
1,0,1377700143.80855,36.660499,126.342356,49.3
1,0,1377700144.0086,36.660506,126.342354,49.4
1,0,1377700144.20871,36.660513,126.342352,49.4
1,0,1377700144.40868,36.660519,126.342349,49.5
1,0,1377700144.6086,36.660526,126.342347,49.5
1,0,1377700144.8088,36.660533,126.342344,49.5
1,0,1377700145.0088,36.660539,126.342341,49.5
1,0,1377700145.20871,36.660546,126.342338,49.5
1,0,1377700145.40865,36.660553,126.342336,49.5
1,0,1377700145.60872,36.66056,126.342333,49.5
1,0,1377700145.80875,36.660567,126.34233,49.5
1,0,1377700146.00869,36.660574,126.342327,49.6
1,0,1377700146.20871,36.660581,126.342324,49.6
1,0,1377700146.40884,36.660588,126.342321,49.6
1,0,1377700146.60874,36.660595,126.342318,49.6
1,0,1377700146.80878,36.660602,126.342316,49.6
1,0,1377700147.00886,36.660609,126.342313,49.6
1,0,1377700147.20879,36.660616,126.34231,49.6
1,0,1377700147.40899,36.660623,126.342307,49.6
1,0,1377700147.60887,36.66063,126.342304,49.6
1,0,1377700147.80882,36.660637,126.342302,49.6
1,0,1377700148.00897,36.660644,126.342299,49.6
1,0,1377700148.20886,36.660651,126.342296,49.7
1,0,1377700148.40903,36.660658,126.342293,49.7
1,0,1377700148.60889,36.660665,126.342291,49.7
1,0,1377700148.8089,36.660672,126.342288,49.7
1,0,1377700149.00896,36.660678,126.342286,49.7
1,0,1377700149.20894,36.660685,126.342283,49.7
1,0,1377700149.40906,36.660692,126.34228,49.7
1,0,1377700149.6091,36.660699,126.342277,49.8
1,0,1377700149.80893,36.660706,126.342275,49.8
1,0,1377700150.00894,36.660712,126.342272,49.8
1,0,1377700150.20899,36.660718,126.34227,49.9
1,0,1377700150.40897,36.660724,126.342268,49.9
1,0,1377700150.60901,36.660729,126.342266,49.9
1,0,1377700150.809,36.660734,126.342264,49.9
1,0,1377700151.00908,36.660738,126.342262,50
1,0,1377700151.20903,36.660741,126.342261,50
1,0,1377700151.40922,36.660745,126.342259,50
1,0,1377700151.60906,36.660748,126.342258,50
1,0,1377700151.80908,36.66075,126.342257,50
1,0,1377700152.00929,36.660753,126.342256,50
1,0,1377700152.20908,36.660755,126.342255,49.9
1,0,1377700152.40909,36.660757,126.342253,49.9
1,0,1377700152.60934,36.660759,126.342252,49.9
1,0,1377700152.80915,36.66076,126.342251,49.9
1,0,1377700153.00918,36.660761,126.342249,49.9
1,0,1377700153.20931,36.660761,126.342247,49.9
1,0,1377700153.4092,36.660761,126.342244,49.9
1,0,1377700153.6092,36.66076,126.342241,49.9
1,0,1377700153.80923,36.660759,126.342238,49.9
1,0,1377700154.00936,36.660757,126.342233,49.9
1,0,1377700154.20925,36.660755,126.342227,49.9
1,0,1377700154.4093,36.660753,126.34222,49.9
1,0,1377700154.60947,36.66075,126.342212,49.9
1,0,1377700154.8094,36.660748,126.342204,49.9
1,0,1377700155.00938,36.660746,126.342195,49.9
1,0,1377700155.20929,36.660744,126.342187,50
1,0,1377700155.40931,36.660742,126.34218,50
1,0,1377700155.60935,36.66074,126.342173,50
1,0,1377700155.80937,36.660738,126.342166,50
1,0,1377700156.00938,36.660736,126.34216,50
1,0,1377700156.20938,36.660735,126.342154,50
1,0,1377700156.40941,36.660734,126.342149,50
1,0,1377700156.6094,36.660732,126.342145,50
1,0,1377700156.80955,36.660732,126.34214,50
1,0,1377700157.00946,36.660731,126.342136,50
1,0,1377700157.20944,36.66073,126.342133,49.9
1,0,1377700157.40945,36.66073,126.34213,49.9
1,0,1377700157.60958,36.660729,126.342127,49.9
1,0,1377700157.80948,36.660729,126.342124,49.9
1,0,1377700158.00949,36.660729,126.342122,49.9
1,0,1377700158.20955,36.660729,126.342121,49.9
1,0,1377700158.40952,36.660729,126.342119,49.9
1,0,1377700158.60961,36.660728,126.342117,49.9
1,0,1377700158.8096,36.660728,126.342115,49.9
1,0,1377700159.00959,36.660727,126.342111,49.9
1,0,1377700159.20957,36.660726,126.342107,49.9
1,0,1377700159.40971,36.660725,126.342101,49.9
1,0,1377700159.60961,36.660723,126.342094,49.9
1,0,1377700159.80961,36.660721,126.342086,49.9
1,0,1377700160.00979,36.66072,126.342079,49.9
1,0,1377700160.20972,36.660718,126.342071,49.9
1,0,1377700160.40966,36.660716,126.342063,49.9
1,0,1377700160.60967,36.660714,126.342056,50
1,0,1377700160.80972,36.660713,126.34205,50
1,0,1377700161.00971,36.660711,126.342046,50
1,0,1377700161.20975,36.660709,126.342042,50
1,0,1377700161.40978,36.660708,126.342039,50
1,0,1377700161.60975,36.660707,126.342036,50
1,0,1377700161.80976,36.660706,126.342034,50
1,0,1377700162.00998,36.660706,126.342032,49.9
1,0,1377700162.20985,36.660705,126.342031,49.9
1,0,1377700162.40984,36.660705,126.34203,49.9
1,0,1377700162.60982,36.660705,126.342029,49.9
1,0,1377700162.80987,36.660705,126.342028,49.9
1,0,1377700163.00989,36.660705,126.342028,49.9
1,0,1377700163.20993,36.660705,126.342027,49.9
1,0,1377700163.4099,36.660705,126.342027,49.9
1,0,1377700163.61005,36.660705,126.342027,49.9
1,0,1377700163.81005,36.660705,126.342027,49.9
1,0,1377700164.00993,36.660705,126.342027,49.9
1,0,1377700164.20993,36.660705,126.342027,49.8
1,0,1377700164.4101,36.660705,126.342027,49.6
1,0,1377700164.61002,36.660705,126.342027,49.5
1,0,1377700164.81003,36.660705,126.342027,49.3
1,0,1377700165.01016,36.660705,126.342028,49.1
1,0,1377700165.21002,36.660704,126.342028,49
1,0,1377700165.41005,36.660704,126.342029,48.8
1,0,1377700165.61013,36.660704,126.342029,48.6
1,0,1377700165.81006,36.660704,126.342029,48.5
1,0,1377700166.01023,36.660704,126.34203,48.3
1,0,1377700166.21012,36.660704,126.342029,48.1
1,0,1377700166.41009,36.660704,126.342029,47.9
1,0,1377700166.61016,36.660704,126.342029,47.6
1,0,1377700166.81014,36.660704,126.342029,47.4
1,0,1377700167.01028,36.660704,126.342029,47.2
1,0,1377700167.21016,36.660704,126.342028,47
1,0,1377700167.41039,36.660705,126.342028,46.7
1,0,1377700167.61019,36.660705,126.342028,46.5
1,0,1377700167.8102,36.660705,126.342028,46.3
1,0,1377700168.01022,36.660705,126.342028,46.1
1,0,1377700168.21029,36.660705,126.342027,45.9
1,0,1377700168.41031,36.660706,126.342027,45.7
1,0,1377700168.61024,36.660706,126.342027,45.5
1,0,1377700168.81044,36.660706,126.342027,45.3
1,0,1377700169.0103,36.660706,126.342027,45.1
1,0,1377700169.21034,36.660706,126.342027,44.9
1,0,1377700169.41036,36.660706,126.342027,44.7
1,0,1377700169.60037,36.660706,126.342027,44.5
1,0,1377700169.81036,36.660706,126.342027,44.3
1,0,1377700170.01043,36.660706,126.342027,44.1
1,0,1377700170.21041,36.660705,126.342027,43.9
1,0,1377700170.41041,36.660705,126.342027,43.7
1,0,1377700170.61041,36.660705,126.342027,43.5
1,0,1377700170.81051,36.660705,126.342027,43.3
1,0,1377700171.00044,36.660705,126.342027,43.1
1,0,1377700171.2107,36.660705,126.342027,42.9
1,0,1377700171.41051,36.660705,126.342027,42.7
1,0,1377700171.61053,36.660705,126.342027,42.5
1,0,1377700171.81057,36.660705,126.342027,42.3
1,0,1377700172.01075,36.660705,126.342027,42
1,0,1377700172.21056,36.660705,126.342027,41.8
1,0,1377700172.40087,36.660705,126.342028,41.7
1,0,1377700172.61057,36.660705,126.342028,41.5
1,0,1377700172.81062,36.660705,126.342028,41.3
1,0,1377700173.01064,36.660704,126.342028,41.1
1,0,1377700173.21062,36.660704,126.342028,40.9
1,0,1377700173.41068,36.660704,126.342028,40.7
1,0,1377700173.61067,36.660704,126.342028,40.6
1,0,1377700173.80081,36.660703,126.342028,40.4
1,0,1377700174.01083,36.660703,126.342028,40.2
1,0,1377700174.2107,36.660703,126.342029,40
1,0,1377700174.41073,36.660703,126.342029,39.8
1,0,1377700174.61073,36.660703,126.342029,39.7
1,0,1377700174.81076,36.660703,126.342029,39.5
1,0,1377700175.00097,36.660703,126.342029,39.3
1,0,1377700175.20094,36.660703,126.342029,39.1
1,0,1377700175.41085,36.660703,126.342029,38.9
1,0,1377700175.61083,36.660703,126.342029,38.6
1,0,1377700175.81086,36.660704,126.342029,38.4
1,0,1377700176.01084,36.660704,126.342029,38.2
1,0,1377700176.21093,36.660704,126.342029,38
1,0,1377700176.40106,36.660704,126.342029,37.9
1,0,1377700176.60103,36.660704,126.342029,37.7
1,0,1377700176.81101,36.660704,126.342029,37.5
1,0,1377700177.01094,36.660704,126.342029,37.3
1,0,1377700177.21093,36.660704,126.342029,37.1
1,0,1377700177.41118,36.660704,126.342029,36.9
1,0,1377700177.61113,36.660704,126.342029,36.7
1,0,1377700177.80119,36.660704,126.342029,36.5
1,0,1377700178.001,36.660704,126.342029,36.3
1,0,1377700178.21103,36.660704,126.342029,36.1
1,0,1377700178.41111,36.660704,126.342029,35.8
1,0,1377700178.61109,36.660704,126.342029,35.6
1,0,1377700178.81108,36.660704,126.342029,35.4
1,0,1377700179.0111,36.660704,126.342029,35.2
1,0,1377700179.20129,36.660704,126.342029,35
1,0,1377700179.40126,36.660704,126.342029,34.9
1,0,1377700179.61114,36.660704,126.342029,34.6
1,0,1377700179.81118,36.660704,126.342029,34.4
1,0,1377700180.0113,36.660704,126.342028,34.3
1,0,1377700180.21118,36.660704,126.342028,34.1
1,0,1377700180.41127,36.660703,126.342028,33.9
1,0,1377700180.60139,36.660703,126.342028,33.7
1,0,1377700180.80121,36.660703,126.342027,33.5
1,0,1377700181.01131,36.660704,126.342027,33.3
1,0,1377700181.21125,36.660704,126.342027,33
1,0,1377700181.41134,36.660704,126.342027,32.8
1,0,1377700181.61129,36.660704,126.342027,32.6
1,0,1377700181.81139,36.660705,126.342027,32.4
1,0,1377700182.00132,36.660705,126.342027,32.2
1,0,1377700182.20156,36.660705,126.342027,32
1,0,1377700182.4115,36.660705,126.342027,31.9
1,0,1377700182.61139,36.660705,126.342027,31.7
1,0,1377700182.81141,36.660705,126.342027,31.5
1,0,1377700183.01159,36.660705,126.342027,31.3
1,0,1377700183.2016,36.660706,126.342028,31.1
1,0,1377700183.40159,36.660706,126.342028,30.9
1,0,1377700183.60149,36.660705,126.342028,30.7
1,0,1377700183.81153,36.660705,126.342028,30.5
1,0,1377700184.01153,36.660705,126.342028,30.3
1,0,1377700184.21156,36.660705,126.342028,30.1
1,0,1377700184.41156,36.660705,126.342027,29.9
1,0,1377700184.60154,36.660705,126.342027,29.7
1,0,1377700184.80184,36.660705,126.342027,29.5
1,0,1377700185.00163,36.660704,126.342027,29.3
1,0,1377700185.21173,36.660704,126.342027,29.1
1,0,1377700185.41161,36.660704,126.342027,28.9
1,0,1377700185.61168,36.660704,126.342027,28.8
1,0,1377700185.81165,36.660704,126.342028,28.6
1,0,1377700186.0019,36.660704,126.342028,28.4
1,0,1377700186.20167,36.660704,126.342028,28.2
1,0,1377700186.4017,36.660704,126.342028,28
1,0,1377700186.61174,36.660704,126.342029,27.8
1,0,1377700186.81175,36.660704,126.342029,27.6
1,0,1377700187.01177,36.660704,126.342029,27.4
1,0,1377700187.20191,36.660704,126.342029,27.2
1,0,1377700187.40179,36.660704,126.342029,27
1,0,1377700187.60183,36.660704,126.342029,26.8
1,0,1377700187.80199,36.660704,126.342029,26.6
1,0,1377700188.01184,36.660704,126.342029,26.4
1,0,1377700188.2119,36.660704,126.342029,26.2
1,0,1377700188.41188,36.660704,126.342029,26
1,0,1377700188.60197,36.660704,126.342029,25.8
1,0,1377700188.80196,36.660704,126.342029,25.6
1,0,1377700189.00201,36.660703,126.342029,25.5
1,0,1377700189.20201,36.660703,126.34203,25.3
1,0,1377700189.41203,36.660703,126.342029,25.1
1,0,1377700189.61197,36.660703,126.342029,24.9
1,0,1377700189.81209,36.660703,126.342029,24.7
1,0,1377700190.00214,36.660704,126.342029,24.5
1,0,1377700190.20237,36.660703,126.342029,24.3
1,0,1377700190.4024,36.660703,126.342029,24.1
1,0,1377700190.60238,36.660703,126.342029,23.9
1,0,1377700190.8024,36.660703,126.342029,23.7
1,0,1377700191.01229,36.660703,126.342029,23.5
1,0,1377700191.21219,36.660703,126.342029,23.3
1,0,1377700191.40218,36.660703,126.342029,23.1
1,0,1377700191.60238,36.660704,126.342029,22.9
1,0,1377700191.80238,36.660704,126.342029,22.7
1,0,1377700192.00225,36.660704,126.342029,22.5
1,0,1377700192.21235,36.660704,126.342028,22.3
1,0,1377700192.41234,36.660704,126.342028,22.1
1,0,1377700192.60245,36.660704,126.342028,21.9
1,0,1377700192.80249,36.660705,126.342027,21.7
1,0,1377700193.0025,36.660705,126.342027,21.5
1,0,1377700193.20249,36.660704,126.342027,21.3
1,0,1377700193.4024,36.660704,126.342027,21.1
1,0,1377700193.61238,36.660704,126.342026,20.9
1,0,1377700193.81244,36.660704,126.342026,20.7
1,0,1377700194.00242,36.660704,126.342026,20.5
1,0,1377700194.2026,36.660704,126.342026,20.3
1,0,1377700194.40259,36.660704,126.342026,20.1
1,0,1377700194.60259,36.660705,126.342027,19.9
1,0,1377700194.80271,36.660705,126.342027,19.7
1,0,1377700195.01251,36.660705,126.342027,19.5
1,0,1377700195.21251,36.660705,126.342027,19.3
1,0,1377700195.40269,36.660705,126.342027,19.1
1,0,1377700195.6027,36.660705,126.342028,18.9
1,0,1377700195.80259,36.660705,126.342028,18.7
1,0,1377700196.00257,36.660705,126.342028,18.5
1,0,1377700196.20276,36.660705,126.342028,18.3
1,0,1377700196.41262,36.660705,126.342028,18.1
1,0,1377700196.6127,36.660704,126.342028,17.9
1,0,1377700196.80279,36.660704,126.342028,17.7
1,0,1377700197.00265,36.660704,126.342028,17.6
1,0,1377700197.20289,36.660704,126.342028,17.4
1,0,1377700197.40288,36.660704,126.342028,17.2
1,0,1377700197.60272,36.660703,126.342028,17
1,0,1377700197.81276,36.660703,126.342028,16.8
1,0,1377700198.0128,36.660703,126.342028,16.6
1,0,1377700198.20278,36.660703,126.342028,16.4
1,0,1377700198.40303,36.660703,126.342028,16.3
1,0,1377700198.60278,36.660703,126.342028,16.1
1,0,1377700198.80298,36.660703,126.342029,15.9
1,0,1377700199.00301,36.660703,126.342029,15.7
1,0,1377700199.21283,36.660703,126.342029,15.5
1,0,1377700199.40305,36.660703,126.342029,15.3
1,0,1377700199.60301,36.660703,126.34203,15.1
1,0,1377700199.80289,36.660704,126.34203,14.9
1,0,1377700200.00295,36.660704,126.34203,14.7
1,0,1377700200.20296,36.660704,126.34203,14.5
1,0,1377700200.403,36.660704,126.34203,14.3
1,0,1377700200.61299,36.660704,126.342029,14.1
1,0,1377700200.80302,36.660704,126.342029,13.9
1,0,1377700201.00304,36.660704,126.342029,13.7
1,0,1377700201.20316,36.660704,126.342029,13.5
1,0,1377700201.40318,36.660704,126.342029,13.3
1,0,1377700201.60305,36.660704,126.342029,13.1
1,0,1377700201.80315,36.660704,126.342029,12.9
1,0,1377700202.01312,36.660704,126.342029,12.7
1,0,1377700202.20326,36.660704,126.342028,12.5
1,0,1377700202.40328,36.660704,126.342028,12.3
1,0,1377700202.60338,36.660704,126.342028,12.1
1,0,1377700202.80339,36.660704,126.342028,11.9
1,0,1377700203.00333,36.660704,126.342028,11.7
1,0,1377700203.2032,36.660704,126.342028,11.5
1,0,1377700203.41329,36.660703,126.342028,11.3
1,0,1377700203.60343,36.660703,126.342028,11.1
1,0,1377700203.80327,36.660703,126.342028,10.9
1,0,1377700204.00347,36.660703,126.342028,10.7
1,0,1377700204.20343,36.660703,126.342028,10.5
1,0,1377700204.40334,36.660704,126.342028,10.3
1,0,1377700204.60339,36.660704,126.342028,10.1
1,0,1377700204.80348,36.660704,126.342028,9.9
1,0,1377700205.00353,36.660704,126.342028,9.7
1,0,1377700205.20344,36.660704,126.342028,9.5
1,0,1377700205.40341,36.660704,126.342028,9.3
1,0,1377700205.60343,36.660704,126.342028,9.1
1,0,1377700205.80347,36.660704,126.342028,8.9
1,0,1377700206.00346,36.660704,126.342028,8.7
1,0,1377700206.20352,36.660704,126.342028,8.5
1,0,1377700206.40358,36.660704,126.342029,8.2
1,0,1377700206.60354,36.660705,126.342029,8
1,0,1377700206.80357,36.660705,126.342029,7.8
1,0,1377700207.00373,36.660705,126.342029,7.7
1,0,1377700207.20379,36.660705,126.34203,7.5
1,0,1377700207.4036,36.660705,126.34203,7.3
1,0,1377700207.60379,36.660705,126.34203,7.1
1,0,1377700207.80382,36.660705,126.34203,6.9
1,0,1377700208.00371,36.660705,126.34203,6.7
1,0,1377700208.20383,36.660705,126.34203,6.5
1,0,1377700208.40372,36.660704,126.34203,6.3
1,0,1377700208.60387,36.660704,126.342029,6.1
1,0,1377700208.80377,36.660704,126.342029,5.9
1,0,1377700209.00402,36.660703,126.342029,5.8
1,0,1377700209.20378,36.660703,126.342029,5.6
1,0,1377700209.4038,36.660703,126.342029,5.4
1,0,1377700209.60387,36.660703,126.342029,5.2
1,0,1377700209.804,36.660703,126.342029,5
1,0,1377700210.00403,36.660703,126.342029,4.8
1,0,1377700210.20393,36.660703,126.342029,4.6
1,0,1377700210.40408,36.660703,126.342029,4.4
1,0,1377700210.6041,36.660703,126.342029,4.2
1,0,1377700210.80413,36.660703,126.342029,4
1,0,1377700211.00411,36.660703,126.34203,3.8
1,0,1377700211.204,36.660703,126.342029,3.6
1,0,1377700211.40402,36.660703,126.342029,3.4
1,0,1377700211.60403,36.660703,126.342029,3.2
1,0,1377700211.80403,36.660703,126.342029,3
1,0,1377700212.00405,36.660703,126.342029,2.8
1,0,1377700212.20407,36.660703,126.342028,2.6
1,0,1377700212.40416,36.660704,126.342028,2.4
1,0,1377700212.60425,36.660704,126.342028,2.2
1,0,1377700212.8043,36.660704,126.342027,2
1,0,1377700213.00435,36.660704,126.342027,1.8
1,0,1377700213.20434,36.660704,126.342027,1.6
1,0,1377700213.40434,36.660704,126.342027,1.4
1,0,1377700213.60424,36.660704,126.342027,1.2
1,0,1377700213.80423,36.660704,126.342027,1
1,0,1377700214.00444,36.660704,126.342027,0.8
1,0,1377700214.20431,36.660704,126.342027,0.6
1,0,1377700214.40437,36.660704,126.342028,0.4
1,0,1377700214.60434,36.660704,126.342028,0.2
1,0,1377700214.80435,36.660704,126.342028,0
1,0,1377700215.00437,36.660704,126.342028,-0.2
1,0,1377700215.2046,36.660704,126.342028,-0.4
1,0,1377700215.40454,36.660704,126.342028,-0.6
1,0,1377700215.60446,36.660704,126.342027,-0.7
1,0,1377700215.80466,36.660704,126.342027,-0.9
1,0,1377700216.0046,36.660704,126.342027,-0.9
1,0,1377700216.20467,36.660703,126.342027,-1
1,0,1377700216.40469,36.660703,126.342027,-1
1,0,1377700216.60454,36.660703,126.342027,-1.1
1,0,1377700216.80462,36.660703,126.342027,-1.1
1,0,1377700217.0047,36.660702,126.342027,-1.1
1,0,1377700217.20458,36.660702,126.342027,-1.1
1,0,1377700217.40461,36.660702,126.342027,-1.1
1,0,1377700217.60468,36.660702,126.342027,-1.1
1,0,1377700217.80465,36.660702,126.342027,-1.1
1,0,1377700218.00466,36.660702,126.342027,-1.1
1,0,1377700218.20467,36.660702,126.342027,-1.1
1,0,1377700218.40472,36.660701,126.342027,-1.1
1,0,1377700218.60473,36.660701,126.342026,-1.2
1,0,1377700218.80474,36.660701,126.342026,-1.2
1,0,1377700219.0048,36.660701,126.342026,-1.2
1,0,1377700219.20486,36.660701,126.342026,-1.2
1,0,1377700219.40483,36.660701,126.342026,-1.3
1,0,1377700219.60483,36.660701,126.342026,-1.3
1,0,1377700219.80489,36.660701,126.342026,-1.3
1,0,1377700220.00488,36.660701,126.342026,-1.3
1,0,1377700220.20493,36.660701,126.342026,-1.4
1,0,1377700220.40491,36.6607,126.342026,-1.4
1,0,1377700220.60495,36.6607,126.342026,-1.4
1,0,1377700220.80502,36.6607,126.342026,-1.4
1,0,1377700221.00498,36.6607,126.342026,-1.4
1,0,1377700221.205,36.6607,126.342026,-1.4
1,0,1377700221.40513,36.6607,126.342026,-1.5
1,0,1377700221.60507,36.6607,126.342026,-1.5
1,0,1377700221.80508,36.6607,126.342026,-1.5
1,0,1377700222.00517,36.6607,126.342026,-1.5
1,0,1377700222.2051,36.6607,126.342026,-1.5
1,0,1377700222.40512,36.6607,126.342026,-1.6
1,0,1377700222.60519,36.6607,126.342026,-1.6
1,0,1377700222.80518,36.660699,126.342026,-1.6
1,0,1377700223.00522,36.660699,126.342026,-1.6
1,0,1377700223.20528,36.660699,126.342026,-1.6
1,0,1377700223.40526,36.660699,126.342026,-1.6
1,0,1377700223.60526,36.660699,126.342025,-1.6
1,0,1377700223.80527,36.660699,126.342025,-1.6
1,0,1377700224.00536,36.660699,126.342025,-1.6
1,0,1377700224.20547,36.660699,126.342025,-1.6
1,0,1377700224.40535,36.660698,126.342025,-1.6
1,0,1377700224.60539,36.660698,126.342025,-1.6
1,0,1377700224.80539,36.660698,126.342025,-1.6
1,0,1377700225.00545,36.660698,126.342025,-1.6
1,0,1377700225.20542,36.660698,126.342025,-1.6
1,0,1377700225.40548,36.660698,126.342025,-1.6
1,0,1377700225.60547,36.660698,126.342025,-1.6
1,0,1377700225.80551,36.660698,126.342025,-1.6
1,0,1377700226.00566,36.660697,126.342025,-1.6
1,0,1377700226.20553,36.660697,126.342025,-1.6
1,0,1377700226.40555,36.660697,126.342024,-1.6
1,0,1377700226.60574,36.660697,126.342024,-1.6
1,0,1377700226.80564,36.660697,126.342024,-1.6
1,0,1377700227.00578,36.660697,126.342024,-1.6
1,0,1377700227.2058,36.660697,126.342024,-1.6
1,0,1377700227.40587,36.660697,126.342024,-1.6
1,0,1377700227.60589,36.660697,126.342024,-1.6
1,0,1377700227.80573,36.660697,126.342024,-1.6
1,0,1377700228.00578,36.660697,126.342024,-1.5
1,0,1377700228.20584,36.660697,126.342024,-1.5
1,0,1377700228.40578,36.660696,126.342024,-1.5
1,0,1377700228.60575,36.660697,126.342024,-1.5
1,0,1377700228.80587,36.660697,126.342024,-1.5
1,0,1377700229.00591,36.660697,126.342024,-1.5
1,0,1377700229.206,36.660697,126.342024,-1.5
1,0,1377700229.4061,36.660696,126.342025,-1.4
1,0,1377700229.60591,36.660696,126.342025,-1.3
1,0,1377700229.80597,36.660695,126.342025,-1.1
1,0,1377700230.00599,36.660694,126.342026,-0.9
1,0,1377700230.206,36.660693,126.342027,-0.7
1,0,1377700230.40601,36.660692,126.342027,-0.6
1,0,1377700230.60602,36.66069,126.342027,-0.4
1,0,1377700230.80607,36.660688,126.342028,-0.4
1,0,1377700231.00606,36.660686,126.342028,-0.3
1,0,1377700231.20609,36.660683,126.342028,-0.2
1,0,1377700231.40615,36.660681,126.342029,-0.2
1,0,1377700231.60614,36.660678,126.342028,-0.2
1,0,1377700231.80616,36.660675,126.342028,-0.2
1,0,1377700232.00634,36.660672,126.342027,-0.2
1,0,1377700232.20629,36.660669,126.342026,-0.2
1,0,1377700232.40625,36.660666,126.342025,-0.2
1,0,1377700232.60629,36.660663,126.342025,-0.2
1,0,1377700232.80627,36.66066,126.342025,-0.2
1,0,1377700233.00628,36.660658,126.342024,-0.2
1,0,1377700233.20638,36.660655,126.342024,-0.1
1,0,1377700233.40634,36.660652,126.342024,-0.1
1,0,1377700233.60639,36.660649,126.342023,-0.1
1,0,1377700233.80651,36.660647,126.342022,-0.1
1,0,1377700234.00669,36.660644,126.342022,-0.1
1,0,1377700234.20648,36.660641,126.342022,-0
1,0,1377700234.40655,36.660639,126.342021,-0
1,0,1377700234.60659,36.660636,126.34202,-0
1,0,1377700234.80657,36.660634,126.342019,-0
1,0,1377700235.00666,36.660632,126.342019,0
1,0,1377700235.20667,36.660629,126.342018,0
1,0,1377700235.40687,36.660627,126.342018,0
1,0,1377700235.60672,36.660625,126.342017,0
1,0,1377700235.80676,36.660623,126.342016,0
1,0,1377700236.00678,36.660621,126.342016,0
1,0,1377700236.20681,36.66062,126.342015,0
1,0,1377700236.40674,36.660618,126.342014,0
1,0,1377700236.60678,36.660616,126.342014,0
1,0,1377700236.80676,36.660614,126.342013,0
1,0,1377700237.00682,36.660613,126.342013,0
1,0,1377700237.2069,36.660612,126.342012,0
1,0,1377700237.40691,36.66061,126.342012,0
1,0,1377700237.60699,36.660609,126.342012,0
1,0,1377700237.80686,36.660607,126.342011,0
1,0,1377700238.00708,36.660606,126.342011,-0
1,0,1377700238.20691,36.660605,126.34201,0
1,0,1377700238.40694,36.660604,126.34201,0
1,0,1377700238.60697,36.660602,126.34201,0
1,0,1377700238.80702,36.660601,126.34201,0
1,0,1377700239.00706,36.6606,126.34201,0
1,0,1377700239.20708,36.660599,126.34201,0
1,0,1377700239.40726,36.660599,126.34201,0.1
1,0,1377700239.60716,36.660598,126.34201,0.1
1,0,1377700239.80715,36.660598,126.34201,0.1
1,0,1377700240.00719,36.660598,126.34201,0.1
1,0,1377700240.20718,36.660598,126.342011,0.1
1,0,1377700240.40718,36.660597,126.342011,0.1
1,0,1377700240.60726,36.660597,126.342011,0.1
1,0,1377700240.80724,36.660597,126.34201,0.1
1,0,1377700241.00741,36.660597,126.34201,0.1
1,0,1377700241.20754,36.660596,126.34201,0.1
1,0,1377700241.40746,36.660596,126.342011,0.1
1,0,1377700241.60745,36.660595,126.342011,0.1
1,0,1377700241.80738,36.660595,126.342012,0
1,0,1377700242.00751,36.660594,126.342012,0
1,0,1377700242.20743,36.660594,126.342013,-0
1,0,1377700242.40738,36.660594,126.342013,-0.1
1,0,1377700242.60743,36.660594,126.342013,-0.2
1,0,1377700242.80744,36.660594,126.342013,-0.3
1,0,1377700243.00748,36.660594,126.342013,-0.4
1,0,1377700243.20748,36.660594,126.342013,-0.5
1,0,1377700243.40755,36.660593,126.342013,-0.6
1,0,1377700243.60752,36.660593,126.342013,-0.7
1,0,1377700243.8076,36.660593,126.342013,-0.8
1,0,1377700244.00763,36.660593,126.342013,-0.8
1,0,1377700244.20763,36.660593,126.342012,-0.8
1,0,1377700244.40762,36.660593,126.342012,-0.8
1,0,1377700244.6077,36.660593,126.342012,-0.8
1,0,1377700244.80766,36.660593,126.342012,-0.8
1,0,1377700245.00769,36.660592,126.342013,-0.7
1,0,1377700245.20772,36.660592,126.342013,-0.7
1,0,1377700245.40775,36.660592,126.342013,-0.7
1,0,1377700245.60789,36.660592,126.342014,-0.7
1,0,1377700245.80779,36.660592,126.342014,-0.7
1,0,1377700246.0078,36.660592,126.342014,-0.7
1,0,1377700246.20793,36.660592,126.342014,-0.7
1,0,1377700246.40792,36.660592,126.342014,-0.7
1,0,1377700246.60791,36.660592,126.342014,-0.7
1,0,1377700246.80814,36.660592,126.342015,-0.6
1,0,1377700247.00813,36.660592,126.342015,-0.6
1,0,1377700247.20821,36.660591,126.342015,-0.6
1,0,1377700247.40805,36.660591,126.342015,-0.6
1,0,1377700247.60801,36.660591,126.342015,-0.6
1,0,1377700247.80802,36.660591,126.342015,-0.5
1,0,1377700248.00818,36.660591,126.342015,-0.5
1,0,1377700248.20805,36.660591,126.342015,-0.5
1,0,1377700248.40808,36.660591,126.342015,-0.5
1,0,1377700248.60818,36.660591,126.342015,-0.5
1,0,1377700248.80814,36.660591,126.342015,-0.5
1,0,1377700249.00817,36.66059,126.342014,-0.4
1,0,1377700249.20821,36.66059,126.342014,-0.4
1,0,1377700249.40825,36.66059,126.342014,-0.4
1,0,1377700249.60822,36.660591,126.342014,-0.4
1,0,1377700249.8083,36.66059,126.342014,-0.4
1,0,1377700250.0083,36.66059,126.342014,-0.4
1,0,1377700250.20831,36.66059,126.342014,-0.4
1,0,1377700250.40833,36.66059,126.342014,-0.4
1,0,1377700250.60838,36.66059,126.342014,-0.4
1,0,1377700250.80838,36.66059,126.342014,-0.4
1,0,1377700251.00846,36.66059,126.342014,-0.4
1,0,1377700251.20847,36.66059,126.342014,-0.4
1,0,1377700251.40845,36.66059,126.342013,-0.4
1,0,1377700251.60847,36.66059,126.342013,-0.4
1,0,1377700251.80859,36.66059,126.342013,-0.4
1,0,1377700252.00851,36.66059,126.342013,-0.5
1,0,1377700252.20853,36.660589,126.342013,-0.5
1,0,1377700252.40861,36.660589,126.342013,-0.5
1,0,1377700252.60864,36.660589,126.342013,-0.6
1,0,1377700252.80878,36.660589,126.342013,-0.6
1,0,1377700253.00863,36.660589,126.342013,-0.6
1,0,1377700253.20874,36.660589,126.342014,-0.6
1,0,1377700253.39884,36.660589,126.342014,-0.6
1,0,1377700253.60379,36.660589,126.342014,-0.6
1,0,1377700253.80376,36.660589,126.342014,-0.6
1,0,1377700254.00397,36.66059,126.342015,-0.6
1,0,1377700254.20385,36.66059,126.342015,-0.6
1,0,1377700254.40386,36.660589,126.342015,-0.7
